/*
SOURCE: M2C/FLOW Environment

Login:
    U: hi@hello.com.au
    P: BlueOak4~!@#$%^&*()_+|`-=\{}[]:";'<>?,./

300540000191
    - multiple services (1 x electricity and 1 x water)
    - electricity and water billing at the same time
    - water is called 'Hot Water', electricity is called 'Air Conditioning'
    - billing does not fully line with the end of the month
    - quarterly billing
	
300540008491
    - single service (1 x electricity)
    - billing quarterly
    - electricity is called 'Air Conditioning'
    - not starting at the beginning of the month
    - small business account

301540005990
    - multiple services (1 x electricity, 1 x water)
    - all services are billed bi-monthly
    - the electricity is only production and it has 12+ month of data
	- the water is only consumption and it has 12+ month of data
	- has zero greenhouse gas
	
301600001095
    - multiple services (1 x electricity, 1 x water)
    - electricity billed monthly, water billed quarterly
    - billing does not line up with start of each month	

301650001193
    - multiple services (1 x electricity and 1 x water)
    - water is called Thermal, no change to electricity service name
    - water billing starts different time to electricity
    - monthly billing
	- has zero amount reported on the EXPORT stream for several months

303320001892 
    - start sometime in a month 
    - consumption only
    - single bill covering multiple months
    - single service

*/

SET NAMES utf8 ;
SET SQL_MODE='';
SET @OLD_UNIQUE_CHECKS=@@UNIQUE_CHECKS, UNIQUE_CHECKS=0 ;
SET @OLD_FOREIGN_KEY_CHECKS=@@FOREIGN_KEY_CHECKS, FOREIGN_KEY_CHECKS=0 ;
SET @OLD_SQL_MODE=@@SQL_MODE, SQL_MODE='NO_AUTO_VALUE_ON_ZERO' ;
SET @OLD_SQL_NOTES=@@SQL_NOTES, SQL_NOTES=0 ;


/*Data for the table `accounts` */

insert  into `accounts`(`id`,`name`,`date_entered`,`date_modified`,`modified_user_id`,`created_by`,`description`,`deleted`,`assigned_user_id`,`team_id`,`team_set_id`,`facebook`,`twitter`,`googleplus`,`account_type`,`industry`,`annual_revenue`,`phone_fax`,`billing_address_street`,`billing_address_city`,`billing_address_state`,`billing_address_postalcode`,`billing_address_country`,`rating`,`phone_office`,`phone_alternate`,`website`,`ownership`,`employees`,`ticker_symbol`,`shipping_address_street`,`shipping_address_city`,`shipping_address_state`,`shipping_address_postalcode`,`shipping_address_country`,`parent_id`,`sic_code`,`duns_num`,`campaign_id`,`engine_account_id`,`business_abn`,`reference_account`,`company`,`def_service_model_id`,`trading_name`,`account_number`,`service_model`,`primary_account_contact_id`,`bill_delivery_method`,`billing_address_1`,`billing_address_2`,`billing_address_3`,`billing_address_4`,`send_notice`) values 
('47d48e4d-8b8d-4264-e226-5b877d0000b7','tom &pr  jto.k rm.sc  cseo','2018-08-30 05:16:02','2018-09-10 02:54:01','4cd36760-cb33-1810-8c56-5abc7a75c882','4cd36760-cb33-1810-8c56-5abc7a75c882',NULL,0,'52fb44da-36d7-1130-4e44-5508b4176df7','1','1',NULL,NULL,NULL,'RESIDENTIAL',NULL,NULL,NULL,NULL,'Toowong','QLD','4066',NULL,NULL,NULL,NULL,NULL,NULL,NULL,NULL,NULL,NULL,NULL,NULL,NULL,NULL,NULL,NULL,'',14427,NULL,'No','','f3cdd9b9-7a58-f947-628f-56957da76ebc','','301540005990','customer_care','aa719ae2-3d91-d160-19f7-55ee4adde92a','post_only','Centra Toowong','Unit 1210/37 Archer St',NULL,NULL,'No'),
('4b9fdfdb-33b0-a586-c0b0-5d4034956579',' rceutpoiicnu','2019-07-30 12:14:02','2021-03-23 08:27:48','52fb44da-36d7-1130-4e44-5508b4176df7','1d8a5690-2d46-4d78-d9bb-5b877e68ef54',NULL,0,'52fb44da-36d7-1130-4e44-5508b4176df7','1','1',NULL,NULL,NULL,'RESIDENTIAL',NULL,NULL,NULL,NULL,'Maleny','QLD','4552',NULL,NULL,NULL,NULL,NULL,NULL,NULL,NULL,NULL,NULL,NULL,NULL,NULL,NULL,NULL,NULL,'',41886,NULL,'No',NULL,'f3cdd9b9-7a58-f947-628f-56957da76ebc',NULL,'303320001892','customer_care','aa719ae2-3d91-d160-19f7-55ee4adde92a','post_only','Maleny Grove','Unit 118','9 Palm Street',NULL,'Yes'),
('5964490e-0e4e-2be5-eb81-5ab06b8b9080','yrloaehngtroer tnodm','2018-03-20 02:02:57','2019-05-02 23:17:22','79fda54e-9325-8e98-65aa-5c3c2c39548c','7eaaf9ef-84f6-631d-32b9-5a289530543e',NULL,0,'52fb44da-36d7-1130-4e44-5508b4176df7','1','1',NULL,NULL,NULL,'SMALL_BUSINESS',NULL,NULL,NULL,NULL,'Chermside South','QLD','4032',NULL,NULL,NULL,NULL,NULL,NULL,NULL,NULL,NULL,NULL,NULL,NULL,NULL,NULL,NULL,NULL,'',5266,'43 343 589 981','No','Northern Dermatology','f3cdd9b9-7a58-f947-628f-56957da76ebc','Northern Dermatology','300540008491','customer_care','aa719ae2-3d91-d160-19f7-55ee4adde92a','post_only','Unit 1','39 Thomas Street',NULL,NULL,'No'),
('d7dc9422-4bee-2941-822d-5bd6685f78d6','piqdetltybila( )rlldb g ','2018-10-29 01:53:01','2018-10-29 01:53:01','f2a0ae41-c61b-974e-f36c-5949bb446189','f2a0ae41-c61b-974e-f36c-5949bb446189',NULL,0,'52fb44da-36d7-1130-4e44-5508b4176df7','1','1',NULL,NULL,NULL,'RESIDENTIAL',NULL,NULL,NULL,NULL,'BRISBANE','QLD','4000',NULL,NULL,NULL,NULL,NULL,NULL,NULL,NULL,NULL,NULL,NULL,NULL,NULL,NULL,NULL,NULL,NULL,17457,'','No','','f3cdd9b9-7a58-f947-628f-56957da76ebc','','301650001193','customer_care','aa719ae2-3d91-d160-19f7-55ee4adde92a','post_only','ACN 143 802 902','Unit 6411','222 Margaret Street',NULL,'No'),
('e3a28d34-b691-0101-ee62-594b69828402','e manjdcrw','2017-06-22 06:52:01','2021-03-23 08:27:45','52fb44da-36d7-1130-4e44-5508b4176df7','539a5869-27f1-d6d7-f32b-56957518718e',NULL,0,'52fb44da-36d7-1130-4e44-5508b4176df7','1','1',NULL,NULL,NULL,'RESIDENTIAL',NULL,NULL,NULL,NULL,'Chermside','QLD','4031',NULL,NULL,NULL,NULL,NULL,NULL,NULL,NULL,NULL,NULL,NULL,NULL,NULL,NULL,NULL,NULL,'',1835,NULL,'No',NULL,'f3cdd9b9-7a58-f947-628f-56957da76ebc',NULL,'300540000191','customer_care','aa719ae2-3d91-d160-19f7-55ee4adde92a','post_only','Evolve Apartments','Unit 102','39-41 Thomas St',NULL,'No'),
('e4d6d9b2-c3b6-411e-f37d-5baaf4729aa0','otynttsr  nrueouracej','2018-09-26 02:54:01','2019-06-26 23:23:55','79fda54e-9325-8e98-65aa-5c3c2c39548c','eab53a1a-65b8-9179-9a17-5a2895c6b1a6',NULL,0,'52fb44da-36d7-1130-4e44-5508b4176df7','1','1',NULL,NULL,NULL,'LARGE_COMMERCIAL',NULL,NULL,NULL,NULL,'Runaway Bay','QLD','4216',NULL,NULL,NULL,NULL,NULL,NULL,NULL,NULL,NULL,NULL,NULL,NULL,NULL,NULL,NULL,NULL,'',15757,'33815415234','No','Yeung and Soong Family Trust','f3cdd9b9-7a58-f947-628f-56957da76ebc','Enjoy Court Restaurant','301600001095','customer_care','aa719ae2-3d91-d160-19f7-55ee4adde92a','post_only','C/-M Yeung & S S Soong','Shop 12','Cnr Oxley Dr & Lae Dr',NULL,'No');

/*Data for the table `accounts_contacts` */

insert  into `accounts_contacts`(`id`,`contact_id`,`account_id`,`date_modified`,`primary_account`,`deleted`) values 
('1e367c3b-3dc1-11eb-b1ce-0aeb511989b6','aa719ae2-3d91-d160-19f7-55ee4adde92a','47d48e4d-8b8d-4264-e226-5b877d0000b7','2020-12-14 04:05:35',0,0),
('2e367d2d-3dc1-11eb-b1ce-0aeb511989b5','aa719ae2-3d91-d160-19f7-55ee4adde92a','4b9fdfdb-33b0-a586-c0b0-5d4034956579','2020-12-14 04:05:35',0,0),
('3e367cee-3dc1-11eb-b1ce-0aeb511989b4','aa719ae2-3d91-d160-19f7-55ee4adde92a','d7dc9422-4bee-2941-822d-5bd6685f78d6','2020-12-14 04:05:35',0,0),
('4e367ca3-3dc1-11eb-b1ce-0aeb511989b3','aa719ae2-3d91-d160-19f7-55ee4adde92a','e4d6d9b2-c3b6-411e-f37d-5baaf4729aa0','2020-12-14 04:05:35',0,0),
('5e367c3b-3dc1-11eb-b1ce-0aeb511989b2','aa719ae2-3d91-d160-19f7-55ee4adde92a','5964490e-0e4e-2be5-eb81-5ab06b8b9080','2020-12-14 04:05:35',0,0),
('6e367c3b-3dc1-11eb-b1ce-0aeb511989b1','aa719ae2-3d91-d160-19f7-55ee4adde92a','e3a28d34-b691-0101-ee62-594b69828402','2020-12-14 04:05:35',0,0);

/*Data for the table `bbcrm_contacts_notify_settings` */

insert  into `bbcrm_contacts_notify_settings`(`id`,`contact_id`,`notify_group`,`email`,`sms`,`postal`,`name`,`description`,`deleted`,`assigned_user_id`,`created_by`,`date_entered`,`modified_user_id`,`date_modified`) values 
('639cd714-5dcc-bfcf-488b-6059a6be8dc8','aa719ae2-3d91-d160-19f7-55ee4adde92a','BILLS','F','F','T',NULL,NULL,0,NULL,NULL,NULL,NULL,NULL),
('651cf10a-fbc3-0fa0-8613-6059a6b9aa3d','aa719ae2-3d91-d160-19f7-55ee4adde92a','REMINDERS','T','F','F',NULL,NULL,0,NULL,NULL,NULL,NULL,NULL),
('66dc7070-458b-1bb3-dea3-6059a674d5b6','aa719ae2-3d91-d160-19f7-55ee4adde92a','ACCOUNT_ISSUES','T','F','F',NULL,NULL,0,NULL,NULL,NULL,NULL,NULL),
('680b9807-29f9-4d23-9d2f-6059a6943f2f','aa719ae2-3d91-d160-19f7-55ee4adde92a','ACCOUNT_CHANGES','T','F','F',NULL,NULL,0,NULL,NULL,NULL,NULL,NULL),
('69852824-4a9a-f768-b791-6059a6faf41d','aa719ae2-3d91-d160-19f7-55ee4adde92a','MARKETING','T','F','F',NULL,NULL,0,NULL,NULL,NULL,NULL,NULL);

/*Data for the table `bbdef_account_category` */

insert  into `bbdef_account_category`(`name`,`description`) values 
('BUILDER','builder type of account'),
('COMMON_AREA','common area'),
('COMMUNITY_SOLAR','Community Solar'),
('DEVELOPER','developer type of account'),
('HOLIDAY','Holiday Let'),
('LETTING_POOL','Holiday Rental or Letting'),
('LOCK_UP','Lock Up'),
('MANAGER','manager type of account'),
('MANAGING_AGENT','Managing Agent authorised by prop owner'),
('MARKET_COMMON_AREA','market contract, common area'),
('MARKET_DEVELOPER','market contract, developer'),
('OWNER','owner'),
('RUM','Property Manager or Letting Agent'),
('SITE_PAYBACK','BC Site Payback'),
('TENANT','general tenant'),
('UNKNOWN_OCCUPANT','Unknown Occupant');

/*Data for the table `bbeng_account_details` */

insert  into `bbeng_account_details`(`id`,`type`,`version`,`account_name`,`account_number`,`address_1`,`address_2`,`address_3`,`address_4`,`suburb`,`state`,`postcode`,`country`,`reference_status`,`vip_account`,`payment_period`,`account_type`,`account_category`,`bill_delivery`,`collection_required`,`strategy_id`,`in_hardship`,`aggregate_charges`,`snp_site_id`,`snp_account_details`,`snp_dispute_complaint`,`snp_life_support_status`,`snp_account_open`,`snp_open_date`,`snp_close_date`,`snp_final_billed`,`snp_hst_atb_finished`,`snp_network_area`,`snp_tenancy_address`,`snp_tenancy_suburb`,`snp_tenancy_state`,`snp_tenancy_postcode`,`snp_service_type`,`snp_cnsmp_profile`,`snp_on_market_status`,`snp_market_identifier`,`snp_payment_plan_count`,`name`,`description`,`deleted`,`assigned_user_id`,`created_by`,`modified_user_id`,`team_id`,`team_set_id`,`date_entered`,`date_modified`) values 
(1835,'utility','2017-06-30 02:32:06.000000','e manjdcrw',300540000191,'Evolve Apartments','Unit 102','39-41 Thomas St',NULL,'Chermside','QLD','4031',NULL,'F','F',0,'RESIDENTIAL','TENANT','EMAIL_ONLY','T',NULL,'F','T',91,'300540000191 (e manjdcrw)','F','F','T','2017-04-08',NULL,'F',NULL,'ENRGX,SEQW','102 39-41 Thomas ST','Chermside','QLD','4031','electricity,water',NULL,'O',NULL,0,NULL,NULL,0,NULL,NULL,NULL,NULL,NULL,NULL,NULL),
(5266,'utility','2019-05-02 23:17:22.000000','yrloaehngtroer tnodm',300540008491,'Unit 1','39 Thomas Street',NULL,NULL,'Chermside South','QLD','4032',NULL,'F','F',0,'SMALL_BUSINESS','TENANT','EMAIL_ONLY','T',NULL,'F','T',91,'300540008491 (yrloaehngtroer tnodm)','F','F','T','2017-05-05',NULL,'F',NULL,'ENRGX','RET1 39-41 Thomas ST','Chermside','QLD','4031','electricity',NULL,'O',NULL,0,NULL,NULL,0,NULL,NULL,'79fda54e-9325-8e98-65aa-5c3c2c39548c',NULL,NULL,NULL,'2019-05-02 23:17:22'),
(14427,'utility','2018-09-10 02:55:20.000000','tom &pr  jto.k rm.sc  cseo',301540005990,'Centra Toowong','Unit 1210/37 Archer St',NULL,NULL,'Toowong','QLD','4066',NULL,'F','F',0,'RESIDENTIAL','OWNER','EMAIL_ONLY','T',NULL,'F','T',211,'301540005990 (tom &pr  jto.k rm.sc  cseo)','F','F','T','2018-06-14',NULL,'F',NULL,'ENRGX,SEQW','1210 37 Archer ST','Toowong','QLD','4066','electricity,water',NULL,'O',NULL,0,NULL,NULL,0,NULL,'4cd36760-cb33-1810-8c56-5abc7a75c882','4cd36760-cb33-1810-8c56-5abc7a75c882',NULL,NULL,'2018-08-30 05:16:39','2018-09-10 02:55:20'),
(15757,'utility','2019-06-26 23:23:56.000000','otynttsr  nrueouracej',301600001095,'C/-M Yeung & S S Soong','Shop 12','Cnr Oxley Dr & Lae Dr',NULL,'Runaway Bay','QLD','4216',NULL,'F','F',0,'LARGE_COMMERCIAL','TENANT','EMAIL_ONLY','T',NULL,'F','T',217,'301600001095 (otynttsr  nrueouracej)','F','F','T','2018-07-02',NULL,'F',NULL,'ENRGX,SEQW','12 128 Lae DR','Runaway Bay','QLD','4216','electricity,water',NULL,'O',NULL,0,NULL,NULL,0,NULL,'eab53a1a-65b8-9179-9a17-5a2895c6b1a6','79fda54e-9325-8e98-65aa-5c3c2c39548c',NULL,NULL,'2018-09-26 02:54:08','2019-06-26 23:23:56'),
(17457,'utility','2018-10-29 01:53:16.000000','piqdetltybila( )rlldb g ',301650001193,'ACN 143 802 902','Unit 6411','222 Margaret Street',NULL,'BRISBANE','QLD','4000',NULL,'F','F',0,'RESIDENTIAL','DEVELOPER','POST_ONLY','T',NULL,'F','T',228,'301650001193 (piqdetltybila( )rlldb g )','F','F','T','2018-09-16',NULL,'F',NULL,'SEQW,ENRGX','Unit 6411 222 Margaret ST','BRISBANE','QLD','4000','water,electricity',NULL,'O',NULL,0,NULL,NULL,0,NULL,'f2a0ae41-c61b-974e-f36c-5949bb446189','f2a0ae41-c61b-974e-f36c-5949bb446189',NULL,NULL,'2018-10-29 01:53:16','2018-10-29 01:53:16'),
(41886,'utility','2020-03-03 22:53:01.000000',' rceutpoiicnu',303320001892,'Maleny Grove','Unit 118','9 Palm Street',NULL,'Maleny','QLD','4552',NULL,'F','F',0,'RESIDENTIAL','UNIT_OCCUPIER','POST_ONLY','T',NULL,'F','T',447,'303320001892 ( rceutpoiicnu)','F','F','T','2019-08-29',NULL,'F',NULL,'ENRGX','Unit 118 9 Palm ST','Maleny','QLD','4552','electricity',NULL,'O',NULL,0,NULL,NULL,0,NULL,'1d8a5690-2d46-4d78-d9bb-5b877e68ef54','899303ae-85f0-15ae-8004-57073961104b',NULL,NULL,'2019-07-30 12:14:11','2020-03-03 22:53:01');

/*Data for the table `bbeng_account_service_points` */

insert  into `bbeng_account_service_points`(`id`,`type`,`version`,`account_id`,`service_point_id`,`charge_profile_id`,`attach_start`,`attach_end`,`closed`,`life_support`,`consumption_ratio`,`cancelled`,`snp_on_market_status`,`name`,`description`,`deleted`,`assigned_user_id`,`created_by`,`modified_user_id`,`team_id`,`team_set_id`,`date_entered`,`date_modified`) values 
(5219,'utility','2017-06-30 02:34:04.000000',1835,2827,141,'2017-04-08',NULL,'F','F',1.00000000,'F','O',NULL,NULL,0,NULL,NULL,NULL,NULL,NULL,NULL,NULL),
(5220,'utility','2017-06-30 02:34:04.000000',1835,2902,142,'2017-04-08',NULL,'F','F',1.00000000,'F','O',NULL,NULL,0,NULL,NULL,NULL,NULL,NULL,NULL,NULL),
(10436,'utility','2019-05-02 23:17:22.000000',5266,2899,141,'2017-05-05',NULL,'F','F',1.00000000,'F','O',NULL,NULL,0,NULL,NULL,NULL,NULL,NULL,NULL,NULL),
(24754,'utility','2018-09-10 04:45:39.000000',14427,15029,402,'2018-07-16',NULL,'F','F',1.00000000,'F','O',NULL,NULL,0,NULL,'4cd36760-cb33-1810-8c56-5abc7a75c882','4cd36760-cb33-1810-8c56-5abc7a75c882',NULL,NULL,'2018-09-10 02:55:20','2018-09-10 04:45:39'),
(24755,'utility','2018-09-10 02:55:20.000000',14427,14472,390,'2018-06-14',NULL,'F','F',1.00000000,'F','O',NULL,NULL,0,NULL,'4cd36760-cb33-1810-8c56-5abc7a75c882','4cd36760-cb33-1810-8c56-5abc7a75c882',NULL,NULL,'2018-09-10 02:55:20','2018-09-10 02:55:20'),
(25556,'utility','2019-06-26 23:23:56.000000',15757,15596,416,'2018-08-01',NULL,'F','F',1.00000000,'F','O',NULL,NULL,0,NULL,'eab53a1a-65b8-9179-9a17-5a2895c6b1a6','eab53a1a-65b8-9179-9a17-5a2895c6b1a6',NULL,NULL,'2018-09-26 02:54:08','2018-09-26 02:54:08'),
(25557,'utility','2020-05-12 09:23:31.000000',15757,15610,417,'2018-07-02',NULL,'F','F',1.00000000,'F','O',NULL,NULL,0,NULL,'eab53a1a-65b8-9179-9a17-5a2895c6b1a6','1d8a5690-2d46-4d78-d9bb-5b877e68ef54',NULL,NULL,'2018-09-26 02:54:08','2020-05-12 09:23:31'),
(28061,'utility','2018-10-29 01:53:16.000000',17457,17390,617,'2018-09-16',NULL,'F','F',1.00000000,'F','O',NULL,NULL,0,NULL,'f2a0ae41-c61b-974e-f36c-5949bb446189','f2a0ae41-c61b-974e-f36c-5949bb446189',NULL,NULL,'2018-10-29 01:53:16','2018-10-29 01:53:16'),
(65370,'utility','2019-07-25 00:44:39.000000',17457,38097,813,'2019-06-02',NULL,'F','F',1.00000000,'F','O',NULL,NULL,0,NULL,NULL,NULL,NULL,NULL,NULL,NULL),
(68066,'utility','2020-03-03 22:53:01.000000',41886,39379,843,'2019-08-29',NULL,'F','F',1.00000000,'F','O',NULL,NULL,0,NULL,'1d8a5690-2d46-4d78-d9bb-5b877e68ef54','899303ae-85f0-15ae-8004-57073961104b',NULL,NULL,'2019-07-30 12:14:11','2020-03-03 22:52:04');

/*Data for the table `bbeng_account_transactions` */

insert  into `bbeng_account_transactions`(`id`,`type`,`version`,`account_id`,`document_date`,`posted_date`,`reference_only`,`invoice_number`,`item_code`,`description`,`amount`,`tax`,`outstanding`,`due_date`,`disc_avail`,`disc_date`,`pay_method`,`accounting_posted`,`accounting_access_id`,`payment_plan_id`,`payment_plan_allocation`,`parent_id`,`parent_relationship`,`fee_amount`,`fee_tax`,`bill_id_potd`,`bill_id_associated`,`name`,`deleted`,`assigned_user_id`,`created_by`,`modified_user_id`,`team_id`,`team_set_id`,`date_entered`,`date_modified`) values 
(8535,'bnv','2017-11-21 19:55:04.000000',1835,'2017-06-30','2017-06-30','F','000000040-0','5-1108','Mar-2017 to May-2017 Electricity Supply Charge',20.38,2.04,22.42,'2017-07-19',0.00,NULL,NULL,NULL,NULL,NULL,NULL,NULL,NULL,NULL,NULL,NULL,NULL,NULL,0,NULL,NULL,NULL,NULL,NULL,NULL,NULL),
(8536,'bnv','2017-06-30 05:16:51.000000',1835,'2017-06-30','2017-06-30','F','000000040-0','4-1128','Mar-2017 to May-2017 Gas',136.80,13.68,150.48,'2017-07-19',0.00,NULL,NULL,NULL,NULL,NULL,NULL,NULL,NULL,NULL,NULL,NULL,NULL,NULL,0,NULL,NULL,NULL,NULL,NULL,NULL,NULL),
(8537,'bnv','2017-06-30 05:16:51.000000',1835,'2017-06-30','2017-06-30','F','000000040-0','4-1101','Mar-2017 to May-2017 Electricity',102.11,10.21,112.32,'2017-07-19',0.00,NULL,NULL,NULL,NULL,NULL,NULL,NULL,NULL,NULL,NULL,NULL,NULL,NULL,0,NULL,NULL,NULL,NULL,NULL,NULL,NULL),
(8949,'pay','2017-06-30 20:00:08.000000',1835,'2017-06-30','2017-06-30','F','PAY000000021',NULL,NULL,-285.22,NULL,NULL,NULL,NULL,NULL,'BPAY',NULL,NULL,NULL,NULL,NULL,NULL,NULL,NULL,NULL,NULL,NULL,0,NULL,NULL,NULL,NULL,NULL,NULL,NULL),
(12478,'bnv','2017-09-19 03:12:56.000000',1835,'2017-09-19','2017-09-19','F','000000099-0','4-1128','Jun-2017 to Sep-2017 Gas',327.60,32.76,360.36,'2017-10-09',0.00,NULL,NULL,NULL,NULL,NULL,NULL,NULL,NULL,NULL,NULL,NULL,NULL,NULL,0,NULL,NULL,NULL,NULL,NULL,NULL,NULL),
(12479,'bnv','2017-09-19 03:12:56.000000',1835,'2017-09-19','2017-09-19','F','000000099-0','4-1101','Jun-2017 to Sep-2017 Electricity',137.25,13.73,150.98,'2017-10-09',0.00,NULL,NULL,NULL,NULL,NULL,NULL,NULL,NULL,NULL,NULL,NULL,NULL,NULL,0,NULL,NULL,NULL,NULL,NULL,NULL,NULL),
(12480,'bnv','2017-11-21 19:55:04.000000',1835,'2017-09-19','2017-09-19','F','000000099-0','5-1108','Jun-2017 to Sep-2017 Service Fee',29.92,2.99,32.91,'2017-10-09',0.00,NULL,NULL,NULL,NULL,NULL,NULL,NULL,NULL,NULL,NULL,NULL,NULL,NULL,0,NULL,NULL,NULL,NULL,NULL,NULL,NULL),
(12734,'pay','2017-09-21 20:30:04.000000',1835,'2017-09-21','2017-09-21','F','PAY000000650',NULL,NULL,-552.41,NULL,NULL,NULL,NULL,NULL,'INTERNET',NULL,NULL,NULL,NULL,NULL,NULL,NULL,NULL,NULL,NULL,NULL,0,NULL,NULL,NULL,NULL,NULL,NULL,NULL),
(12735,'adj','2017-12-12 23:06:52.000000',1835,'2017-09-21','2017-12-13','F','ADJ000012735','6-1101','Visa Surcharge',7.42,0.74,0.00,NULL,NULL,NULL,NULL,NULL,NULL,NULL,NULL,12734,'PROCESSING_FEE',NULL,NULL,NULL,NULL,NULL,0,NULL,NULL,NULL,NULL,NULL,NULL,NULL),
(19559,'bnv','2017-12-12 23:06:52.000000',1835,'2017-12-13','2017-12-13','F','000000166-0','5-1108','Sep-2017 to Dec-2017 Service Fee',29.59,2.96,32.55,'2018-01-03',0.00,NULL,NULL,NULL,NULL,NULL,NULL,NULL,NULL,NULL,NULL,NULL,NULL,NULL,0,NULL,NULL,NULL,NULL,NULL,NULL,NULL),
(19560,'bnv','2017-12-12 23:06:52.000000',1835,'2017-12-13','2017-12-13','F','000000166-0','4-1128','Sep-2017 to Dec-2017 Gas',273.98,27.40,301.38,'2018-01-03',0.00,NULL,NULL,NULL,NULL,NULL,NULL,NULL,NULL,NULL,NULL,NULL,NULL,NULL,0,NULL,NULL,NULL,NULL,NULL,NULL,NULL),
(19561,'bnv','2017-12-12 23:06:52.000000',1835,'2017-12-13','2017-12-13','F','000000166-0','4-1101','Sep-2017 to Dec-2017 Electricity',159.07,15.91,174.98,'2018-01-03',0.00,NULL,NULL,NULL,NULL,NULL,NULL,NULL,NULL,NULL,NULL,NULL,NULL,NULL,0,NULL,NULL,NULL,NULL,NULL,NULL,NULL),
(21005,'pay','2017-12-31 20:15:03.000000',1835,'2017-12-31','2017-12-31','F','PAY000002038',NULL,NULL,-516.54,NULL,NULL,NULL,NULL,NULL,'INTERNET',NULL,NULL,NULL,NULL,NULL,NULL,NULL,NULL,NULL,NULL,NULL,0,NULL,NULL,NULL,NULL,NULL,NULL,NULL),
(21006,'adj','2018-03-16 06:08:39.000000',1835,'2017-12-31','2018-03-16','F','ADJ000021006','6-1101','Visa Surcharge',6.94,0.69,0.00,NULL,NULL,NULL,NULL,NULL,NULL,NULL,NULL,21005,'PROCESSING_FEE',NULL,NULL,NULL,NULL,NULL,0,NULL,NULL,NULL,NULL,NULL,NULL,NULL),
(36005,'bnv','2018-03-16 06:08:39.000000',1835,'2018-03-16','2018-03-16','F','000000238-0','5-1108','Dec-2017 to Mar-2018 Service Fee',29.59,2.96,32.55,'2018-04-06',0.00,NULL,NULL,NULL,NULL,NULL,NULL,NULL,NULL,NULL,NULL,NULL,NULL,NULL,0,NULL,NULL,NULL,NULL,NULL,NULL,NULL),
(36006,'bnv','2018-03-16 06:08:39.000000',1835,'2018-03-16','2018-03-16','F','000000238-0','4-1128','Dec-2017 to Mar-2018 Gas',204.04,20.40,224.44,'2018-04-06',0.00,NULL,NULL,NULL,NULL,NULL,NULL,NULL,NULL,NULL,NULL,NULL,NULL,NULL,0,NULL,NULL,NULL,NULL,NULL,NULL,NULL),
(36007,'bnv','2018-03-16 06:08:39.000000',1835,'2018-03-16','2018-03-16','F','000000238-0','4-1101','Dec-2017 to Mar-2018 Electricity',285.30,28.53,313.83,'2018-04-06',0.00,NULL,NULL,NULL,NULL,NULL,NULL,NULL,NULL,NULL,NULL,NULL,NULL,NULL,0,NULL,NULL,NULL,NULL,NULL,NULL,NULL),
(39118,'bnv','2018-03-29 04:05:10.000000',5266,'2018-03-29','2018-03-29','F','000000285-0','5-1108','Dec-2017 to Mar-2018 Service Fee',100.60,10.06,110.66,'2018-04-19',0.00,NULL,NULL,NULL,NULL,NULL,NULL,NULL,NULL,NULL,NULL,NULL,NULL,NULL,0,NULL,NULL,NULL,NULL,NULL,NULL,NULL),
(39119,'bnv','2018-03-29 04:05:10.000000',5266,'2018-03-29','2018-03-29','F','000000285-0','4-1101','Dec-2017 to Mar-2018 Electricity',2444.71,244.47,2689.18,'2018-04-19',0.00,NULL,NULL,NULL,NULL,NULL,NULL,NULL,NULL,NULL,NULL,NULL,NULL,NULL,0,NULL,NULL,NULL,NULL,NULL,NULL,NULL),
(39495,'pay','2018-04-05 01:06:47.000000',1835,'2018-04-02','2018-04-02','F','PAY000005677',NULL,NULL,-587.13,NULL,NULL,NULL,NULL,NULL,'INTERNET',NULL,NULL,NULL,NULL,NULL,NULL,7.89,0.79,NULL,NULL,NULL,0,NULL,NULL,NULL,NULL,NULL,NULL,NULL),
(39496,'adj','2018-04-05 01:06:47.000000',1835,'2018-04-02','2018-06-13','F','ADJ000039496','6-1101','Visa Surcharge',7.89,0.79,0.00,NULL,NULL,NULL,NULL,NULL,NULL,NULL,NULL,39495,'PROCESSING_FEE',NULL,NULL,NULL,NULL,NULL,0,NULL,NULL,NULL,NULL,NULL,NULL,NULL),
(46690,'pay','2018-04-17 20:00:12.000000',5266,'2018-04-17','2018-04-17','F','PAY000006348',NULL,NULL,-2799.84,NULL,NULL,NULL,NULL,NULL,'BPAY',NULL,NULL,NULL,NULL,NULL,NULL,NULL,NULL,NULL,NULL,NULL,0,NULL,NULL,NULL,NULL,NULL,NULL,NULL),
(82311,'bnv','2018-06-13 00:33:33.000000',1835,'2018-06-13','2018-06-13','F','000000345-0','5-1108','Mar-2018 to Jun-2018 Service Fee',30.25,3.03,33.28,'2018-07-02',0.00,NULL,NULL,NULL,NULL,NULL,NULL,NULL,NULL,NULL,NULL,NULL,NULL,NULL,0,NULL,NULL,NULL,NULL,NULL,NULL,NULL),
(82312,'bnv','2018-06-13 00:33:33.000000',1835,'2018-06-13','2018-06-13','F','000000345-0','4-1128','Mar-2018 to Jun-2018 Gas',244.32,24.43,268.75,'2018-07-02',0.00,NULL,NULL,NULL,NULL,NULL,NULL,NULL,NULL,NULL,NULL,NULL,NULL,NULL,0,NULL,NULL,NULL,NULL,NULL,NULL,NULL),
(82313,'bnv','2018-06-13 00:33:33.000000',1835,'2018-06-13','2018-06-13','F','000000345-0','4-1101','Mar-2018 to Jun-2018 Electricity',191.91,19.19,211.10,'2018-07-02',0.00,NULL,NULL,NULL,NULL,NULL,NULL,NULL,NULL,NULL,NULL,NULL,NULL,NULL,0,NULL,NULL,NULL,NULL,NULL,NULL,NULL),
(82343,'bnv','2018-06-13 00:33:34.000000',5266,'2018-06-13','2018-06-13','F','000000310-0','5-1108','Mar-2018 to Jun-2018 Service Fee',30.25,3.03,33.28,'2018-07-02',0.00,NULL,NULL,NULL,NULL,NULL,NULL,NULL,NULL,NULL,NULL,NULL,NULL,NULL,0,NULL,NULL,NULL,NULL,NULL,NULL,NULL),
(82344,'bnv','2018-06-13 00:33:34.000000',5266,'2018-06-13','2018-06-13','F','000000310-0','4-1101','Mar-2018 to Jun-2018 Electricity',1286.92,128.69,1415.61,'2018-07-02',0.00,NULL,NULL,NULL,NULL,NULL,NULL,NULL,NULL,NULL,NULL,NULL,NULL,NULL,0,NULL,NULL,NULL,NULL,NULL,NULL,NULL),
(85570,'pay','2018-06-18 20:15:04.000000',5266,'2018-06-18','2018-06-18','F','PAY000011531',NULL,NULL,-1448.89,NULL,NULL,NULL,NULL,NULL,'BPAY',NULL,NULL,NULL,NULL,NULL,NULL,NULL,NULL,NULL,NULL,NULL,0,NULL,NULL,NULL,NULL,NULL,NULL,NULL),
(91151,'pay','2018-07-02 08:06:58.000000',1835,'2018-07-02','2018-07-02','F','PAY000012602',NULL,NULL,-513.08,NULL,NULL,NULL,NULL,NULL,'INTERNET',NULL,NULL,NULL,NULL,NULL,NULL,6.89,0.69,NULL,NULL,NULL,0,NULL,NULL,NULL,NULL,NULL,NULL,NULL),
(91152,'adj','2018-07-02 08:06:58.000000',1835,'2018-07-02','2018-09-25','F','ADJ000091152','6-1101','Visa Surcharge',6.89,0.69,0.00,NULL,NULL,NULL,NULL,NULL,NULL,NULL,NULL,91151,'PROCESSING_FEE',NULL,NULL,NULL,NULL,NULL,0,NULL,NULL,NULL,NULL,NULL,NULL,NULL),
(144710,'bnv','2018-09-19 01:49:35.000000',14427,'2018-09-19','2018-09-19','F','000000041-0','4-1104','May-2018 to Jul-2018 Cold Water',35.97,3.60,39.57,'2018-10-09',0.00,NULL,NULL,NULL,NULL,NULL,NULL,NULL,NULL,NULL,NULL,NULL,NULL,NULL,0,NULL,NULL,NULL,NULL,NULL,NULL,NULL),
(144711,'bnv','2018-09-19 01:49:35.000000',14427,'2018-09-19','2018-09-19','F','000000041-0','5-1108','May-2018 to Jul-2018 Service Fee',27.30,2.73,30.03,'2018-10-09',0.00,NULL,NULL,NULL,NULL,NULL,NULL,NULL,NULL,NULL,NULL,NULL,NULL,NULL,0,NULL,NULL,NULL,NULL,NULL,NULL,NULL),
(144712,'bnv','2018-09-19 01:49:35.000000',14427,'2018-09-19','2018-09-19','F','000000041-0','4-1103','May-2018 to Jul-2018 Hot Water',185.71,18.57,204.28,'2018-10-09',0.00,NULL,NULL,NULL,NULL,NULL,NULL,NULL,NULL,NULL,NULL,NULL,NULL,NULL,0,NULL,NULL,NULL,NULL,NULL,NULL,NULL),
(144713,'bnv','2018-09-19 01:49:35.000000',14427,'2018-09-19','2018-09-19','F','000000041-0','4-1101','May-2018 to Jul-2018 Electricity',68.78,6.88,75.66,'2018-10-09',0.00,NULL,NULL,NULL,NULL,NULL,NULL,NULL,NULL,NULL,NULL,NULL,NULL,NULL,0,NULL,NULL,NULL,NULL,NULL,NULL,NULL),
(144714,'bnv','2018-09-19 01:49:35.000000',14427,'2018-09-19','2018-09-19','F','000000041-0','4-1131','May-2018 to Jul-2018 Gas Supply Charge',15.80,1.58,17.38,'2018-10-09',0.00,NULL,NULL,NULL,NULL,NULL,NULL,NULL,NULL,NULL,NULL,NULL,NULL,NULL,0,NULL,NULL,NULL,NULL,NULL,NULL,NULL),
(145633,'pay','2018-09-19 20:15:04.000000',14427,'2018-09-19','2018-09-19','F','PAY000021395',NULL,NULL,-366.92,NULL,NULL,NULL,NULL,NULL,'BPAY',NULL,NULL,NULL,NULL,NULL,NULL,NULL,NULL,NULL,NULL,NULL,0,NULL,NULL,NULL,NULL,NULL,NULL,NULL),
(149782,'bnv','2018-09-25 04:59:49.000000',1835,'2018-09-25','2018-09-25','F','000000395-0','5-1108','Jun-2018 to Sep-2018 Service Fee',30.96,3.10,34.06,'2018-10-15',0.00,NULL,NULL,NULL,NULL,NULL,NULL,NULL,NULL,NULL,NULL,NULL,NULL,NULL,0,NULL,NULL,NULL,NULL,NULL,NULL,NULL),
(149783,'bnv','2018-09-25 04:59:49.000000',1835,'2018-09-25','2018-09-25','F','000000395-0','4-1128','Jun-2018 to Sep-2018 Gas',351.26,35.13,386.39,'2018-10-15',0.00,NULL,NULL,NULL,NULL,NULL,NULL,NULL,NULL,NULL,NULL,NULL,NULL,NULL,0,NULL,NULL,NULL,NULL,NULL,NULL,NULL),
(149784,'bnv','2018-09-25 04:59:49.000000',1835,'2018-09-25','2018-09-25','F','000000395-0','4-1101','Jun-2018 to Sep-2018 Electricity',178.97,17.90,196.87,'2018-10-15',0.00,NULL,NULL,NULL,NULL,NULL,NULL,NULL,NULL,NULL,NULL,NULL,NULL,NULL,0,NULL,NULL,NULL,NULL,NULL,NULL,NULL),
(149811,'bnv','2018-09-25 04:59:51.000000',5266,'2018-09-25','2018-09-25','F','000000406-0','5-1108','Jun-2018 to Sep-2018 Service Fee',30.96,3.10,34.06,'2018-10-15',0.00,NULL,NULL,NULL,NULL,NULL,NULL,NULL,NULL,NULL,NULL,NULL,NULL,NULL,0,NULL,NULL,NULL,NULL,NULL,NULL,NULL),
(149812,'bnv','2018-09-25 04:59:51.000000',5266,'2018-09-25','2018-09-25','F','000000406-0','4-1101','Jun-2018 to Sep-2018 Electricity',959.96,96.00,1055.96,'2018-10-15',0.00,NULL,NULL,NULL,NULL,NULL,NULL,NULL,NULL,NULL,NULL,NULL,NULL,NULL,0,NULL,NULL,NULL,NULL,NULL,NULL,NULL),
(160031,'pay','2018-10-01 20:15:04.000000',5266,'2018-09-30','2018-10-01','F','PAY000023471',NULL,NULL,-1090.02,NULL,NULL,NULL,NULL,NULL,'BPAY',NULL,NULL,NULL,NULL,NULL,NULL,NULL,NULL,NULL,NULL,NULL,0,NULL,NULL,NULL,NULL,NULL,NULL,NULL),
(163733,'bnv','2018-10-03 05:40:23.000000',15757,'2018-10-03','2018-10-03','F','000000022-0','5-1108','Aug-2018 Service Fee',15.34,1.53,16.87,'2018-10-22',0.00,NULL,NULL,NULL,NULL,NULL,NULL,NULL,NULL,NULL,NULL,NULL,NULL,NULL,0,NULL,NULL,NULL,NULL,NULL,NULL,NULL),
(163734,'bnv','2018-10-03 05:40:23.000000',15757,'2018-10-03','2018-10-03','F','000000022-0','4-1101','Aug-2018 Electricity',276.75,27.68,304.43,'2018-10-22',0.00,NULL,NULL,NULL,NULL,NULL,NULL,NULL,NULL,NULL,NULL,NULL,NULL,NULL,0,NULL,NULL,NULL,NULL,NULL,NULL,NULL),
(174442,'pay','2018-10-16 20:15:03.000000',15757,'2018-10-15','2018-10-16','F','PAY000026184',NULL,NULL,-321.30,NULL,NULL,NULL,NULL,NULL,'POSTBILLPAY',NULL,NULL,NULL,NULL,NULL,NULL,NULL,NULL,NULL,NULL,NULL,0,NULL,NULL,NULL,NULL,NULL,NULL,NULL),
(182738,'bnv','2018-10-19 06:38:17.000000',15757,'2018-10-19','2018-10-19','F','000000044-0','4-1104','Jul-2018 to Sep-2018 Cold Water',292.00,0.00,292.00,'2018-11-07',0.00,NULL,NULL,NULL,NULL,NULL,NULL,NULL,NULL,NULL,NULL,NULL,NULL,NULL,0,NULL,NULL,NULL,NULL,NULL,NULL,NULL),
(182739,'bnv','2018-10-19 06:38:17.000000',15757,'2018-10-19','2018-10-19','F','000000044-0','5-1108','Sep-2018 Service Fee',14.86,1.49,16.35,'2018-11-07',0.00,NULL,NULL,NULL,NULL,NULL,NULL,NULL,NULL,NULL,NULL,NULL,NULL,NULL,0,NULL,NULL,NULL,NULL,NULL,NULL,NULL),
(182740,'bnv','2018-10-19 06:38:17.000000',15757,'2018-10-19','2018-10-19','F','000000044-0','4-1101','Sep-2018 Electricity',274.50,27.45,301.95,'2018-11-07',0.00,NULL,NULL,NULL,NULL,NULL,NULL,NULL,NULL,NULL,NULL,NULL,NULL,NULL,0,NULL,NULL,NULL,NULL,NULL,NULL,NULL),
(182788,'pay','2018-10-19 11:10:49.000000',1835,'2018-10-19','2018-10-20','F','PAY000027027',NULL,NULL,-626.58,NULL,NULL,NULL,NULL,NULL,'INTERNET',NULL,NULL,NULL,NULL,NULL,NULL,8.42,0.84,NULL,NULL,NULL,0,NULL,NULL,NULL,NULL,NULL,NULL,NULL),
(182789,'adj','2018-10-19 11:10:49.000000',1835,'2018-10-19','2019-01-02','F','ADJ000182789','6-1101','Visa Surcharge',8.42,0.84,0.00,NULL,NULL,NULL,NULL,NULL,NULL,NULL,NULL,182788,'PROCESSING_FEE',NULL,NULL,NULL,NULL,NULL,0,NULL,NULL,NULL,NULL,NULL,NULL,NULL),
(204313,'bnv','2018-11-07 23:50:51.000000',15757,'2018-11-08','2018-11-08','F','000000057-0','5-1108','Oct-2018 Service Fee',14.86,1.49,16.35,'2018-11-27',0.00,NULL,NULL,NULL,NULL,NULL,NULL,NULL,NULL,NULL,NULL,NULL,NULL,NULL,0,NULL,NULL,NULL,NULL,NULL,NULL,NULL),
(204314,'bnv','2018-11-07 23:50:51.000000',15757,'2018-11-08','2018-11-08','F','000000057-0','4-1101','Oct-2018 Electricity',289.20,28.92,318.12,'2018-11-27',0.00,NULL,NULL,NULL,NULL,NULL,NULL,NULL,NULL,NULL,NULL,NULL,NULL,NULL,0,NULL,NULL,NULL,NULL,NULL,NULL,NULL),
(204958,'pay','2018-11-08 20:15:02.000000',15757,'2018-11-07','2018-11-08','F','PAY000032272',NULL,NULL,-610.30,NULL,NULL,NULL,NULL,NULL,'POSTBILLPAY',NULL,NULL,NULL,NULL,NULL,NULL,NULL,NULL,NULL,NULL,NULL,0,NULL,NULL,NULL,NULL,NULL,NULL,NULL),
(229493,'pay','2018-11-28 20:15:02.000000',15757,'2018-11-27','2018-11-28','F','PAY000037028',NULL,NULL,-334.47,NULL,NULL,NULL,NULL,NULL,'POSTBILLPAY',NULL,NULL,NULL,NULL,NULL,NULL,NULL,NULL,NULL,NULL,NULL,0,NULL,NULL,NULL,NULL,NULL,NULL,NULL),
(252752,'bnv','2018-12-12 01:51:35.000000',14427,'2018-12-12','2018-12-12','F','000000249-0','4-1104','Aug-2018 to Oct-2018 Cold Water',41.00,4.10,45.10,'2019-01-03',0.00,NULL,NULL,NULL,NULL,NULL,NULL,NULL,NULL,NULL,NULL,NULL,NULL,NULL,0,NULL,NULL,NULL,NULL,NULL,NULL,NULL),
(252753,'bnv','2018-12-12 01:51:35.000000',14427,'2018-12-12','2018-12-12','F','000000249-0','5-1108','Aug-2018 to Oct-2018 Service Fee',54.60,5.46,60.06,'2019-01-03',0.00,NULL,NULL,NULL,NULL,NULL,NULL,NULL,NULL,NULL,NULL,NULL,NULL,NULL,0,NULL,NULL,NULL,NULL,NULL,NULL,NULL),
(252754,'bnv','2018-12-12 01:51:35.000000',14427,'2018-12-12','2018-12-12','F','000000249-0','4-1103','Aug-2018 to Oct-2018 Hot Water',211.66,21.17,232.83,'2019-01-03',0.00,NULL,NULL,NULL,NULL,NULL,NULL,NULL,NULL,NULL,NULL,NULL,NULL,NULL,0,NULL,NULL,NULL,NULL,NULL,NULL,NULL),
(252755,'bnv','2018-12-12 01:51:35.000000',14427,'2018-12-12','2018-12-12','F','000000249-0','4-1101','Aug-2018 to Oct-2018 Electricity',193.55,19.36,212.91,'2019-01-03',0.00,NULL,NULL,NULL,NULL,NULL,NULL,NULL,NULL,NULL,NULL,NULL,NULL,NULL,0,NULL,NULL,NULL,NULL,NULL,NULL,NULL),
(252756,'bnv','2018-12-12 01:51:35.000000',14427,'2018-12-12','2018-12-12','F','000000249-0','4-1131','Aug-2018 to Oct-2018 Gas Supply Charge',18.40,1.84,20.24,'2019-01-03',0.00,NULL,NULL,NULL,NULL,NULL,NULL,NULL,NULL,NULL,NULL,NULL,NULL,NULL,0,NULL,NULL,NULL,NULL,NULL,NULL,NULL),
(264751,'bnv','2018-12-19 04:47:03.000000',15757,'2018-12-19','2018-12-19','F','000000069-0','5-1108','Nov-2018 Service Fee',15.34,1.53,16.87,'2019-01-10',0.00,NULL,NULL,NULL,NULL,NULL,NULL,NULL,NULL,NULL,NULL,NULL,NULL,NULL,0,NULL,NULL,NULL,NULL,NULL,NULL,NULL),
(264752,'bnv','2018-12-19 04:47:03.000000',15757,'2018-12-19','2018-12-19','F','000000069-0','4-1101','Nov-2018 Electricity',313.65,31.37,345.02,'2019-01-10',0.00,NULL,NULL,NULL,NULL,NULL,NULL,NULL,NULL,NULL,NULL,NULL,NULL,NULL,0,NULL,NULL,NULL,NULL,NULL,NULL,NULL),
(269017,'pay','2018-12-20 20:15:06.000000',14427,'2018-12-20','2018-12-20','F','PAY000042287',NULL,NULL,-571.14,NULL,NULL,NULL,NULL,NULL,'BPAY',NULL,NULL,NULL,NULL,NULL,NULL,NULL,NULL,NULL,NULL,NULL,0,NULL,NULL,NULL,NULL,NULL,NULL,NULL),
(287328,'bnv','2019-01-02 06:10:05.000000',1835,'2019-01-02','2019-01-02','F','000000490-0','5-1108','Sep-2018 to Dec-2018 Service Fee',29.76,2.98,32.74,'2019-01-21',0.00,NULL,NULL,NULL,NULL,NULL,NULL,NULL,NULL,NULL,NULL,NULL,NULL,NULL,0,NULL,NULL,NULL,NULL,NULL,NULL,NULL),
(287329,'bnv','2019-01-02 06:10:05.000000',1835,'2019-01-02','2019-01-02','F','000000490-0','4-1128','Sep-2018 to Dec-2018 Gas',287.80,28.78,316.58,'2019-01-21',0.00,NULL,NULL,NULL,NULL,NULL,NULL,NULL,NULL,NULL,NULL,NULL,NULL,NULL,0,NULL,NULL,NULL,NULL,NULL,NULL,NULL),
(287330,'bnv','2019-01-02 06:10:05.000000',1835,'2019-01-02','2019-01-02','F','000000490-0','4-1124','Sep-2018 to Dec-2018 QLD $50 Asset Register Dividend',-50.00,0.00,-50.00,'2019-01-21',0.00,NULL,NULL,NULL,NULL,NULL,NULL,NULL,NULL,NULL,NULL,NULL,NULL,NULL,0,NULL,NULL,NULL,NULL,NULL,NULL,NULL),
(287331,'bnv','2019-01-02 06:10:05.000000',1835,'2019-01-02','2019-01-02','F','000000490-0','4-1101','Sep-2018 to Dec-2018 Electricity',198.85,19.89,218.74,'2019-01-21',0.00,NULL,NULL,NULL,NULL,NULL,NULL,NULL,NULL,NULL,NULL,NULL,NULL,NULL,0,NULL,NULL,NULL,NULL,NULL,NULL,NULL),
(287546,'bnv','2019-01-02 06:11:28.000000',5266,'2019-01-02','2019-01-02','F','000000457-0','5-1108','Sep-2018 to Dec-2018 Service Fee',29.76,2.98,32.74,'2019-01-21',0.00,NULL,NULL,NULL,NULL,NULL,NULL,NULL,NULL,NULL,NULL,NULL,NULL,NULL,0,NULL,NULL,NULL,NULL,NULL,NULL,NULL),
(287547,'bnv','2019-01-02 06:11:28.000000',5266,'2019-01-02','2019-01-02','F','000000457-0','4-1124','Sep-2018 to Dec-2018 QLD $50 Asset Register Dividend',-50.00,0.00,-50.00,'2019-01-21',0.00,NULL,NULL,NULL,NULL,NULL,NULL,NULL,NULL,NULL,NULL,NULL,NULL,NULL,0,NULL,NULL,NULL,NULL,NULL,NULL,NULL),
(287548,'bnv','2019-01-02 06:11:28.000000',5266,'2019-01-02','2019-01-02','F','000000457-0','4-1101','Sep-2018 to Dec-2018 Electricity',1159.79,115.98,1275.77,'2019-01-21',0.00,NULL,NULL,NULL,NULL,NULL,NULL,NULL,NULL,NULL,NULL,NULL,NULL,NULL,0,NULL,NULL,NULL,NULL,NULL,NULL,NULL),
(288197,'adj','2019-01-02 22:35:11.000000',5266,'2019-01-02','2019-01-03','F','000000457-0 CLD','5-1108','Cancelled Sep-2018 to Dec-2018 Service Fee',-29.76,-2.98,-32.74,NULL,NULL,NULL,NULL,NULL,NULL,NULL,NULL,NULL,NULL,NULL,NULL,NULL,NULL,NULL,0,NULL,NULL,NULL,NULL,NULL,NULL,NULL),
(288198,'adj','2019-01-02 22:35:11.000000',5266,'2019-01-02','2019-01-03','F','000000457-0 CLD','4-1124','Cancelled Sep-2018 to Dec-2018 QLD $50 Asset Register Dividend',50.00,0.00,50.00,NULL,NULL,NULL,NULL,NULL,NULL,NULL,NULL,NULL,NULL,NULL,NULL,NULL,NULL,NULL,0,NULL,NULL,NULL,NULL,NULL,NULL,NULL),
(288199,'adj','2019-01-02 22:35:11.000000',5266,'2019-01-02','2019-01-03','F','000000457-0 CLD','4-1101','Cancelled Sep-2018 to Dec-2018 Electricity',-1159.79,-115.98,-1275.77,NULL,NULL,NULL,NULL,NULL,NULL,NULL,NULL,NULL,NULL,NULL,NULL,NULL,NULL,NULL,0,NULL,NULL,NULL,NULL,NULL,NULL,NULL),
(288229,'bnv','2019-01-02 23:10:38.000000',5266,'2019-01-03','2019-01-03','F','000000457-1','5-1108','Sep-2018 to Dec-2018 Service Fee',29.76,2.98,32.74,'2019-01-22',0.00,NULL,NULL,NULL,NULL,NULL,NULL,NULL,NULL,NULL,NULL,NULL,NULL,NULL,0,NULL,NULL,NULL,NULL,NULL,NULL,NULL),
(288230,'bnv','2019-01-02 23:10:38.000000',5266,'2019-01-03','2019-01-03','F','000000457-1','4-1101','Sep-2018 to Dec-2018 Electricity',1159.79,115.98,1275.77,'2019-01-22',0.00,NULL,NULL,NULL,NULL,NULL,NULL,NULL,NULL,NULL,NULL,NULL,NULL,NULL,0,NULL,NULL,NULL,NULL,NULL,NULL,NULL),
(291992,'pay','2019-01-07 20:15:09.000000',5266,'2019-01-07','2019-01-07','F','PAY000046235',NULL,NULL,-1308.51,NULL,NULL,NULL,NULL,NULL,'BPAY',NULL,NULL,NULL,NULL,NULL,NULL,NULL,NULL,NULL,NULL,NULL,0,NULL,NULL,NULL,NULL,NULL,NULL,NULL),
(294528,'pay','2019-01-10 20:15:02.000000',15757,'2019-01-09','2019-01-10','F','PAY000047477',NULL,NULL,-361.89,NULL,NULL,NULL,NULL,NULL,'POSTBILLPAY',NULL,NULL,NULL,NULL,NULL,NULL,NULL,NULL,NULL,NULL,NULL,0,NULL,NULL,NULL,NULL,NULL,NULL,NULL),
(294860,'bnv','2019-01-11 04:51:51.000000',15757,'2019-01-11','2019-01-11','F','000000081-0','4-1104','Oct-2018 to Dec-2018 Cold Water',276.00,0.00,276.00,'2019-01-31',0.00,NULL,NULL,NULL,NULL,NULL,NULL,NULL,NULL,NULL,NULL,NULL,NULL,NULL,0,NULL,NULL,NULL,NULL,NULL,NULL,NULL),
(294861,'bnv','2019-01-11 04:51:51.000000',15757,'2019-01-11','2019-01-11','F','000000081-0','5-1108','Dec-2018 Service Fee',13.90,1.39,15.29,'2019-01-31',0.00,NULL,NULL,NULL,NULL,NULL,NULL,NULL,NULL,NULL,NULL,NULL,NULL,NULL,0,NULL,NULL,NULL,NULL,NULL,NULL,NULL),
(294862,'bnv','2019-01-11 04:51:51.000000',15757,'2019-01-11','2019-01-11','F','000000081-0','4-1101','Dec-2018 Electricity',286.35,28.64,314.99,'2019-01-31',0.00,NULL,NULL,NULL,NULL,NULL,NULL,NULL,NULL,NULL,NULL,NULL,NULL,NULL,0,NULL,NULL,NULL,NULL,NULL,NULL,NULL),
(332212,'pay','2019-02-01 20:00:04.000000',15757,'2019-01-31','2019-02-01','F','PAY000052594',NULL,NULL,-606.28,NULL,NULL,NULL,NULL,NULL,'POSTBILLPAY',NULL,NULL,NULL,NULL,NULL,NULL,NULL,NULL,NULL,NULL,NULL,0,NULL,NULL,NULL,NULL,NULL,NULL,NULL),
(333821,'pay','2019-02-04 23:59:55.000000',1835,'2019-02-05','2019-02-05','F','PAY000053260',NULL,NULL,-525.83,NULL,NULL,NULL,NULL,NULL,'INTERNET',NULL,NULL,NULL,NULL,NULL,NULL,7.06,0.71,NULL,NULL,NULL,0,NULL,NULL,NULL,NULL,NULL,NULL,NULL),
(333822,'adj','2019-02-04 23:59:55.000000',1835,'2019-02-05','2019-03-21','F','ADJ000333822','6-1101','Visa Surcharge',7.06,0.71,0.00,NULL,NULL,NULL,NULL,NULL,NULL,NULL,NULL,333821,'PROCESSING_FEE',NULL,NULL,NULL,NULL,NULL,0,NULL,NULL,NULL,NULL,NULL,NULL,NULL),
(352203,'bnv','2019-02-13 01:57:14.000000',15757,'2019-02-13','2019-02-13','F','000000094-0','5-1108','Jan-2019 Service Fee',14.38,1.44,15.82,'2019-03-04',0.00,NULL,NULL,NULL,NULL,NULL,NULL,NULL,NULL,NULL,NULL,NULL,NULL,NULL,0,NULL,NULL,NULL,NULL,NULL,NULL,NULL),
(352204,'bnv','2019-02-13 01:57:14.000000',15757,'2019-02-13','2019-02-13','F','000000094-0','4-1101','Jan-2019 Electricity',305.40,30.54,335.94,'2019-03-04',0.00,NULL,NULL,NULL,NULL,NULL,NULL,NULL,NULL,NULL,NULL,NULL,NULL,NULL,0,NULL,NULL,NULL,NULL,NULL,NULL,NULL),
(384757,'pay','2019-03-05 20:15:02.000000',15757,'2019-03-02','2019-03-05','F','PAY000062166',NULL,NULL,-351.76,NULL,NULL,NULL,NULL,NULL,'POSTBILLPAY',NULL,NULL,NULL,NULL,NULL,NULL,NULL,NULL,NULL,NULL,NULL,0,NULL,NULL,NULL,NULL,NULL,NULL,NULL),
(385843,'bnv','2019-03-05 23:36:44.000000',17457,'2019-03-06','2019-03-06','F','000000949-0','42202','Dec-2018 Electricity Usage Charge',10.98,1.10,12.08,'2019-03-26',0.00,NULL,NULL,NULL,NULL,NULL,NULL,NULL,NULL,NULL,NULL,NULL,NULL,NULL,0,NULL,NULL,NULL,NULL,NULL,NULL,NULL),
(402224,'bnv','2019-03-17 23:36:28.000000',14427,'2019-03-18','2019-03-18','F','000000492-0','4-1104','Nov-2018 to Jan-2019 Cold Water',28.59,2.86,31.45,'2019-04-04',0.00,NULL,NULL,NULL,NULL,NULL,NULL,NULL,NULL,NULL,NULL,NULL,NULL,NULL,0,NULL,NULL,NULL,NULL,NULL,NULL,NULL),
(402225,'bnv','2019-03-17 23:36:28.000000',14427,'2019-03-18','2019-03-18','F','000000492-0','5-1108','Nov-2018 to Jan-2019 Service Fee',51.11,5.11,56.22,'2019-04-04',0.00,NULL,NULL,NULL,NULL,NULL,NULL,NULL,NULL,NULL,NULL,NULL,NULL,NULL,0,NULL,NULL,NULL,NULL,NULL,NULL,NULL),
(402226,'bnv','2019-03-17 23:36:28.000000',14427,'2019-03-18','2019-03-18','F','000000492-0','4-1103','Nov-2018 to Jan-2019 Hot Water',147.63,14.76,162.39,'2019-04-04',0.00,NULL,NULL,NULL,NULL,NULL,NULL,NULL,NULL,NULL,NULL,NULL,NULL,NULL,0,NULL,NULL,NULL,NULL,NULL,NULL,NULL),
(402227,'bnv','2019-03-17 23:36:28.000000',14427,'2019-03-18','2019-03-18','F','000000492-0','4-1101','Nov-2018 to Jan-2019 Electricity',365.75,36.58,402.33,'2019-04-04',0.00,NULL,NULL,NULL,NULL,NULL,NULL,NULL,NULL,NULL,NULL,NULL,NULL,NULL,0,NULL,NULL,NULL,NULL,NULL,NULL,NULL),
(402228,'bnv','2019-03-17 23:36:28.000000',14427,'2019-03-18','2019-03-18','F','000000492-0','4-1131','Nov-2018 to Jan-2019 Gas Supply Charge',18.00,1.80,19.80,'2019-04-04',0.00,NULL,NULL,NULL,NULL,NULL,NULL,NULL,NULL,NULL,NULL,NULL,NULL,NULL,0,NULL,NULL,NULL,NULL,NULL,NULL,NULL),
(408485,'bnv','2019-03-20 00:56:55.000000',15757,'2019-03-19','2019-03-20','F','000000107-0','5-1108','Feb-2019 Service Fee',13.42,1.34,14.76,'2019-04-05',0.00,NULL,NULL,NULL,NULL,NULL,NULL,NULL,NULL,NULL,NULL,NULL,NULL,NULL,0,NULL,NULL,NULL,NULL,NULL,NULL,NULL),
(408486,'bnv','2019-03-20 00:56:55.000000',15757,'2019-03-19','2019-03-20','F','000000107-0','4-1101','Feb-2019 Electricity',295.95,29.60,325.55,'2019-04-05',0.00,NULL,NULL,NULL,NULL,NULL,NULL,NULL,NULL,NULL,NULL,NULL,NULL,NULL,0,NULL,NULL,NULL,NULL,NULL,NULL,NULL),
(410533,'bnv','2019-03-21 03:53:50.000000',1835,'2019-03-19','2019-03-21','F','000000544-0','5-1108','Dec-2018 to Mar-2019 Service Fee',30.09,3.01,33.10,'2019-04-05',0.00,NULL,NULL,NULL,NULL,NULL,NULL,NULL,NULL,NULL,NULL,NULL,NULL,NULL,0,NULL,NULL,NULL,NULL,NULL,NULL,NULL),
(410534,'bnv','2019-03-21 03:53:50.000000',1835,'2019-03-19','2019-03-21','F','000000544-0','4-1128','Dec-2018 to Mar-2019 Gas',250.46,25.05,275.51,'2019-04-05',0.00,NULL,NULL,NULL,NULL,NULL,NULL,NULL,NULL,NULL,NULL,NULL,NULL,NULL,0,NULL,NULL,NULL,NULL,NULL,NULL,NULL),
(410535,'bnv','2019-03-21 03:53:50.000000',1835,'2019-03-19','2019-03-21','F','000000544-0','4-1101','Dec-2018 to Mar-2019 Electricity',337.15,33.72,370.87,'2019-04-05',0.00,NULL,NULL,NULL,NULL,NULL,NULL,NULL,NULL,NULL,NULL,NULL,NULL,NULL,0,NULL,NULL,NULL,NULL,NULL,NULL,NULL),
(410562,'bnv','2019-03-21 03:53:51.000000',5266,'2019-03-19','2019-03-21','F','000000550-0','5-1108','Dec-2018 to Mar-2019 Service Fee',30.09,3.01,33.10,'2019-04-05',0.00,NULL,NULL,NULL,NULL,NULL,NULL,NULL,NULL,NULL,NULL,NULL,NULL,NULL,0,NULL,NULL,NULL,NULL,NULL,NULL,NULL),
(410563,'bnv','2019-03-21 03:53:51.000000',5266,'2019-03-19','2019-03-21','F','000000550-0','4-1101','Dec-2018 to Mar-2019 Electricity',1518.28,151.83,1670.11,'2019-04-05',0.00,NULL,NULL,NULL,NULL,NULL,NULL,NULL,NULL,NULL,NULL,NULL,NULL,NULL,0,NULL,NULL,NULL,NULL,NULL,NULL,NULL),
(421915,'pay','2019-03-26 20:00:13.000000',5266,'2019-03-26','2019-03-26','F','PAY000069454',NULL,NULL,-1703.21,NULL,NULL,NULL,NULL,NULL,'BPAY',NULL,NULL,NULL,NULL,NULL,NULL,NULL,NULL,NULL,NULL,NULL,0,NULL,NULL,NULL,NULL,NULL,NULL,NULL),
(435659,'pay','2019-03-30 20:15:01.000000',15757,'2019-03-29','2019-03-30','F','PAY000071451',NULL,NULL,-340.31,NULL,NULL,NULL,NULL,NULL,'POSTBILLPAY',NULL,NULL,NULL,NULL,NULL,NULL,NULL,NULL,NULL,NULL,NULL,0,NULL,NULL,NULL,NULL,NULL,NULL,NULL),
(436988,'pay','2019-04-01 23:25:06.000000',1835,'2019-04-02','2019-04-02','F','PAY000072373',NULL,NULL,-689.68,NULL,NULL,NULL,NULL,NULL,'INTERNET',NULL,NULL,NULL,NULL,NULL,NULL,9.27,0.93,NULL,NULL,NULL,0,NULL,NULL,NULL,NULL,NULL,NULL,NULL),
(436989,'adj','2019-04-01 23:25:06.000000',1835,'2019-04-02','2019-04-02','F','ADJ000436989','6-1101','Visa Surcharge',9.27,0.93,0.00,NULL,NULL,NULL,NULL,NULL,NULL,NULL,NULL,436988,'PROCESSING_FEE',NULL,NULL,NULL,NULL,NULL,0,NULL,NULL,'bb52a71b-4926-7363-cfaa-57fc327929a8',NULL,NULL,NULL,'2019-04-03 02:57:26'),
(440571,'pay','2019-04-03 14:17:13.000000',14427,'2019-04-04','2019-04-04','F','PAY000072872',NULL,NULL,-682.28,NULL,NULL,NULL,NULL,NULL,'INTERNET',NULL,NULL,NULL,NULL,NULL,NULL,9.17,0.92,NULL,NULL,NULL,0,NULL,NULL,NULL,NULL,NULL,NULL,NULL),
(440572,'adj','2019-04-03 14:17:13.000000',14427,'2019-04-04','2019-04-03','F','ADJ000440572','6-1101','Visa Surcharge',9.17,0.92,0.00,NULL,NULL,NULL,NULL,NULL,NULL,NULL,NULL,440571,'PROCESSING_FEE',NULL,NULL,NULL,NULL,NULL,0,NULL,NULL,'bb52a71b-4926-7363-cfaa-57fc327929a8',NULL,NULL,NULL,'2019-04-04 00:28:38'),
(447898,'bnv','2019-04-10 06:40:54.000000',15757,'2019-04-10','2019-04-10','F','000000120-0','4-1104','Jan-2019 to Mar-2019 Cold Water',300.00,0.00,300.00,'2019-05-02',0.00,NULL,NULL,NULL,NULL,NULL,NULL,NULL,NULL,NULL,NULL,NULL,NULL,NULL,0,NULL,NULL,NULL,NULL,NULL,NULL,NULL),
(447899,'bnv','2019-04-10 06:40:54.000000',15757,'2019-04-10','2019-04-10','F','000000120-0','5-1108','Mar-2019 Service Fee',14.86,1.49,16.35,'2019-05-02',0.00,NULL,NULL,NULL,NULL,NULL,NULL,NULL,NULL,NULL,NULL,NULL,NULL,NULL,0,NULL,NULL,NULL,NULL,NULL,NULL,NULL),
(447900,'bnv','2019-04-10 06:40:54.000000',15757,'2019-04-10','2019-04-10','F','000000120-0','4-1101','Mar-2019 Electricity',314.85,31.49,346.34,'2019-05-02',0.00,NULL,NULL,NULL,NULL,NULL,NULL,NULL,NULL,NULL,NULL,NULL,NULL,NULL,0,NULL,NULL,NULL,NULL,NULL,NULL,NULL),
(460120,'bnv','2019-04-15 23:02:08.000000',17457,'2019-04-16','2019-04-16','F','000001720-0','42202','Feb-2019 Electricity Usage Charge',17.33,1.73,19.06,'2019-05-10',0.00,NULL,NULL,NULL,NULL,NULL,NULL,NULL,NULL,NULL,NULL,NULL,NULL,NULL,0,NULL,NULL,NULL,NULL,NULL,NULL,NULL),
(491109,'pay','2019-04-30 20:00:04.000000',15757,'2019-04-29','2019-04-30','F','PAY000081603',NULL,NULL,-662.69,NULL,NULL,NULL,NULL,NULL,'POSTBILLPAY',NULL,NULL,NULL,NULL,NULL,NULL,NULL,NULL,NULL,NULL,NULL,0,NULL,NULL,NULL,NULL,NULL,NULL,NULL),
(507650,'bnv','2019-05-12 23:57:47.000000',15757,'2019-05-13','2019-05-13','F','000000133-0','5-1108','Apr-2019 Service Fee',14.38,1.44,15.82,'2019-05-30',0.00,NULL,NULL,NULL,NULL,NULL,NULL,NULL,NULL,NULL,NULL,NULL,NULL,NULL,0,NULL,NULL,NULL,NULL,NULL,NULL,NULL),
(507651,'bnv','2019-05-12 23:57:47.000000',15757,'2019-05-13','2019-05-13','F','000000133-0','4-1101','Apr-2019 Electricity',162.15,16.22,178.37,'2019-05-30',0.00,NULL,NULL,NULL,NULL,NULL,NULL,NULL,NULL,NULL,NULL,NULL,NULL,NULL,0,NULL,NULL,NULL,NULL,NULL,NULL,NULL),
(515882,'bnv','2019-05-15 22:18:24.000000',17457,'2019-05-16','2019-05-16','F','000002150-0','42202','Mar-2019 Electricity Usage Charge',2.40,0.24,2.64,'2019-06-05',0.00,NULL,NULL,NULL,NULL,NULL,NULL,NULL,NULL,NULL,NULL,NULL,NULL,NULL,0,NULL,NULL,NULL,NULL,NULL,NULL,NULL),
(560834,'pay','2019-05-31 20:00:06.000000',15757,'2019-05-30','2019-05-31','F','PAY000095497',NULL,NULL,-194.19,NULL,NULL,NULL,NULL,NULL,'POSTBILLPAY',NULL,NULL,NULL,NULL,NULL,NULL,NULL,NULL,NULL,NULL,NULL,0,NULL,NULL,NULL,NULL,NULL,NULL,NULL),
(565498,'pay','2019-06-04 20:00:21.000000',17457,'2019-06-03','2019-06-04','F','PAY000097332',NULL,NULL,-33.78,NULL,NULL,NULL,NULL,NULL,'POSTBILLPAY',NULL,NULL,NULL,NULL,NULL,NULL,NULL,NULL,NULL,NULL,NULL,0,NULL,NULL,NULL,NULL,NULL,NULL,NULL),
(568843,'bnv','2019-06-05 01:46:20.000000',14427,'2019-06-05','2019-06-05','F','000000699-0','4-1104','Feb-2019 to Apr-2019 Cold Water',41.62,4.16,45.78,'2019-06-24',0.00,NULL,NULL,NULL,NULL,NULL,NULL,NULL,NULL,NULL,NULL,NULL,NULL,NULL,0,NULL,NULL,NULL,NULL,NULL,NULL,NULL),
(568844,'bnv','2019-06-05 01:46:20.000000',14427,'2019-06-05','2019-06-05','F','000000699-0','5-1108','Feb-2019 to Apr-2019 Service Fee',52.85,5.29,58.14,'2019-06-24',0.00,NULL,NULL,NULL,NULL,NULL,NULL,NULL,NULL,NULL,NULL,NULL,NULL,NULL,0,NULL,NULL,NULL,NULL,NULL,NULL,NULL),
(568845,'bnv','2019-06-05 01:46:20.000000',14427,'2019-06-05','2019-06-05','F','000000699-0','4-1103','Feb-2019 to Apr-2019 Hot Water',203.58,20.36,223.94,'2019-06-24',0.00,NULL,NULL,NULL,NULL,NULL,NULL,NULL,NULL,NULL,NULL,NULL,NULL,NULL,0,NULL,NULL,NULL,NULL,NULL,NULL,NULL),
(568846,'bnv','2019-06-05 01:46:20.000000',14427,'2019-06-05','2019-06-05','F','000000699-0','4-1101','Feb-2019 to Apr-2019 Electricity',278.52,27.85,306.37,'2019-06-24',0.00,NULL,NULL,NULL,NULL,NULL,NULL,NULL,NULL,NULL,NULL,NULL,NULL,NULL,0,NULL,NULL,NULL,NULL,NULL,NULL,NULL),
(568847,'bnv','2019-06-05 01:46:20.000000',14427,'2019-06-05','2019-06-05','F','000000699-0','4-1131','Feb-2019 to Apr-2019 Gas Supply Charge',13.65,1.37,15.02,'2019-06-24',0.00,NULL,NULL,NULL,NULL,NULL,NULL,NULL,NULL,NULL,NULL,NULL,NULL,NULL,0,NULL,NULL,NULL,NULL,NULL,NULL,NULL),
(573159,'bnv','2019-06-07 05:11:04.000000',15757,'2019-06-07','2019-06-07','F','000000146-0','5-1108','May-2019 Service Fee',14.38,1.44,15.82,'2019-06-26',0.00,NULL,NULL,NULL,NULL,NULL,NULL,NULL,NULL,NULL,NULL,NULL,NULL,NULL,0,NULL,NULL,NULL,NULL,NULL,NULL,NULL),
(573160,'bnv','2019-06-07 05:11:04.000000',15757,'2019-06-07','2019-06-07','F','000000146-0','4-1101','May-2019 Electricity',271.80,27.18,298.98,'2019-06-26',0.00,NULL,NULL,NULL,NULL,NULL,NULL,NULL,NULL,NULL,NULL,NULL,NULL,NULL,0,NULL,NULL,NULL,NULL,NULL,NULL,NULL),
(580324,'bnv','2019-06-11 04:58:24.000000',1835,'2019-06-11','2019-06-11','F','000000645-0','5-1108','Mar-2019 to Jun-2019 Service Fee',30.76,3.08,33.84,'2019-06-28',0.00,NULL,NULL,NULL,NULL,NULL,NULL,NULL,NULL,NULL,NULL,NULL,NULL,NULL,0,NULL,NULL,NULL,NULL,NULL,NULL,NULL),
(580325,'bnv','2019-06-11 04:58:24.000000',1835,'2019-06-11','2019-06-11','F','000000645-0','4-1128','Mar-2019 to Jun-2019 Gas',303.10,30.31,333.41,'2019-06-28',0.00,NULL,NULL,NULL,NULL,NULL,NULL,NULL,NULL,NULL,NULL,NULL,NULL,NULL,0,NULL,NULL,NULL,NULL,NULL,NULL,NULL),
(580326,'bnv','2019-06-11 04:58:24.000000',1835,'2019-06-11','2019-06-11','F','000000645-0','4-1101','Mar-2019 to Jun-2019 Electricity',219.54,21.95,241.49,'2019-06-28',0.00,NULL,NULL,NULL,NULL,NULL,NULL,NULL,NULL,NULL,NULL,NULL,NULL,NULL,0,NULL,NULL,NULL,NULL,NULL,NULL,NULL),
(580362,'bnv','2019-06-11 04:58:26.000000',5266,'2019-06-11','2019-06-11','F','000000621-0','5-1108','Mar-2019 to Jun-2019 Service Fee',30.76,3.08,33.84,'2019-06-28',0.00,NULL,NULL,NULL,NULL,NULL,NULL,NULL,NULL,NULL,NULL,NULL,NULL,NULL,0,NULL,NULL,NULL,NULL,NULL,NULL,NULL),
(580363,'bnv','2019-06-11 04:58:26.000000',5266,'2019-06-11','2019-06-11','F','000000621-0','4-1101','Mar-2019 to Jun-2019 Electricity',1189.84,118.98,1308.82,'2019-06-28',0.00,NULL,NULL,NULL,NULL,NULL,NULL,NULL,NULL,NULL,NULL,NULL,NULL,NULL,0,NULL,NULL,NULL,NULL,NULL,NULL,NULL),
(586875,'bnv','2019-06-13 05:15:22.000000',17457,'2019-06-13','2019-06-13','F','000002474-0','42202','May-2019 Electricity Usage Charge',8.13,0.81,8.94,'2019-07-03',0.00,NULL,NULL,NULL,NULL,NULL,NULL,NULL,NULL,NULL,NULL,NULL,NULL,NULL,0,NULL,NULL,NULL,NULL,NULL,NULL,NULL),
(595757,'pay','2019-06-17 20:15:13.000000',5266,'2019-06-17','2019-06-17','F','PAY000103658',NULL,NULL,-1342.66,NULL,NULL,NULL,NULL,NULL,'BPAY',NULL,NULL,NULL,NULL,NULL,NULL,NULL,NULL,NULL,NULL,NULL,0,NULL,NULL,NULL,NULL,NULL,NULL,NULL),
(605434,'pay','2019-06-20 20:00:11.000000',14427,'2019-06-20','2019-06-20','F','PAY000105417',NULL,NULL,-379.25,NULL,NULL,NULL,NULL,NULL,'BPAY',NULL,NULL,NULL,NULL,NULL,NULL,NULL,NULL,NULL,NULL,NULL,0,NULL,NULL,NULL,NULL,NULL,NULL,NULL),
(608248,'pay','2019-06-21 20:00:11.000000',14427,'2019-06-21','2019-06-21','F','PAY000105846',NULL,NULL,-270.00,NULL,NULL,NULL,NULL,NULL,'BPAY',NULL,NULL,NULL,NULL,NULL,NULL,NULL,NULL,NULL,NULL,NULL,0,NULL,NULL,NULL,NULL,NULL,NULL,NULL),
(613399,'pay','2019-06-25 20:15:04.000000',15757,'2019-06-24','2019-06-25','F','PAY000107744',NULL,NULL,-314.80,NULL,NULL,NULL,NULL,NULL,'POSTBILLPAY',NULL,NULL,NULL,NULL,NULL,NULL,NULL,NULL,NULL,NULL,NULL,0,NULL,NULL,NULL,NULL,NULL,NULL,NULL),
(635445,'pay','2019-07-02 05:04:31.000000',1835,'2019-07-02','2019-07-02','F','PAY000110494',NULL,NULL,-617.87,NULL,NULL,NULL,NULL,NULL,'INTERNET',NULL,NULL,NULL,NULL,NULL,NULL,8.30,0.83,NULL,NULL,NULL,0,NULL,NULL,NULL,NULL,NULL,NULL,NULL),
(635446,'adj','2019-07-02 05:04:31.000000',1835,'2019-07-02','2019-07-03','F','ADJ000635446','6-1101','Visa Surcharge',8.30,0.83,0.00,NULL,NULL,NULL,NULL,NULL,NULL,NULL,NULL,635445,'PROCESSING_FEE',NULL,NULL,NULL,NULL,NULL,0,NULL,NULL,'bb52a71b-4926-7363-cfaa-57fc327929a8',NULL,NULL,NULL,'2019-07-03 21:15:53'),
(638688,'bnv','2019-07-04 01:41:50.000000',15757,'2019-07-04','2019-07-04','F','000000158-0','4-1104','Apr-2019 to Jun-2019 Cold Water',248.00,0.00,248.00,'2019-07-23',0.00,NULL,NULL,NULL,NULL,NULL,NULL,NULL,NULL,NULL,NULL,NULL,NULL,NULL,0,NULL,NULL,NULL,NULL,NULL,NULL,NULL),
(638689,'bnv','2019-07-04 01:41:50.000000',15757,'2019-07-04','2019-07-04','F','000000158-0','5-1108','Jun-2019 Service Fee',14.38,1.44,15.82,'2019-07-23',0.00,NULL,NULL,NULL,NULL,NULL,NULL,NULL,NULL,NULL,NULL,NULL,NULL,NULL,0,NULL,NULL,NULL,NULL,NULL,NULL,NULL),
(638690,'bnv','2019-07-04 01:41:50.000000',15757,'2019-07-04','2019-07-04','F','000000158-0','4-1101','Jun-2019 Electricity',259.50,25.95,285.45,'2019-07-23',0.00,NULL,NULL,NULL,NULL,NULL,NULL,NULL,NULL,NULL,NULL,NULL,NULL,NULL,0,NULL,NULL,NULL,NULL,NULL,NULL,NULL),
(691120,'pay','2019-07-25 17:00:52.000000',15757,'2019-07-23','2019-07-26','F','PAY000122063',NULL,NULL,-549.27,NULL,NULL,NULL,NULL,NULL,'DIRECT_DEBIT',NULL,NULL,NULL,NULL,NULL,NULL,NULL,NULL,NULL,NULL,NULL,0,NULL,NULL,NULL,NULL,NULL,NULL,NULL),
(692685,'bnv','2019-07-29 02:50:15.000000',17457,'2019-07-29','2019-07-29','F','000003152-0','42202','Jun-2019 Electricity Usage Charge,Jun-2019 Electricity Usage Charge',2.30,0.23,2.53,'2019-08-16',0.00,NULL,NULL,NULL,NULL,NULL,NULL,NULL,NULL,NULL,NULL,NULL,NULL,NULL,0,NULL,NULL,NULL,NULL,NULL,NULL,NULL),
(734044,'bnv','2019-08-16 03:58:29.000000',15757,'2019-08-16','2019-08-16','F','000000172-0','5-1108','Jul-2019 Service Fee',15.59,1.56,17.15,'2019-09-04',0.00,NULL,NULL,NULL,NULL,NULL,NULL,NULL,NULL,NULL,NULL,NULL,NULL,NULL,0,NULL,NULL,NULL,NULL,NULL,NULL,NULL),
(734045,'bnv','2019-08-16 03:58:29.000000',15757,'2019-08-16','2019-08-16','F','000000172-0','4-1101','Jul-2019 Electricity',283.65,28.37,312.02,'2019-09-04',0.00,NULL,NULL,NULL,NULL,NULL,NULL,NULL,NULL,NULL,NULL,NULL,NULL,NULL,0,NULL,NULL,NULL,NULL,NULL,NULL,NULL),
(745305,'bnv','2019-08-21 00:55:28.000000',17457,'2019-08-21','2019-08-21','F','000003656-0','42202','Jul-2019 Electricity Usage Charge,Jul-2019 Electricity Usage Charge',62.82,6.28,69.10,'2019-09-10',0.00,NULL,NULL,NULL,NULL,NULL,NULL,NULL,NULL,NULL,NULL,NULL,NULL,NULL,0,NULL,NULL,NULL,NULL,NULL,NULL,NULL),
(752112,'pay','2019-08-21 20:00:19.000000',17457,'2019-08-20','2019-08-21','F','PAY000134606',NULL,NULL,-11.47,NULL,NULL,NULL,NULL,NULL,'POSTBILLPAY',NULL,NULL,NULL,NULL,NULL,NULL,NULL,NULL,NULL,NULL,NULL,0,NULL,NULL,NULL,NULL,NULL,NULL,NULL),
(801155,'pay','2019-09-08 17:02:07.000000',15757,'2019-09-04','2019-09-09','F','PAY000143199',NULL,NULL,-329.17,NULL,NULL,NULL,NULL,NULL,'DIRECT_DEBIT',NULL,NULL,NULL,NULL,NULL,NULL,NULL,NULL,NULL,NULL,NULL,0,NULL,NULL,NULL,NULL,NULL,NULL,NULL),
(828082,'bnv','2019-09-17 01:46:06.000000',17457,'2019-09-17','2019-09-17','F','000003842-0','42202','Aug-2019 Electricity Usage Charge,Aug-2019 Electricity Usage Charge',9.01,0.90,9.91,'2019-10-08',0.00,NULL,NULL,NULL,NULL,NULL,NULL,NULL,NULL,NULL,NULL,NULL,NULL,NULL,0,NULL,NULL,NULL,NULL,NULL,NULL,NULL),
(829810,'bnv','2019-09-17 06:10:42.000000',15757,'2019-09-17','2019-09-17','F','000000186-0','5-1108','Aug-2019 Service Fee',15.59,1.56,17.15,'2019-10-04',0.00,NULL,NULL,NULL,NULL,NULL,NULL,NULL,NULL,NULL,NULL,NULL,NULL,NULL,0,NULL,NULL,NULL,NULL,NULL,NULL,NULL),
(829811,'bnv','2019-09-17 06:10:42.000000',15757,'2019-09-17','2019-09-17','F','000000186-0','4-1101','Aug-2019 Electricity',280.35,28.04,308.39,'2019-10-04',0.00,NULL,NULL,NULL,NULL,NULL,NULL,NULL,NULL,NULL,NULL,NULL,NULL,NULL,0,NULL,NULL,NULL,NULL,NULL,NULL,NULL),
(839142,'bnv','2019-09-19 05:01:37.000000',14427,'2019-09-19','2019-09-19','F','000000809-0','4-1104','May-2019 to Jul-2019 Cold Water',53.84,5.38,59.22,'2019-10-09',0.00,NULL,NULL,NULL,NULL,NULL,NULL,NULL,NULL,NULL,NULL,NULL,NULL,NULL,0,NULL,NULL,NULL,NULL,NULL,NULL,NULL),
(839143,'bnv','2019-09-19 05:01:37.000000',14427,'2019-09-19','2019-09-19','F','000000809-0','4-1103','May-2019 to Jul-2019 Hot Water',263.34,26.33,289.67,'2019-10-09',0.00,NULL,NULL,NULL,NULL,NULL,NULL,NULL,NULL,NULL,NULL,NULL,NULL,NULL,0,NULL,NULL,NULL,NULL,NULL,NULL,NULL),
(839144,'bnv','2019-09-19 05:01:37.000000',14427,'2019-09-19','2019-09-19','F','000000809-0','5-1108','May-2019 to Jul-2019 Service Fee',53.44,5.34,58.78,'2019-10-09',0.00,NULL,NULL,NULL,NULL,NULL,NULL,NULL,NULL,NULL,NULL,NULL,NULL,NULL,0,NULL,NULL,NULL,NULL,NULL,NULL,NULL),
(839145,'bnv','2019-09-19 05:01:37.000000',14427,'2019-09-19','2019-09-19','F','000000809-0','4-1101','May-2019 to Jul-2019 Electricity',188.10,18.81,206.91,'2019-10-09',0.00,NULL,NULL,NULL,NULL,NULL,NULL,NULL,NULL,NULL,NULL,NULL,NULL,NULL,0,NULL,NULL,NULL,NULL,NULL,NULL,NULL),
(839146,'bnv','2019-09-19 05:01:37.000000',14427,'2019-09-19','2019-09-19','F','000000809-0','4-1131','May-2019 to Jul-2019 Gas Supply Charge',13.80,1.38,15.18,'2019-10-09',0.00,NULL,NULL,NULL,NULL,NULL,NULL,NULL,NULL,NULL,NULL,NULL,NULL,NULL,0,NULL,NULL,NULL,NULL,NULL,NULL,NULL),
(855451,'bnv','2019-09-25 00:12:30.000000',5266,'2019-09-25','2019-09-25','F','000000702-0','5-1108','Jun-2019 to Sep-2019 Service Fee',30.76,3.08,33.84,'2019-10-15',0.00,NULL,NULL,NULL,NULL,NULL,NULL,NULL,NULL,NULL,NULL,NULL,NULL,NULL,0,NULL,NULL,NULL,NULL,NULL,NULL,NULL),
(855452,'bnv','2019-09-25 00:12:30.000000',5266,'2019-09-25','2019-09-25','F','000000702-0','4-1101','Jun-2019 to Sep-2019 Electricity',856.10,85.61,941.71,'2019-10-15',0.00,NULL,NULL,NULL,NULL,NULL,NULL,NULL,NULL,NULL,NULL,NULL,NULL,NULL,0,NULL,NULL,NULL,NULL,NULL,NULL,NULL),
(855568,'bnv','2019-09-25 00:15:51.000000',1835,'2019-09-25','2019-09-25','F','000000726-0','5-1108','Jun-2019 to Sep-2019 Service Fee',30.76,3.08,33.84,'2019-10-15',0.00,NULL,NULL,NULL,NULL,NULL,NULL,NULL,NULL,NULL,NULL,NULL,NULL,NULL,0,NULL,NULL,NULL,NULL,NULL,NULL,NULL),
(855569,'bnv','2019-09-25 00:15:51.000000',1835,'2019-09-25','2019-09-25','F','000000726-0','4-1128','Jun-2019 to Sep-2019 Hot Water Heating',345.51,34.55,380.06,'2019-10-15',0.00,NULL,NULL,NULL,NULL,NULL,NULL,NULL,NULL,NULL,NULL,NULL,NULL,NULL,0,NULL,NULL,NULL,NULL,NULL,NULL,NULL),
(855570,'bnv','2019-09-25 00:15:51.000000',1835,'2019-09-25','2019-09-25','F','000000726-0','4-1124','Jun-2019 to Sep-2019 QLD $50 Asset Register Dividend',-50.00,0.00,-50.00,'2019-10-15',0.00,NULL,NULL,NULL,NULL,NULL,NULL,NULL,NULL,NULL,NULL,NULL,NULL,NULL,0,NULL,NULL,NULL,NULL,NULL,NULL,NULL),
(855571,'bnv','2019-09-25 00:15:51.000000',1835,'2019-09-25','2019-09-25','F','000000726-0','4-1101','Jun-2019 to Sep-2019 Electricity',234.01,23.40,257.41,'2019-10-15',0.00,NULL,NULL,NULL,NULL,NULL,NULL,NULL,NULL,NULL,NULL,NULL,NULL,NULL,0,NULL,NULL,NULL,NULL,NULL,NULL,NULL),
(866896,'pay','2019-09-26 20:00:18.000000',5266,'2019-09-26','2019-09-26','F','PAY000155472',NULL,NULL,-975.55,NULL,NULL,NULL,NULL,NULL,'BPAY',NULL,NULL,NULL,NULL,NULL,NULL,NULL,NULL,NULL,NULL,NULL,0,NULL,NULL,NULL,NULL,NULL,NULL,NULL),
(897628,'pay','2019-10-07 20:00:17.000000',14427,'2019-10-05','2019-10-07','F','PAY000161465',NULL,NULL,-629.76,NULL,NULL,NULL,NULL,NULL,'BPAY',NULL,NULL,NULL,NULL,NULL,NULL,NULL,NULL,NULL,NULL,NULL,0,NULL,NULL,NULL,NULL,NULL,NULL,NULL),
(900418,'bnv','2019-10-08 05:34:21.000000',15757,'2019-10-08','2019-10-08','F','000000200-0','4-1104','Jul-2019 to Sep-2019 Cold Water',304.14,0.00,304.14,'2019-10-25',0.00,NULL,NULL,NULL,NULL,NULL,NULL,NULL,NULL,NULL,NULL,NULL,NULL,NULL,0,NULL,NULL,NULL,NULL,NULL,NULL,NULL),
(900419,'bnv','2019-10-08 05:34:21.000000',15757,'2019-10-08','2019-10-08','F','000000200-0','5-1108','Sep-2019 Service Fee',13.15,1.32,14.47,'2019-10-25',0.00,NULL,NULL,NULL,NULL,NULL,NULL,NULL,NULL,NULL,NULL,NULL,NULL,NULL,0,NULL,NULL,NULL,NULL,NULL,NULL,NULL),
(900420,'bnv','2019-10-08 05:34:21.000000',15757,'2019-10-08','2019-10-08','F','000000200-0','4-1101','Sep-2019 Electricity',241.50,24.15,265.65,'2019-10-25',0.00,NULL,NULL,NULL,NULL,NULL,NULL,NULL,NULL,NULL,NULL,NULL,NULL,NULL,0,NULL,NULL,NULL,NULL,NULL,NULL,NULL),
(906129,'pay','2019-10-09 17:02:06.000000',15757,'2019-10-04','2019-10-10','F','PAY000162698',NULL,NULL,-325.54,NULL,NULL,NULL,NULL,NULL,'DIRECT_DEBIT',NULL,NULL,NULL,NULL,NULL,NULL,NULL,NULL,NULL,NULL,NULL,0,NULL,NULL,NULL,NULL,NULL,NULL,NULL),
(936253,'bnv','2019-10-16 02:12:13.000000',17457,'2019-10-16','2019-10-16','F','000004189-0','42202','Sep-2019 Electricity Usage Charge,Sep-2019 Electricity Usage Charge',2.30,0.23,2.53,'2019-11-05',0.00,NULL,NULL,NULL,NULL,NULL,NULL,NULL,NULL,NULL,NULL,NULL,NULL,NULL,0,NULL,NULL,NULL,NULL,NULL,NULL,NULL),
(987726,'pay','2019-10-29 04:34:08.000000',1835,'2019-10-29','2019-10-29','F','PAY000177405',NULL,NULL,-630.63,NULL,NULL,NULL,NULL,NULL,'INTERNET',NULL,NULL,NULL,NULL,NULL,NULL,8.47,0.85,NULL,NULL,NULL,0,NULL,NULL,NULL,NULL,NULL,NULL,NULL),
(987727,'adj','2019-10-29 04:34:08.000000',1835,'2019-10-29','2019-10-29','F','ADJ000987727','6-1101','Visa Surcharge',8.47,0.85,0.00,NULL,NULL,NULL,NULL,NULL,NULL,NULL,NULL,987726,'PROCESSING_FEE',NULL,NULL,NULL,NULL,NULL,0,NULL,NULL,'bb52a71b-4926-7363-cfaa-57fc327929a8',NULL,NULL,NULL,'2019-10-29 20:37:05'),
(988250,'pay','2019-10-29 17:01:46.000000',15757,'2019-10-25','2019-10-30','F','PAY000177680',NULL,NULL,-584.26,NULL,NULL,NULL,NULL,NULL,'DIRECT_DEBIT',NULL,NULL,NULL,NULL,NULL,NULL,NULL,NULL,NULL,NULL,NULL,0,NULL,NULL,NULL,NULL,NULL,NULL,NULL),
(1018102,'bnv','2019-11-07 22:42:55.000000',15757,'2019-11-08','2019-11-08','F','000000228-0','5-1108','Oct-2019 Service Fee',15.10,1.51,16.61,'2019-11-27',0.00,NULL,NULL,NULL,NULL,NULL,NULL,NULL,NULL,NULL,NULL,NULL,NULL,NULL,0,NULL,NULL,NULL,NULL,NULL,NULL,NULL),
(1018103,'bnv','2019-11-07 22:42:55.000000',15757,'2019-11-08','2019-11-08','F','000000228-0','4-1101','Oct-2019 Electricity',295.50,29.55,325.05,'2019-11-27',0.00,NULL,NULL,NULL,NULL,NULL,NULL,NULL,NULL,NULL,NULL,NULL,NULL,NULL,0,NULL,NULL,NULL,NULL,NULL,NULL,NULL),
(1034787,'bnv','2019-11-13 22:29:27.000000',17457,'2019-11-14','2019-11-14','F','000004541-0','42202','Oct-2019 Electricity Usage Charge,Oct-2019 Electricity Usage Charge',2.38,0.24,2.62,'2019-12-04',0.00,NULL,NULL,NULL,NULL,NULL,NULL,NULL,NULL,NULL,NULL,NULL,NULL,NULL,0,NULL,NULL,NULL,NULL,NULL,NULL,NULL),
(1106713,'pay','2019-12-01 17:02:21.000000',15757,'2019-11-27','2019-12-02','F','PAY000201138',NULL,NULL,-341.66,NULL,NULL,NULL,NULL,NULL,'DIRECT_DEBIT',NULL,NULL,NULL,NULL,NULL,NULL,NULL,NULL,NULL,NULL,NULL,0,NULL,NULL,NULL,NULL,NULL,NULL,NULL),
(1113806,'bnv','2019-12-03 23:59:09.000000',15757,'2019-12-04','2019-12-04','F','000000239-0','5-1108','Nov-2019 Service Fee',15.10,1.51,16.61,'2019-12-23',0.00,NULL,NULL,NULL,NULL,NULL,NULL,NULL,NULL,NULL,NULL,NULL,NULL,NULL,0,NULL,NULL,NULL,NULL,NULL,NULL,NULL),
(1113807,'bnv','2019-12-03 23:59:09.000000',15757,'2019-12-04','2019-12-04','F','000000239-0','4-1101','Nov-2019 Electricity',295.80,29.58,325.38,'2019-12-23',0.00,NULL,NULL,NULL,NULL,NULL,NULL,NULL,NULL,NULL,NULL,NULL,NULL,NULL,0,NULL,NULL,NULL,NULL,NULL,NULL,NULL),
(1126305,'bnv','2019-12-09 02:32:58.000000',17457,'2019-12-09','2019-12-09','F','000004881-0','42202','Nov-2019 Electricity Usage Charge,Nov-2019 Electricity Usage Charge',2.31,0.23,2.54,'2019-12-31',0.00,NULL,NULL,NULL,NULL,NULL,NULL,NULL,NULL,NULL,NULL,NULL,NULL,NULL,0,NULL,NULL,NULL,NULL,NULL,NULL,NULL),
(1155874,'pay','2019-12-13 00:06:25.000000',17457,'2019-12-11','2019-12-11','F','PAY000209065',NULL,'Billbergia Bulk Allocation',-86.70,NULL,NULL,NULL,NULL,NULL,'EFT',NULL,NULL,NULL,NULL,NULL,NULL,NULL,NULL,NULL,NULL,NULL,0,NULL,NULL,NULL,NULL,NULL,NULL,NULL),
(1182937,'bnv','2019-12-18 02:16:57.000000',1835,'2019-12-18','2019-12-18','F','000000803-0','5-1108','Sep-2019 to Dec-2019 Service Fee',30.58,3.06,33.64,'2020-01-08',0.00,NULL,NULL,NULL,NULL,NULL,NULL,NULL,NULL,NULL,NULL,NULL,NULL,NULL,0,NULL,NULL,NULL,NULL,NULL,NULL,NULL),
(1182938,'bnv','2019-12-18 02:16:57.000000',1835,'2019-12-18','2019-12-18','F','000000803-0','4-1128','Sep-2019 to Dec-2019 Hot Water Heating',222.15,22.22,244.37,'2020-01-08',0.00,NULL,NULL,NULL,NULL,NULL,NULL,NULL,NULL,NULL,NULL,NULL,NULL,NULL,0,NULL,NULL,NULL,NULL,NULL,NULL,NULL),
(1182939,'bnv','2019-12-18 02:16:57.000000',1835,'2019-12-18','2019-12-18','F','000000803-0','4-1101','Sep-2019 to Dec-2019 Electricity',240.95,24.10,265.05,'2020-01-08',0.00,NULL,NULL,NULL,NULL,NULL,NULL,NULL,NULL,NULL,NULL,NULL,NULL,NULL,0,NULL,NULL,NULL,NULL,NULL,NULL,NULL),
(1182973,'bnv','2019-12-18 02:17:02.000000',5266,'2019-12-18','2019-12-18','F','000000778-0','5-1108','Sep-2019 to Dec-2019 Service Fee',30.58,3.06,33.64,'2020-01-08',0.00,NULL,NULL,NULL,NULL,NULL,NULL,NULL,NULL,NULL,NULL,NULL,NULL,NULL,0,NULL,NULL,NULL,NULL,NULL,NULL,NULL),
(1182974,'bnv','2019-12-18 02:17:02.000000',5266,'2019-12-18','2019-12-18','F','000000778-0','4-1101','Sep-2019 to Dec-2019 Electricity',1031.89,103.19,1135.08,'2020-01-08',0.00,NULL,NULL,NULL,NULL,NULL,NULL,NULL,NULL,NULL,NULL,NULL,NULL,NULL,0,NULL,NULL,NULL,NULL,NULL,NULL,NULL),
(1197256,'pay','2019-12-19 20:00:29.000000',5266,'2019-12-19','2019-12-19','F','PAY000217235',NULL,NULL,-1168.72,NULL,NULL,NULL,NULL,NULL,'BPAY',NULL,NULL,NULL,NULL,NULL,NULL,NULL,NULL,NULL,NULL,NULL,0,NULL,NULL,NULL,NULL,NULL,NULL,NULL),
(1206809,'adj','2019-12-20 04:41:49.000000',14427,'2019-10-01','2019-12-20','F','ADJ001206809','4-1104','GST Credit Adjustment',0.00,-20.10,0.00,NULL,NULL,NULL,NULL,NULL,NULL,NULL,NULL,NULL,NULL,NULL,NULL,NULL,NULL,NULL,0,NULL,NULL,NULL,NULL,NULL,NULL,NULL),
(1209091,'bnv','2019-12-20 06:18:44.000000',14427,'2019-12-20','2019-12-20','F','000000988-0','4-1104','Aug-2019 to Oct-2019 Cold Water',34.25,0.00,34.25,'2020-01-13',0.00,NULL,NULL,NULL,NULL,NULL,NULL,NULL,NULL,NULL,NULL,NULL,NULL,NULL,0,NULL,NULL,NULL,NULL,NULL,NULL,NULL),
(1209092,'bnv','2019-12-20 06:18:44.000000',14427,'2019-12-20','2019-12-20','F','000000988-0','4-1103','Aug-2019 to Oct-2019 Hot Water',161.82,16.18,178.00,'2020-01-13',0.00,NULL,NULL,NULL,NULL,NULL,NULL,NULL,NULL,NULL,NULL,NULL,NULL,NULL,0,NULL,NULL,NULL,NULL,NULL,NULL,NULL),
(1209093,'bnv','2019-12-20 06:18:44.000000',14427,'2019-12-20','2019-12-20','F','000000988-0','5-1108','Aug-2019 to Oct-2019 Service Fee',51.43,5.15,56.58,'2020-01-13',0.00,NULL,NULL,NULL,NULL,NULL,NULL,NULL,NULL,NULL,NULL,NULL,NULL,NULL,0,NULL,NULL,NULL,NULL,NULL,NULL,NULL),
(1209094,'bnv','2019-12-20 06:18:44.000000',14427,'2019-12-20','2019-12-20','F','000000988-0','4-1101','Aug-2019 to Oct-2019 Electricity',193.38,19.34,212.72,'2020-01-13',0.00,NULL,NULL,NULL,NULL,NULL,NULL,NULL,NULL,NULL,NULL,NULL,NULL,NULL,0,NULL,NULL,NULL,NULL,NULL,NULL,NULL),
(1209095,'bnv','2019-12-20 06:18:44.000000',14427,'2019-12-20','2019-12-20','F','000000988-0','4-1131','Aug-2019 to Oct-2019 Gas Supply Charge',13.20,1.32,14.52,'2020-01-13',0.00,NULL,NULL,NULL,NULL,NULL,NULL,NULL,NULL,NULL,NULL,NULL,NULL,NULL,0,NULL,NULL,NULL,NULL,NULL,NULL,NULL),
(1228729,'pay','2019-12-29 17:01:10.000000',15757,'2019-12-23','2019-12-30','F','PAY000222916',NULL,NULL,-341.99,NULL,NULL,NULL,NULL,NULL,'DIRECT_DEBIT',NULL,NULL,NULL,NULL,NULL,NULL,NULL,NULL,NULL,NULL,NULL,0,NULL,NULL,NULL,NULL,NULL,NULL,NULL),
(1242331,'bnv','2020-01-06 03:09:14.000000',15757,'2020-01-06','2020-01-06','F','000000254-0','4-1104','Oct-2019 to Dec-2019 Cold Water',337.02,0.00,337.02,'2020-01-23',0.00,NULL,NULL,NULL,NULL,NULL,NULL,NULL,NULL,NULL,NULL,NULL,NULL,NULL,0,NULL,NULL,NULL,NULL,NULL,NULL,NULL),
(1242332,'bnv','2020-01-06 03:09:14.000000',15757,'2020-01-06','2020-01-06','F','000000254-0','5-1108','Dec-2019 Service Fee',15.10,1.51,16.61,'2020-01-23',0.00,NULL,NULL,NULL,NULL,NULL,NULL,NULL,NULL,NULL,NULL,NULL,NULL,NULL,0,NULL,NULL,NULL,NULL,NULL,NULL,NULL),
(1242333,'bnv','2020-01-06 03:09:14.000000',15757,'2020-01-06','2020-01-06','F','000000254-0','4-1101','Dec-2019 Electricity',320.70,32.07,352.77,'2020-01-23',0.00,NULL,NULL,NULL,NULL,NULL,NULL,NULL,NULL,NULL,NULL,NULL,NULL,NULL,0,NULL,NULL,NULL,NULL,NULL,NULL,NULL),
(1261298,'pay','2020-01-09 20:00:27.000000',14427,'2020-01-09','2020-01-09','F','PAY000233365',NULL,NULL,-475.97,NULL,NULL,NULL,NULL,NULL,'BPAY',NULL,NULL,NULL,NULL,NULL,NULL,NULL,NULL,NULL,NULL,NULL,0,NULL,NULL,NULL,NULL,NULL,NULL,NULL),
(1331336,'bnv','2020-01-22 04:47:13.000000',17457,'2020-01-22','2020-01-22','F','000005218-0','42202','Dec-2019 Electricity Usage Charge,Dec-2019 Electricity Usage Charge',2.46,0.25,2.71,'2020-02-12',0.00,NULL,NULL,NULL,NULL,NULL,NULL,NULL,NULL,NULL,NULL,NULL,NULL,NULL,0,NULL,NULL,NULL,NULL,NULL,NULL,NULL),
(1349074,'pay','2020-01-24 08:47:14.000000',1835,'2020-01-24','2020-01-24','F','PAY000248457',NULL,NULL,-551.21,NULL,NULL,NULL,NULL,NULL,'INTERNET',NULL,NULL,NULL,NULL,NULL,NULL,7.41,0.74,NULL,NULL,NULL,0,NULL,NULL,NULL,NULL,NULL,NULL,NULL),
(1349075,'adj','2020-01-24 08:47:14.000000',1835,'2020-01-24','2020-01-27','F','ADJ001349075','6-1101','Visa Surcharge',7.41,0.74,0.00,NULL,NULL,NULL,NULL,NULL,NULL,NULL,NULL,1349074,'PROCESSING_FEE',NULL,NULL,NULL,NULL,NULL,0,NULL,NULL,'bb52a71b-4926-7363-cfaa-57fc327929a8',NULL,NULL,NULL,'2020-01-27 20:34:19'),
(1354585,'pay','2020-01-28 17:01:09.000000',15757,'2020-01-23','2020-01-29','F','PAY000249631',NULL,NULL,-706.40,NULL,NULL,NULL,NULL,NULL,'DIRECT_DEBIT',NULL,NULL,NULL,NULL,NULL,NULL,NULL,NULL,NULL,NULL,NULL,0,NULL,NULL,NULL,NULL,NULL,NULL,NULL),
(1360787,'pay','2020-01-30 20:01:05.000000',17457,'2020-01-29','2020-01-30','F','PAY000252728',NULL,NULL,-2.71,NULL,NULL,NULL,NULL,NULL,'POSTBILLPAY',NULL,NULL,NULL,NULL,NULL,NULL,NULL,NULL,NULL,NULL,NULL,0,NULL,NULL,NULL,NULL,NULL,NULL,NULL),
(1376144,'adj','2020-02-04 21:46:08.000000',17457,'2020-01-22','2020-02-05','F','000005218-0 CLD','42202','Cancelled Dec-2019 Electricity Usage Charge,Dec-2019 Electricity Usage Charge',-2.46,-0.25,-2.71,NULL,NULL,NULL,NULL,NULL,NULL,NULL,NULL,NULL,NULL,NULL,NULL,NULL,NULL,NULL,0,NULL,NULL,NULL,NULL,NULL,NULL,NULL),
(1376145,'bnv','2020-02-04 21:46:08.000000',17457,'2020-01-22','2020-02-05','F','000005218-1','42202','Dec-2019 Electricity Usage Charge,Dec-2019 Electricity Usage Charge',4.52,0.46,4.98,'2020-02-24',0.00,NULL,NULL,NULL,NULL,NULL,NULL,NULL,NULL,NULL,NULL,NULL,NULL,NULL,0,NULL,NULL,NULL,NULL,NULL,NULL,NULL),
(1378067,'bnv','2020-02-05 00:23:11.000000',15757,'2020-02-05','2020-02-05','F','000000267-0','5-1108','Jan-2020 Service Fee',14.61,1.46,16.07,'2020-02-24',0.00,NULL,NULL,NULL,NULL,NULL,NULL,NULL,NULL,NULL,NULL,NULL,NULL,NULL,0,NULL,NULL,NULL,NULL,NULL,NULL,NULL),
(1378068,'bnv','2020-02-05 00:23:11.000000',15757,'2020-02-05','2020-02-05','F','000000267-0','4-1101','Jan-2020 Electricity',276.75,27.68,304.43,'2020-02-24',0.00,NULL,NULL,NULL,NULL,NULL,NULL,NULL,NULL,NULL,NULL,NULL,NULL,NULL,0,NULL,NULL,NULL,NULL,NULL,NULL,NULL),
(1378151,'bnv','2020-02-05 00:24:10.000000',17457,'2020-02-05','2020-02-05','F','000005560-0','42202','Jan-2020 Electricity Usage Charge,Jan-2020 Electricity Usage Charge',43.40,4.34,47.74,'2020-02-25',0.00,NULL,NULL,NULL,NULL,NULL,NULL,NULL,NULL,NULL,NULL,NULL,NULL,NULL,0,NULL,NULL,NULL,NULL,NULL,NULL,NULL),
(1488583,'pay','2020-02-26 17:03:04.000000',15757,'2020-02-24','2020-02-27','F','PAY000280141',NULL,NULL,-320.50,NULL,NULL,NULL,NULL,NULL,'DIRECT_DEBIT',NULL,NULL,NULL,NULL,NULL,NULL,NULL,NULL,NULL,NULL,NULL,0,NULL,NULL,NULL,NULL,NULL,NULL,NULL),
(1510805,'bnv','2020-03-03 23:13:53.000000',41886,'2020-03-04','2020-03-04','F','000000246-0','5-1108','Nov-2019 to Feb-2020 Service Fee',47.86,4.79,52.65,'2020-03-23',0.00,NULL,NULL,NULL,NULL,NULL,NULL,NULL,NULL,NULL,NULL,NULL,NULL,NULL,0,NULL,NULL,NULL,NULL,NULL,NULL,NULL),
(1510806,'bnv','2020-03-03 23:13:53.000000',41886,'2020-03-04','2020-03-04','F','000000246-0','4-1101','Nov-2019 to Feb-2020 Electricity',471.80,47.18,518.98,'2020-03-23',0.00,NULL,NULL,NULL,NULL,NULL,NULL,NULL,NULL,NULL,NULL,NULL,NULL,NULL,0,NULL,NULL,NULL,NULL,NULL,NULL,NULL),
(1514670,'bnv','2020-03-04 23:50:48.000000',15757,'2020-03-05','2020-03-05','F','000000279-0','5-1108','Feb-2020 Service Fee',14.61,1.46,16.07,'2020-03-24',0.00,NULL,NULL,NULL,NULL,NULL,NULL,NULL,NULL,NULL,NULL,NULL,NULL,NULL,0,NULL,NULL,NULL,NULL,NULL,NULL,NULL),
(1514671,'bnv','2020-03-04 23:50:48.000000',15757,'2020-03-05','2020-03-05','F','000000279-0','4-1101','Feb-2020 Electricity',351.45,35.15,386.60,'2020-03-24',0.00,NULL,NULL,NULL,NULL,NULL,NULL,NULL,NULL,NULL,NULL,NULL,NULL,NULL,0,NULL,NULL,NULL,NULL,NULL,NULL,NULL),
(1515497,'pay','2020-03-05 00:32:47.000000',17457,'2020-02-18','2020-02-19','F','PAY000288593',NULL,NULL,-50.01,NULL,NULL,NULL,NULL,NULL,'POSTBILLPAY',NULL,NULL,NULL,NULL,NULL,NULL,NULL,NULL,NULL,NULL,NULL,0,NULL,NULL,NULL,NULL,NULL,NULL,NULL),
(1523386,'bnv','2020-03-06 04:32:43.000000',17457,'2020-03-06','2020-03-06','F','000005895-0','42202','Feb-2020 Electricity Usage Charge,Feb-2020 Electricity Usage Charge',74.58,7.46,82.04,'2020-03-26',0.00,NULL,NULL,NULL,NULL,NULL,NULL,NULL,NULL,NULL,NULL,NULL,NULL,NULL,0,NULL,NULL,NULL,NULL,NULL,NULL,NULL),
(1572939,'pay','2020-03-14 20:15:16.000000',17457,'2020-03-13','2020-03-14','F','PAY000298331',NULL,NULL,-82.04,NULL,NULL,NULL,NULL,NULL,'POSTBILLPAY',NULL,NULL,NULL,NULL,NULL,NULL,NULL,NULL,NULL,NULL,NULL,0,NULL,NULL,NULL,NULL,NULL,NULL,NULL),
(1608609,'pay','2020-03-21 20:15:03.000000',41886,'2020-03-20','2020-03-21','F','PAY000304254',NULL,NULL,-571.63,NULL,NULL,NULL,NULL,NULL,'POSTBILLPAY',NULL,NULL,NULL,NULL,NULL,NULL,NULL,NULL,NULL,NULL,NULL,0,NULL,NULL,NULL,NULL,NULL,NULL,NULL),
(1609902,'bnv','2020-03-23 03:52:25.000000',1835,'2020-03-23','2020-03-23','F','000000865-0','5-1108','Dec-2019 to Mar-2020 Service Fee',30.24,3.02,33.26,'2020-04-09',0.00,NULL,NULL,NULL,NULL,NULL,NULL,NULL,NULL,NULL,NULL,NULL,NULL,NULL,0,NULL,NULL,NULL,NULL,NULL,NULL,NULL),
(1609903,'bnv','2020-03-23 03:52:25.000000',1835,'2020-03-23','2020-03-23','F','000000865-0','4-1128','Dec-2019 to Mar-2020 Hot Water Heating',122.18,12.22,134.40,'2020-04-09',0.00,NULL,NULL,NULL,NULL,NULL,NULL,NULL,NULL,NULL,NULL,NULL,NULL,NULL,0,NULL,NULL,NULL,NULL,NULL,NULL,NULL),
(1609904,'bnv','2020-03-23 03:52:25.000000',1835,'2020-03-23','2020-03-23','F','000000865-0','4-1101','Dec-2019 to Mar-2020 Electricity',365.91,36.59,402.50,'2020-04-09',0.00,NULL,NULL,NULL,NULL,NULL,NULL,NULL,NULL,NULL,NULL,NULL,NULL,NULL,0,NULL,NULL,NULL,NULL,NULL,NULL,NULL),
(1610155,'bnv','2020-03-23 03:59:48.000000',14427,'2020-03-23','2020-03-23','F','000001188-0','4-1104','Nov-2019 to Jan-2020 Cold Water',33.99,0.00,33.99,'2020-04-09',0.00,NULL,NULL,NULL,NULL,NULL,NULL,NULL,NULL,NULL,NULL,NULL,NULL,NULL,0,NULL,NULL,NULL,NULL,NULL,NULL,NULL),
(1610156,'bnv','2020-03-23 03:59:48.000000',14427,'2020-03-23','2020-03-23','F','000001188-0','5-1108','Nov-2019 to Jan-2020 Service Fee',53.11,5.31,58.42,'2020-04-09',0.00,NULL,NULL,NULL,NULL,NULL,NULL,NULL,NULL,NULL,NULL,NULL,NULL,NULL,0,NULL,NULL,NULL,NULL,NULL,NULL,NULL),
(1610157,'bnv','2020-03-23 03:59:48.000000',14427,'2020-03-23','2020-03-23','F','000001188-0','4-1103','Nov-2019 to Jan-2020 Hot Water',160.56,16.06,176.62,'2020-04-09',0.00,NULL,NULL,NULL,NULL,NULL,NULL,NULL,NULL,NULL,NULL,NULL,NULL,NULL,0,NULL,NULL,NULL,NULL,NULL,NULL,NULL),
(1610158,'bnv','2020-03-23 03:59:48.000000',14427,'2020-03-23','2020-03-23','F','000001188-0','4-1101','Nov-2019 to Jan-2020 Electricity',294.69,29.47,324.16,'2020-04-09',0.00,NULL,NULL,NULL,NULL,NULL,NULL,NULL,NULL,NULL,NULL,NULL,NULL,NULL,0,NULL,NULL,NULL,NULL,NULL,NULL,NULL),
(1610159,'bnv','2020-03-23 03:59:48.000000',14427,'2020-03-23','2020-03-23','F','000001188-0','4-1131','Nov-2019 to Jan-2020 Gas Supply Charge',13.50,1.35,14.85,'2020-04-09',0.00,NULL,NULL,NULL,NULL,NULL,NULL,NULL,NULL,NULL,NULL,NULL,NULL,NULL,0,NULL,NULL,NULL,NULL,NULL,NULL,NULL),
(1618608,'bnv','2020-03-25 03:23:49.000000',5266,'2020-03-25','2020-03-25','F','000000928-0','5-1108','Dec-2019 to Mar-2020 Service Fee',30.24,3.02,33.26,'2020-04-15',0.00,NULL,NULL,NULL,NULL,NULL,NULL,NULL,NULL,NULL,NULL,NULL,NULL,NULL,0,NULL,NULL,NULL,NULL,NULL,NULL,NULL),
(1618609,'bnv','2020-03-25 03:23:49.000000',5266,'2020-03-25','2020-03-25','F','000000928-0','4-1101','Dec-2019 to Mar-2020 Electricity',1416.15,141.62,1557.77,'2020-04-15',0.00,NULL,NULL,NULL,NULL,NULL,NULL,NULL,NULL,NULL,NULL,NULL,NULL,NULL,0,NULL,NULL,NULL,NULL,NULL,NULL,NULL),
(1620553,'pay','2020-03-26 17:03:09.000000',15757,'2020-03-24','2020-03-27','F','PAY000308406',NULL,NULL,-402.67,NULL,NULL,NULL,NULL,NULL,'DIRECT_DEBIT',NULL,NULL,NULL,NULL,NULL,NULL,NULL,NULL,NULL,NULL,NULL,0,NULL,NULL,NULL,NULL,NULL,NULL,NULL),
(1628880,'pay','2020-03-30 20:16:30.000000',5266,'2020-03-30','2020-03-30','F','PAY000311791',NULL,NULL,-1591.03,NULL,NULL,NULL,NULL,NULL,'BPAY',NULL,NULL,NULL,NULL,NULL,NULL,NULL,NULL,NULL,NULL,NULL,0,NULL,NULL,NULL,NULL,NULL,NULL,NULL),
(1655302,'bnv','2020-04-06 04:06:48.000000',15757,'2020-04-06','2020-04-06','F','000000291-0','4-1104','Jan-2020 to Mar-2020 Cold Water',308.25,0.00,308.25,'2020-04-27',0.00,NULL,NULL,NULL,NULL,NULL,NULL,NULL,NULL,NULL,NULL,NULL,NULL,NULL,0,NULL,NULL,NULL,NULL,NULL,NULL,NULL),
(1655303,'bnv','2020-04-06 04:06:48.000000',15757,'2020-04-06','2020-04-06','F','000000291-0','5-1108','Mar-2020 Service Fee',14.13,1.41,15.54,'2020-04-27',0.00,NULL,NULL,NULL,NULL,NULL,NULL,NULL,NULL,NULL,NULL,NULL,NULL,NULL,0,NULL,NULL,NULL,NULL,NULL,NULL,NULL),
(1655304,'bnv','2020-04-06 04:06:48.000000',15757,'2020-04-06','2020-04-06','F','000000291-0','4-1101','Mar-2020 Electricity',248.10,24.81,272.91,'2020-04-27',0.00,NULL,NULL,NULL,NULL,NULL,NULL,NULL,NULL,NULL,NULL,NULL,NULL,NULL,0,NULL,NULL,NULL,NULL,NULL,NULL,NULL),
(1657145,'pay','2020-04-06 20:16:53.000000',14427,'2020-04-06','2020-04-06','F','PAY000320759',NULL,NULL,-608.04,NULL,NULL,NULL,NULL,NULL,'BPAY',NULL,NULL,NULL,NULL,NULL,NULL,NULL,NULL,NULL,NULL,NULL,0,NULL,NULL,NULL,NULL,NULL,NULL,NULL),
(1721852,'bnv','2020-04-22 04:36:51.000000',17457,'2020-04-22','2020-04-22','F','000006159-0','42202','Mar-2020 Electricity Usage Charge,Mar-2020 Electricity Usage Charge',50.03,5.00,55.03,'2020-05-13',0.00,NULL,NULL,NULL,NULL,NULL,NULL,NULL,NULL,NULL,NULL,NULL,NULL,NULL,0,NULL,NULL,NULL,NULL,NULL,NULL,NULL),
(1750145,'pay','2020-04-29 18:12:41.000000',15757,'2020-04-27','2020-04-30','F','PAY000337052',NULL,NULL,-596.70,NULL,NULL,NULL,NULL,NULL,'DIRECT_DEBIT',NULL,NULL,NULL,NULL,NULL,NULL,NULL,NULL,NULL,NULL,NULL,0,NULL,NULL,NULL,NULL,NULL,NULL,NULL),
(1797582,'bnv','2020-05-12 07:15:56.000000',15757,'2020-05-12','2020-05-12','F','000000303-0','5-1108','Apr-2020 Service Fee',14.61,1.46,16.07,'2020-05-29',0.00,NULL,NULL,NULL,NULL,NULL,NULL,NULL,NULL,NULL,NULL,NULL,NULL,NULL,0,NULL,NULL,NULL,NULL,NULL,NULL,NULL),
(1797583,'bnv','2020-05-12 07:15:56.000000',15757,'2020-05-12','2020-05-12','F','000000303-0','4-1101','Apr-2020 Electricity',243.45,24.35,267.80,'2020-05-29',0.00,NULL,NULL,NULL,NULL,NULL,NULL,NULL,NULL,NULL,NULL,NULL,NULL,NULL,0,NULL,NULL,NULL,NULL,NULL,NULL,NULL),
(1807563,'bnv','2020-05-15 04:15:29.000000',17457,'2020-05-15','2020-05-15','F','000006583-0','42202','Apr-2020 Electricity Usage Charge,Apr-2020 Electricity Usage Charge',27.12,2.71,29.83,'2020-06-04',0.00,NULL,NULL,NULL,NULL,NULL,NULL,NULL,NULL,NULL,NULL,NULL,NULL,NULL,0,NULL,NULL,NULL,NULL,NULL,NULL,NULL),
(1840516,'pay','2020-05-20 10:38:39.000000',17457,'2020-05-11','2020-05-12','F','PAY000350032',NULL,NULL,-55.03,NULL,NULL,NULL,NULL,NULL,'POSTBILLPAY',NULL,NULL,NULL,NULL,NULL,NULL,NULL,NULL,NULL,NULL,NULL,0,NULL,NULL,NULL,NULL,NULL,NULL,NULL),
(1866544,'pay','2020-05-27 01:38:08.000000',17457,'2020-05-26','2020-05-26','F','PAY000361696',NULL,NULL,-84.86,NULL,NULL,NULL,NULL,NULL,'BPAY',NULL,NULL,NULL,NULL,NULL,NULL,NULL,NULL,NULL,NULL,NULL,0,NULL,NULL,NULL,NULL,NULL,NULL,NULL),
(1885377,'pay','2020-06-02 18:05:07.000000',15757,'2020-05-29','2020-06-03','F','PAY000368315',NULL,NULL,-283.87,NULL,NULL,NULL,NULL,NULL,'DIRECT_DEBIT',NULL,NULL,NULL,NULL,NULL,NULL,NULL,NULL,NULL,NULL,NULL,0,NULL,NULL,NULL,NULL,NULL,NULL,NULL),
(1904797,'bnv','2020-06-08 06:22:10.000000',15757,'2020-06-08','2020-06-08','F','000000316-0','5-1108','May-2020 Service Fee',14.61,1.46,16.07,'2020-06-25',0.00,NULL,NULL,NULL,NULL,NULL,NULL,NULL,NULL,NULL,NULL,NULL,NULL,NULL,0,NULL,NULL,NULL,NULL,NULL,NULL,NULL),
(1904798,'bnv','2020-06-08 06:22:10.000000',15757,'2020-06-08','2020-06-08','F','000000316-0','4-1101','May-2020 Electricity',243.75,24.38,268.13,'2020-06-25',0.00,NULL,NULL,NULL,NULL,NULL,NULL,NULL,NULL,NULL,NULL,NULL,NULL,NULL,0,NULL,NULL,NULL,NULL,NULL,NULL,NULL),
(1946151,'bnv','2020-06-16 02:51:34.000000',17457,'2020-06-16','2020-06-16','F','000006834-0','42202','May-2020 Electricity Usage Charge,May-2020 Electricity Usage Charge',7.30,0.73,8.03,'2020-07-06',0.00,NULL,NULL,NULL,NULL,NULL,NULL,NULL,NULL,NULL,NULL,NULL,NULL,NULL,0,NULL,NULL,NULL,NULL,NULL,NULL,NULL),
(1982408,'bnv','2020-06-19 04:50:40.000000',14427,'2020-06-19','2020-06-19','F','000001339-0','4-1104','Feb-2020 to Apr-2020 Cold Water',33.19,0.00,33.19,'2020-07-08',0.00,NULL,NULL,NULL,NULL,NULL,NULL,NULL,NULL,NULL,NULL,NULL,NULL,NULL,0,NULL,NULL,NULL,NULL,NULL,NULL,NULL),
(1982409,'bnv','2020-06-19 04:50:40.000000',14427,'2020-06-19','2020-06-19','F','000001339-0','5-1108','Feb-2020 to Apr-2020 Service Fee',53.11,5.31,58.42,'2020-07-08',0.00,NULL,NULL,NULL,NULL,NULL,NULL,NULL,NULL,NULL,NULL,NULL,NULL,NULL,0,NULL,NULL,NULL,NULL,NULL,NULL,NULL),
(1982410,'bnv','2020-06-19 04:50:40.000000',14427,'2020-06-19','2020-06-19','F','000001339-0','4-1103','Feb-2020 to Apr-2020 Hot Water',156.78,15.68,172.46,'2020-07-08',0.00,NULL,NULL,NULL,NULL,NULL,NULL,NULL,NULL,NULL,NULL,NULL,NULL,NULL,0,NULL,NULL,NULL,NULL,NULL,NULL,NULL),
(1982411,'bnv','2020-06-19 04:50:40.000000',14427,'2020-06-19','2020-06-19','F','000001339-0','4-1101','Feb-2020 to Apr-2020 Electricity',249.15,24.92,274.07,'2020-07-08',0.00,NULL,NULL,NULL,NULL,NULL,NULL,NULL,NULL,NULL,NULL,NULL,NULL,NULL,0,NULL,NULL,NULL,NULL,NULL,NULL,NULL),
(1982412,'bnv','2020-06-19 04:50:40.000000',14427,'2020-06-19','2020-06-19','F','000001339-0','4-1131','Feb-2020 to Apr-2020 Gas Supply Charge',13.50,1.35,14.85,'2020-07-08',0.00,NULL,NULL,NULL,NULL,NULL,NULL,NULL,NULL,NULL,NULL,NULL,NULL,NULL,0,NULL,NULL,NULL,NULL,NULL,NULL,NULL),
(1988436,'bnv','2020-06-22 02:42:10.000000',1835,'2020-06-22','2020-06-22','F','000001033-0','5-1108','Mar-2020 to Jun-2020 Service Fee',30.92,3.09,34.01,'2020-07-09',0.00,NULL,NULL,NULL,NULL,NULL,NULL,NULL,NULL,NULL,NULL,NULL,NULL,NULL,0,NULL,NULL,NULL,NULL,NULL,NULL,NULL),
(1988437,'bnv','2020-06-22 02:42:11.000000',1835,'2020-06-22','2020-06-22','F','000001033-0','4-1128','Mar-2020 to Jun-2020 Hot Water Heating',141.42,14.14,155.56,'2020-07-09',0.00,NULL,NULL,NULL,NULL,NULL,NULL,NULL,NULL,NULL,NULL,NULL,NULL,NULL,0,NULL,NULL,NULL,NULL,NULL,NULL,NULL),
(1988438,'bnv','2020-06-22 02:42:11.000000',1835,'2020-06-22','2020-06-22','F','000001033-0','4-1101','Mar-2020 to Jun-2020 Electricity',154.72,15.47,170.19,'2020-07-09',0.00,NULL,NULL,NULL,NULL,NULL,NULL,NULL,NULL,NULL,NULL,NULL,NULL,NULL,0,NULL,NULL,NULL,NULL,NULL,NULL,NULL),
(1988477,'bnv','2020-06-22 02:42:13.000000',5266,'2020-06-22','2020-06-22','F','000000969-0','5-1108','Mar-2020 to Jun-2020 Service Fee',30.92,3.09,34.01,'2020-07-09',0.00,NULL,NULL,NULL,NULL,NULL,NULL,NULL,NULL,NULL,NULL,NULL,NULL,NULL,0,NULL,NULL,NULL,NULL,NULL,NULL,NULL),
(1988478,'bnv','2020-06-22 02:42:13.000000',5266,'2020-06-22','2020-06-22','F','000000969-0','4-1101','Mar-2020 to Jun-2020 Electricity',1003.35,100.34,1103.69,'2020-07-09',0.00,NULL,NULL,NULL,NULL,NULL,NULL,NULL,NULL,NULL,NULL,NULL,NULL,NULL,0,NULL,NULL,NULL,NULL,NULL,NULL,NULL),
(1996006,'pay','2020-06-22 20:15:27.000000',14427,'2020-06-20','2020-06-22','F','PAY000386699',NULL,NULL,-552.99,NULL,NULL,NULL,NULL,NULL,'BPAY',NULL,NULL,NULL,NULL,NULL,NULL,NULL,NULL,NULL,NULL,NULL,0,NULL,NULL,NULL,NULL,NULL,NULL,NULL),
(1996498,'pay','2020-06-22 20:16:31.000000',5266,'2020-06-22','2020-06-22','F','PAY000387189',NULL,NULL,-1137.70,NULL,NULL,NULL,NULL,NULL,'BPAY',NULL,NULL,NULL,NULL,NULL,NULL,NULL,NULL,NULL,NULL,NULL,0,NULL,NULL,NULL,NULL,NULL,NULL,NULL),
(1997218,'bnv','2020-06-23 00:11:24.000000',41886,'2020-06-23','2020-06-23','F','000000274-0','5-1108','Feb-2020 to May-2020 Service Fee',24.59,2.46,27.05,'2020-07-10',0.00,NULL,NULL,NULL,NULL,NULL,NULL,NULL,NULL,NULL,NULL,NULL,NULL,NULL,0,NULL,NULL,NULL,NULL,NULL,NULL,NULL),
(1997219,'bnv','2020-06-23 00:11:24.000000',41886,'2020-06-23','2020-06-23','F','000000274-0','4-1101','Feb-2020 to May-2020 Electricity',257.08,25.71,282.79,'2020-07-10',0.00,NULL,NULL,NULL,NULL,NULL,NULL,NULL,NULL,NULL,NULL,NULL,NULL,NULL,0,NULL,NULL,NULL,NULL,NULL,NULL,NULL),
(2017684,'pay','2020-06-29 18:11:35.000000',15757,'2020-06-25','2020-06-30','F','PAY000393184',NULL,NULL,-284.20,NULL,NULL,NULL,NULL,NULL,'DIRECT_DEBIT',NULL,NULL,NULL,NULL,NULL,NULL,NULL,NULL,NULL,NULL,NULL,0,NULL,NULL,NULL,NULL,NULL,NULL,NULL),
(2053819,'bnv','2020-07-09 01:15:20.000000',17457,'2020-07-09','2020-07-09','F','000007329-0','42202','Jun-2020 Electricity Usage Charge,Jun-2020 Electricity Usage Charge',18.95,1.90,20.85,'2020-07-29',0.00,NULL,NULL,NULL,NULL,NULL,NULL,NULL,NULL,NULL,NULL,NULL,NULL,NULL,0,NULL,NULL,NULL,NULL,NULL,NULL,NULL),
(2066358,'pay','2020-07-09 20:15:05.000000',41886,'2020-07-08','2020-07-09','F','PAY000405729',NULL,NULL,-309.84,NULL,NULL,NULL,NULL,NULL,'POSTBILLPAY',NULL,NULL,NULL,NULL,NULL,NULL,NULL,NULL,NULL,NULL,NULL,0,NULL,NULL,NULL,NULL,NULL,NULL,NULL),
(2066359,'adj','2020-07-09 20:15:05.000000',41886,'2020-07-08','2020-07-09','F','ADJ002066359','6-1101','Visa Surcharge',4.22,0.42,0.00,NULL,NULL,NULL,NULL,NULL,NULL,NULL,NULL,2066358,'PROCESSING_FEE',NULL,NULL,NULL,NULL,NULL,0,NULL,NULL,'bb52a71b-4926-7363-cfaa-57fc327929a8',NULL,NULL,NULL,'2020-07-09 20:45:25'),
(2070905,'bnv','2020-07-10 04:22:56.000000',15757,'2020-07-10','2020-07-10','F','000000329-0','4-1104','Apr-2020 to Jun-2020 Cold Water',304.14,0.00,304.14,'2020-07-29',0.00,NULL,NULL,NULL,NULL,NULL,NULL,NULL,NULL,NULL,NULL,NULL,NULL,NULL,0,NULL,NULL,NULL,NULL,NULL,NULL,NULL),
(2070906,'bnv','2020-07-10 04:22:56.000000',15757,'2020-07-10','2020-07-10','F','000000329-0','5-1108','Jun-2020 Service Fee',15.10,1.51,16.61,'2020-07-29',0.00,NULL,NULL,NULL,NULL,NULL,NULL,NULL,NULL,NULL,NULL,NULL,NULL,NULL,0,NULL,NULL,NULL,NULL,NULL,NULL,NULL),
(2070907,'bnv','2020-07-10 04:22:56.000000',15757,'2020-07-10','2020-07-10','F','000000329-0','4-1101','Jun-2020 Electricity',253.80,25.38,279.18,'2020-07-29',0.00,NULL,NULL,NULL,NULL,NULL,NULL,NULL,NULL,NULL,NULL,NULL,NULL,NULL,0,NULL,NULL,NULL,NULL,NULL,NULL,NULL),
(2111498,'pay','2020-07-16 20:15:39.000000',1835,'2020-07-16','2020-07-16','F','PAY000411899',NULL,NULL,-929.92,NULL,NULL,NULL,NULL,NULL,'BPAY',NULL,NULL,NULL,NULL,NULL,NULL,NULL,NULL,NULL,NULL,NULL,0,NULL,NULL,NULL,NULL,NULL,NULL,NULL),
(2168035,'inv','2020-07-29 02:28:40.000000',17457,'2020-07-17','2020-08-06','F','INV002168035','4-1402','Balance Transfer Adjustment To Account 301650023692 and 301650033899 together with the deposit - $5,494.82',26.15,0.00,0.00,'2020-07-17',0.00,NULL,NULL,NULL,NULL,NULL,NULL,NULL,NULL,NULL,NULL,NULL,NULL,NULL,0,NULL,'27c8c711-db01-6aff-d152-5d6f1a3d0e49','27c8c711-db01-6aff-d152-5d6f1a3d0e49',NULL,NULL,'2020-07-29 02:28:40','2020-07-29 02:28:40'),
(2179377,'pay','2020-08-03 18:12:13.000000',15757,'2020-07-29','2020-08-04','F','PAY000425156',NULL,NULL,-599.93,NULL,NULL,NULL,NULL,NULL,'DIRECT_DEBIT',NULL,NULL,NULL,NULL,NULL,NULL,NULL,NULL,NULL,NULL,NULL,0,NULL,NULL,NULL,NULL,NULL,NULL,NULL),
(2201437,'bnv','2020-08-06 06:02:26.000000',17457,'2020-08-06','2020-08-06','F','000007771-0','42202','Jul-2020 Electricity Usage Charge,Jul-2020 Electricity Usage Charge',44.04,4.41,48.45,'2020-08-26',0.00,NULL,NULL,NULL,NULL,NULL,NULL,NULL,NULL,NULL,NULL,NULL,NULL,NULL,0,NULL,NULL,NULL,NULL,NULL,NULL,NULL),
(2240196,'bnv','2020-08-13 07:38:49.000000',15757,'2020-08-13','2020-08-13','F','000000355-0','5-1108','Jun-2020 to Jul-2020 Service Fee',14.61,1.46,16.07,'2020-09-01',0.00,NULL,NULL,NULL,NULL,NULL,NULL,NULL,NULL,NULL,NULL,NULL,NULL,NULL,0,NULL,NULL,NULL,NULL,NULL,NULL,NULL),
(2240197,'bnv','2020-08-13 07:38:49.000000',15757,'2020-08-13','2020-08-13','F','000000355-0','4-1101','Jun-2020 to Jul-2020 Electricity',250.05,25.01,275.06,'2020-09-01',0.00,NULL,NULL,NULL,NULL,NULL,NULL,NULL,NULL,NULL,NULL,NULL,NULL,NULL,0,NULL,NULL,NULL,NULL,NULL,NULL,NULL),
(2240198,'bnv','2020-08-13 07:38:49.000000',15757,'2020-08-13','2020-08-13','F','000000355-0','4-1130','Jun-2020 to Jul-2020 QLD Govt Relief Payment - Commercial',-500.00,0.00,-500.00,'2020-09-01',0.00,NULL,NULL,NULL,NULL,NULL,NULL,NULL,NULL,NULL,NULL,NULL,NULL,NULL,0,NULL,NULL,NULL,NULL,NULL,NULL,NULL),
(2288966,'pay','2020-08-24 03:19:25.000000',17457,'2020-08-17','2020-08-18','F','PAY000440559',NULL,NULL,-48.45,NULL,NULL,NULL,NULL,NULL,'POSTBILLPAY',NULL,NULL,NULL,NULL,NULL,NULL,NULL,NULL,NULL,NULL,NULL,0,NULL,NULL,NULL,NULL,NULL,NULL,NULL),
(2345860,'bnv','2020-09-08 03:55:14.000000',17457,'2020-09-08','2020-09-08','F','000007916-0','42202','Aug-2020 Electricity Usage Charge,Aug-2020 Electricity Usage Charge',29.10,2.91,32.01,'2020-09-28',0.00,NULL,NULL,NULL,NULL,NULL,NULL,NULL,NULL,NULL,NULL,NULL,NULL,NULL,0,NULL,NULL,NULL,NULL,NULL,NULL,NULL),
(2374645,'bnv','2020-09-11 05:25:23.000000',15757,'2020-09-11','2020-09-11','F','000000368-0','5-1108','Jul-2020 to Aug-2020 Service Fee',15.10,1.51,16.61,'2020-09-30',0.00,NULL,NULL,NULL,NULL,NULL,NULL,NULL,NULL,NULL,NULL,NULL,NULL,NULL,0,NULL,NULL,NULL,NULL,NULL,NULL,NULL),
(2374646,'bnv','2020-09-11 05:25:23.000000',15757,'2020-09-11','2020-09-11','F','000000368-0','4-1101','Jul-2020 to Aug-2020 Electricity',249.45,24.95,274.40,'2020-09-30',0.00,NULL,NULL,NULL,NULL,NULL,NULL,NULL,NULL,NULL,NULL,NULL,NULL,NULL,0,NULL,NULL,NULL,NULL,NULL,NULL,NULL),
(2419093,'bnv','2020-09-18 05:32:14.000000',14427,'2020-09-18','2020-09-18','F','000001586-0','4-1104','May-2020 to Jul-2020 Cold Water',50.98,0.00,50.98,'2020-10-08',0.00,NULL,NULL,NULL,NULL,NULL,NULL,NULL,NULL,NULL,NULL,NULL,NULL,NULL,0,NULL,NULL,NULL,NULL,NULL,NULL,NULL),
(2419094,'bnv','2020-09-18 05:32:14.000000',14427,'2020-09-18','2020-09-18','F','000001586-0','5-1108','May-2020 to Jul-2020 Service Fee',53.70,5.37,59.07,'2020-10-08',0.00,NULL,NULL,NULL,NULL,NULL,NULL,NULL,NULL,NULL,NULL,NULL,NULL,NULL,0,NULL,NULL,NULL,NULL,NULL,NULL,NULL),
(2419095,'bnv','2020-09-18 05:32:14.000000',14427,'2020-09-18','2020-09-18','F','000001586-0','4-1103','May-2020 to Jul-2020 Hot Water',236.88,23.69,260.57,'2020-10-08',0.00,NULL,NULL,NULL,NULL,NULL,NULL,NULL,NULL,NULL,NULL,NULL,NULL,NULL,0,NULL,NULL,NULL,NULL,NULL,NULL,NULL),
(2419096,'bnv','2020-09-18 05:32:14.000000',14427,'2020-09-18','2020-09-18','F','000001586-0','4-1101','May-2020 to Jul-2020 Electricity',215.66,21.57,237.23,'2020-10-08',0.00,NULL,NULL,NULL,NULL,NULL,NULL,NULL,NULL,NULL,NULL,NULL,NULL,NULL,0,NULL,NULL,NULL,NULL,NULL,NULL,NULL),
(2419097,'bnv','2020-09-18 05:32:14.000000',14427,'2020-09-18','2020-09-18','F','000001586-0','4-1131','May-2020 to Jul-2020 Gas Supply Charge',13.65,1.37,15.02,'2020-10-08',0.00,NULL,NULL,NULL,NULL,NULL,NULL,NULL,NULL,NULL,NULL,NULL,NULL,NULL,0,NULL,NULL,NULL,NULL,NULL,NULL,NULL),
(2451237,'pay','2020-09-28 20:15:20.000000',14427,'2020-09-26','2020-09-28','F','PAY000473982',NULL,NULL,-622.87,NULL,NULL,NULL,NULL,NULL,'BPAY',NULL,NULL,NULL,NULL,NULL,NULL,NULL,NULL,NULL,NULL,NULL,0,NULL,NULL,NULL,NULL,NULL,NULL,NULL),
(2857190,'bnv','2020-12-16 02:58:10.000000',14427,'2020-12-16','2020-12-16','F','000001679-0','4-1104','Aug-2020 to Oct-2020 Cold Water',35.74,0.00,35.74,'2021-01-07',0.00,NULL,NULL,NULL,NULL,NULL,NULL,NULL,NULL,NULL,NULL,NULL,NULL,NULL,0,NULL,NULL,NULL,NULL,NULL,NULL,NULL),
(2857191,'bnv','2020-12-16 02:58:10.000000',14427,'2020-12-16','2020-12-16','F','000001679-0','5-1108','Aug-2020 to Oct-2020 Service Fee',53.70,5.37,59.07,'2021-01-07',0.00,NULL,NULL,NULL,NULL,NULL,NULL,NULL,NULL,NULL,NULL,NULL,NULL,NULL,0,NULL,NULL,NULL,NULL,NULL,NULL,NULL),
(2857192,'bnv','2020-12-16 02:58:10.000000',14427,'2020-12-16','2020-12-16','F','000001679-0','4-1103','Aug-2020 to Oct-2020 Hot Water',164.34,16.43,180.77,'2021-01-07',0.00,NULL,NULL,NULL,NULL,NULL,NULL,NULL,NULL,NULL,NULL,NULL,NULL,NULL,0,NULL,NULL,NULL,NULL,NULL,NULL,NULL),
(2857193,'bnv','2020-12-16 02:58:10.000000',14427,'2020-12-16','2020-12-16','F','000001679-0','4-1101','Aug-2020 to Oct-2020 Electricity',191.90,19.19,211.09,'2021-01-07',0.00,NULL,NULL,NULL,NULL,NULL,NULL,NULL,NULL,NULL,NULL,NULL,NULL,NULL,0,NULL,NULL,NULL,NULL,NULL,NULL,NULL),
(2857194,'bnv','2020-12-16 02:58:10.000000',14427,'2020-12-16','2020-12-16','F','000001679-0','4-1131','Aug-2020 to Oct-2020 Gas Supply Charge',13.65,1.37,15.02,'2021-01-07',0.00,NULL,NULL,NULL,NULL,NULL,NULL,NULL,NULL,NULL,NULL,NULL,NULL,NULL,0,NULL,NULL,NULL,NULL,NULL,NULL,NULL),
(2867554,'pay','2020-12-17 20:15:13.000000',14427,'2020-12-16','2020-12-17','F','PAY000545417',NULL,NULL,-502.00,NULL,NULL,NULL,NULL,NULL,'BPAY',NULL,NULL,NULL,NULL,NULL,NULL,NULL,NULL,NULL,NULL,NULL,0,NULL,NULL,NULL,NULL,NULL,NULL,NULL),
(3235989,'bnv','2021-03-09 04:40:34.519000',14427,'2021-03-09','2021-03-09','F','000001889-0','4-1104','Nov-2020 to Jan-2021 Cold Water',21.73,0.00,21.73,'2021-03-26',0.00,NULL,NULL,NULL,NULL,NULL,NULL,NULL,NULL,NULL,NULL,NULL,NULL,NULL,0,NULL,NULL,NULL,NULL,NULL,NULL,NULL),
(3235990,'bnv','2021-03-09 04:40:34.520000',14427,'2021-03-09','2021-03-09','F','000001889-0','5-1108','Nov-2020 to Jan-2021 Service Fee',54.29,5.43,59.72,'2021-03-26',0.00,NULL,NULL,NULL,NULL,NULL,NULL,NULL,NULL,NULL,NULL,NULL,NULL,NULL,0,NULL,NULL,NULL,NULL,NULL,NULL,NULL),
(3235991,'bnv','2021-03-09 04:40:34.522000',14427,'2021-03-09','2021-03-09','F','000001889-0','4-1103','Nov-2020 to Jan-2021 Hot Water',99.90,9.99,109.89,'2021-03-26',0.00,NULL,NULL,NULL,NULL,NULL,NULL,NULL,NULL,NULL,NULL,NULL,NULL,NULL,0,NULL,NULL,NULL,NULL,NULL,NULL,NULL),
(3235992,'bnv','2021-03-09 04:40:34.523000',14427,'2021-03-09','2021-03-09','F','000001889-0','4-1101','Nov-2020 to Jan-2021 Electricity',198.00,19.80,217.80,'2021-03-26',0.00,NULL,NULL,NULL,NULL,NULL,NULL,NULL,NULL,NULL,NULL,NULL,NULL,NULL,0,NULL,NULL,NULL,NULL,NULL,NULL,NULL),
(3235993,'bnv','2021-03-09 04:40:34.525000',14427,'2021-03-09','2021-03-09','F','000001889-0','4-1131','Nov-2020 to Jan-2021 Gas Supply Charge',13.80,1.38,15.18,'2021-03-26',0.00,NULL,NULL,NULL,NULL,NULL,NULL,NULL,NULL,NULL,NULL,NULL,NULL,NULL,0,NULL,NULL,NULL,NULL,NULL,NULL,NULL);

/*Data for the table `bbeng_api_keys` */

insert  into `bbeng_api_keys`(`id`,`caller_uuid`,`key_hashed`,`key_passphrase`,`hostname`,`name`,`description`,`deleted`,`assigned_user_id`,`created_by`,`modified_user_id`,`team_id`,`team_set_id`,`date_entered`,`date_modified`) values 
(1,'679b784009f311eb8ed60a85abb929f8','dc99fd2daa258966894b9186a305ee6576d84aafaa845aa8f39d5fb0466134c8','generic_dev_api_oct2020',NULL,NULL,NULL,0,NULL,NULL,NULL,NULL,NULL,NULL,NULL);

/*Data for the table `bbeng_billers` */

insert  into `bbeng_billers`(`id`,`version`,`unique_biller_id`,`name`,`description`,`legal_identifier`,`enq_name`,`enq_contact_hours`,`enq_contact_phone`,`enq_fax`,`enq_email`,`enq_website`,`send_from_addr`,`send_from_name`,`send_reply_addr`,`send_cc_addr`,`send_bcc_addr`,`send_sms_from`,`accounting_access_id`,`instance_id`,`deleted`,`assigned_user_id`,`created_by`,`modified_user_id`,`team_id`,`team_set_id`,`date_entered`,`date_modified`) values 
(2,'2020-09-13 13:26:44.000000','m2c_full','Meter2Cash Solutions Pty Ltd','Full Invoice','51130008196','Meter2Cash Solutions','ABN 51 130 008 196','(07) 3350 5999',NULL,'enquiries@m2cs.com.au',NULL,'accounts@meter2cashsolutions.com.au','Meter2Cash eBills','enquiries@meter2cashsolutions.com.au',NULL,NULL,'Meter2Cash',NULL,NULL,0,NULL,NULL,NULL,NULL,NULL,NULL,NULL),
(7,'2019-04-30 06:15:23.000000','flow_retail','Flow Systems Pty Ltd','Flow Retail Billing','28136272298','Customer Service Team','Mon - Fri, 8.30am - 5.00pm','1300 806 806',NULL,'hi@flowsystems.com.au',NULL,'hi@flowsystems.com.au','Flow Systems eBills','hi@flowsystems.com.au',NULL,NULL,'FLOW',NULL,NULL,0,NULL,NULL,NULL,NULL,NULL,NULL,NULL);

/*Data for the table `bbeng_billers_banking` */

insert  into `bbeng_billers_banking`(`id`,`version`,`bank_name`,`account_name`,`merchant_id`,`account_bsb`,`account_number`,`fin_sys_bank_id`,`fin_sys_gl_account`,`name`,`description`,`deleted`,`assigned_user_id`,`created_by`,`modified_user_id`,`team_id`,`team_set_id`,`date_entered`,`date_modified`) values 
(1,'2015-08-04 05:45:24.000000','NAB','Energy Intelligence','J3200',83266,247437781,NULL,NULL,NULL,NULL,0,NULL,NULL,NULL,NULL,NULL,NULL,NULL),
(2,'2015-07-03 21:16:25.000000','Merchant Warrior','Credit Card and Direct Debit 01','54909a2c6bb50',NULL,NULL,NULL,NULL,NULL,NULL,0,NULL,NULL,NULL,NULL,NULL,NULL,NULL),
(3,'2015-07-03 21:16:25.000000','Merchant Warrior','Credit Card and Direct Debit 02','591bd3fad3c2d',NULL,NULL,NULL,NULL,NULL,NULL,0,NULL,NULL,NULL,NULL,NULL,NULL,NULL);

/*Data for the table `bbeng_billers_payment_gateway` */

insert  into `bbeng_billers_payment_gateway`(`id`,`type`,`version`,`biller_id`,`hostname`,`access_json`) values 
(1,'MERCHANT_WARRIOR','2018-01-17 01:23:29',2,'https://base.merchantwarrior.com/','{\n    \"merchant\": {\n        \"uuid\": \"54909a2c6bb50\",\n        \"api_key\": \"4y4zagxd\",\n        \"api_passphrase\": \"9ebi5a4u\"\n    },\n    \"integrator\": {\n        \"uuid\": \"54fe61528aad7\",\n        \"api_key\": \"z8z7lltk\",\n        \"api_passphrase\": \"yq2vdzhg\"\n    }\n}'),
(2,'MERCHANT_WARRIOR','2020-11-19 08:32:56',7,'https://base.merchantwarrior.com/','{\n    \"merchant\": {\n        \"uuid\": \"591bd3fad3c2d\",\n        \"api_key\": \"ndi1nfqq\",\n        \"api_passphrase\": \"v5vs3lrf\"\n    },\n    \"integrator\": {\n        \"uuid\": \"54fe61528aad7\",\n        \"api_key\": \"z8z7lltk\",\n        \"api_passphrase\": \"yq2vdzhg\"\n    }\n}');

/*Data for the table `bbeng_billers_responsibilities` */

insert  into `bbeng_billers_responsibilities`(`biller_id`,`site_id`) values 
(2,91),
(2,211),
(2,217),
(2,447),
(7,228);

/*Data for the table `bbeng_bills` */

insert  into `bbeng_bills`(`id`,`type`,`account_id`,`reference_only`,`invoice_number`,`issue_date`,`regenerated_count`,`regenerated_date`,`posted_date`,`cancelled_date`,`due_date`,`potd_total_amount`,`potd_total_tax`,`potd_claimed`,`potd_locked`,`apply_rounding`,`aggregate_charges`,`snp_full_invoice_number`,`snp_attachment_count`,`snp_notice_on_bill`,`snp_service_type`,`snp_billing_period_start`,`snp_billing_period_end`,`name`,`deleted`,`assigned_user_id`,`created_by`,`modified_user_id`,`team_id`,`team_set_id`,`date_entered`,`date_modified`,`description`) values 
(3686,'utility',1835,'F',40,'2017-06-30',0,'2017-06-30','2017-06-30',NULL,'2017-07-19',NULL,NULL,'F','F','F','T','000000040-0',0,'T','Electricity,Water','2017-03-08','2017-06-07',NULL,0,NULL,NULL,NULL,NULL,NULL,NULL,NULL,NULL),
(5495,'utility',1835,'F',99,'2017-09-19',0,'2017-09-19','2017-09-19',NULL,'2017-10-09',NULL,NULL,'F','F','F','T','000000099-0',0,'F','Electricity,Water','2017-06-08','2017-09-07',NULL,0,NULL,NULL,NULL,NULL,NULL,NULL,NULL,NULL),
(7636,'utility',1835,'F',166,'2017-12-13',0,'2017-12-13','2017-12-13',NULL,'2018-01-03',NULL,NULL,'F','F','F','T','000000166-0',0,'T','Electricity,Water','2017-09-08','2017-12-07',NULL,0,NULL,NULL,NULL,NULL,NULL,NULL,NULL,NULL),
(13361,'utility',1835,'F',238,'2018-03-16',0,'2018-03-16','2018-03-16',NULL,'2018-04-06',NULL,NULL,'F','F','F','T','000000238-0',0,'T','Electricity,Water','2017-12-08','2018-03-07',NULL,0,NULL,NULL,NULL,NULL,NULL,NULL,NULL,NULL),
(13918,'utility',5266,'F',285,'2018-03-29',0,'2018-03-29','2018-03-29',NULL,'2018-04-19',NULL,NULL,'F','F','F','T','000000285-0',0,'T','Electricity','2017-12-08','2018-03-07',NULL,0,NULL,NULL,NULL,NULL,NULL,NULL,NULL,NULL),
(31611,'utility',5266,'F',310,'2018-06-13',0,'2018-06-13','2018-06-13',NULL,'2018-07-02',NULL,NULL,'F','F','F','T','000000310-0',0,'T','Electricity','2018-03-08','2018-06-07',NULL,0,NULL,NULL,NULL,NULL,NULL,NULL,NULL,NULL),
(31661,'utility',1835,'F',345,'2018-06-13',0,'2018-06-13','2018-06-13',NULL,'2018-07-02',NULL,NULL,'F','F','F','T','000000345-0',0,'T','Electricity,Water','2018-03-08','2018-06-07',NULL,0,NULL,NULL,NULL,NULL,NULL,NULL,NULL,NULL),
(49605,'utility',14427,'F',41,'2018-09-19',0,'2018-09-19','2018-09-19',NULL,'2018-10-09',NULL,NULL,'F','F','F','T','000000041-0',0,'T','Electricity,Water','2018-05-01','2018-07-31',NULL,0,NULL,NULL,NULL,NULL,NULL,NULL,NULL,NULL),
(50523,'utility',1835,'F',395,'2018-09-25',0,'2018-09-25','2018-09-25',NULL,'2018-10-15',NULL,NULL,'F','F','F','T','000000395-0',0,'T','Electricity,Water','2018-06-08','2018-09-07',NULL,0,NULL,NULL,NULL,NULL,NULL,NULL,NULL,NULL),
(50534,'utility',5266,'F',406,'2018-09-25',0,'2018-09-25','2018-09-25',NULL,'2018-10-15',NULL,NULL,'F','F','F','T','000000406-0',0,'T','Electricity','2018-06-08','2018-09-07',NULL,0,NULL,NULL,NULL,NULL,NULL,NULL,NULL,NULL),
(55894,'utility',15757,'F',22,'2018-10-03',0,'2018-10-03','2018-10-03',NULL,'2018-10-22',NULL,NULL,'F','F','F','T','000000022-0',0,'T','Electricity','2018-07-28','2018-08-27',NULL,0,NULL,NULL,NULL,NULL,NULL,NULL,NULL,NULL),
(58392,'utility',15757,'F',44,'2018-10-19',0,'2018-10-19','2018-10-19',NULL,'2018-11-07',NULL,NULL,'F','F','F','T','000000044-0',0,'T','Electricity,Water','2018-06-28','2018-09-27',NULL,0,NULL,NULL,NULL,NULL,NULL,NULL,NULL,NULL),
(68285,'utility',15757,'F',57,'2018-11-08',0,'2018-11-08','2018-11-08',NULL,'2018-11-27',NULL,NULL,'F','F','F','T','000000057-0',0,'T','Electricity','2018-09-28','2018-10-27',NULL,0,NULL,NULL,NULL,NULL,NULL,NULL,NULL,NULL),
(83706,'utility',14427,'F',249,'2018-12-12',0,'2018-12-12','2018-12-12',NULL,'2019-01-03',NULL,NULL,'F','F','F','T','000000249-0',0,'T','Electricity,Water','2018-08-01','2018-10-31',NULL,0,NULL,NULL,NULL,NULL,NULL,NULL,NULL,NULL),
(87522,'utility',15757,'F',69,'2018-12-19',0,'2018-12-19','2018-12-19',NULL,'2019-01-10',NULL,NULL,'F','F','F','T','000000069-0',0,'T','Electricity','2018-10-28','2018-11-27',NULL,0,NULL,NULL,NULL,NULL,NULL,NULL,NULL,NULL),
(91682,'utility',5266,'F',457,'2019-01-02',0,'2019-01-02','2019-01-02','2019-01-03','2019-01-21',NULL,NULL,'F','F','F','T','000000457-0',0,'F','Electricity','2018-09-08','2018-12-07',NULL,0,NULL,NULL,NULL,NULL,NULL,NULL,NULL,NULL),
(91715,'utility',1835,'F',490,'2019-01-02',0,'2019-01-02','2019-01-02',NULL,'2019-01-21',NULL,NULL,'F','F','F','T','000000490-0',0,'T','Electricity,Water','2018-09-08','2018-12-07',NULL,0,NULL,NULL,NULL,NULL,NULL,NULL,NULL,NULL),
(91902,'utility',5266,'F',457,'2019-01-03',1,'2019-01-02','2019-01-03',NULL,'2019-01-22',NULL,NULL,'F','F','F','T','000000457-1',0,'T','Electricity','2018-09-08','2018-12-07',NULL,0,NULL,NULL,NULL,NULL,NULL,NULL,NULL,NULL),
(95716,'utility',15757,'F',81,'2019-01-11',0,'2019-01-11','2019-01-11',NULL,'2019-01-31',NULL,NULL,'F','F','F','T','000000081-0',0,'T','Electricity,Water','2018-09-28','2018-12-27',NULL,0,NULL,NULL,NULL,NULL,NULL,NULL,NULL,NULL),
(111430,'utility',15757,'F',94,'2019-02-13',0,'2019-02-13','2019-02-13',NULL,'2019-03-04',NULL,NULL,'F','F','F','T','000000094-0',0,'T','Electricity','2018-12-28','2019-01-27',NULL,0,NULL,NULL,NULL,NULL,NULL,NULL,NULL,NULL),
(121352,'utility',17457,'F',949,'2019-03-06',0,'2019-03-06','2019-03-06',NULL,'2019-03-26',NULL,NULL,'F','F','F','T','000000949-0',0,'F','Electricity','2018-12-01','2018-12-31',NULL,0,NULL,NULL,NULL,NULL,NULL,NULL,NULL,NULL),
(125060,'utility',14427,'F',492,'2019-03-18',0,'2019-03-18','2019-03-18',NULL,'2019-04-04',NULL,NULL,'F','F','F','T','000000492-0',0,'T','Electricity,Water','2018-11-01','2019-01-31',NULL,0,NULL,NULL,NULL,NULL,NULL,NULL,NULL,NULL),
(129815,'utility',15757,'F',107,'2019-03-19',0,'2019-03-19','2019-03-20',NULL,'2019-04-05',NULL,NULL,'F','F','F','T','000000107-0',0,'T','Electricity','2019-01-28','2019-02-27',NULL,0,NULL,NULL,NULL,NULL,NULL,NULL,NULL,NULL),
(130136,'utility',1835,'F',544,'2019-03-19',0,'2019-03-19','2019-03-21',NULL,'2019-04-05',NULL,NULL,'F','F','F','T','000000544-0',0,'F','Electricity,Water','2018-12-08','2019-03-07',NULL,0,NULL,NULL,NULL,NULL,NULL,NULL,NULL,NULL),
(130142,'utility',5266,'F',550,'2019-03-19',0,'2019-03-19','2019-03-21',NULL,'2019-04-05',NULL,NULL,'F','F','F','T','000000550-0',0,'F','Electricity','2018-12-08','2019-03-07',NULL,0,NULL,NULL,NULL,NULL,NULL,NULL,NULL,NULL),
(141020,'utility',15757,'F',120,'2019-04-10',0,'2019-04-10','2019-04-10',NULL,'2019-05-02',NULL,NULL,'F','F','F','T','000000120-0',0,'T','Electricity,Water','2018-12-28','2019-03-27',NULL,0,NULL,NULL,NULL,NULL,NULL,NULL,NULL,NULL),
(145712,'utility',17457,'F',1720,'2019-04-16',0,'2019-04-16','2019-04-16',NULL,'2019-05-10',NULL,NULL,'F','F','F','T','000001720-0',0,'F','Electricity','2019-02-01','2019-02-28',NULL,0,NULL,NULL,NULL,NULL,NULL,NULL,NULL,NULL),
(153925,'utility',17457,'F',2150,'2019-05-16',0,'2019-05-16','2019-05-16',NULL,'2019-06-05',NULL,NULL,'F','F','F','T','000002150-0',0,'F','Electricity','2019-03-01','2019-03-31',NULL,0,NULL,NULL,NULL,NULL,NULL,NULL,NULL,NULL),
(159780,'utility',15757,'F',133,'2019-05-13',0,'2019-05-13','2019-05-13',NULL,'2019-05-30',NULL,NULL,'F','F','F','T','000000133-0',0,'T','Electricity','2019-03-28','2019-04-27',NULL,0,NULL,NULL,NULL,NULL,NULL,NULL,NULL,NULL),
(174455,'utility',14427,'F',699,'2019-06-05',0,'2019-06-05','2019-06-05',NULL,'2019-06-24',NULL,NULL,'F','F','F','T','000000699-0',0,'T','Electricity,Water','2019-02-01','2019-04-30',NULL,0,NULL,NULL,NULL,NULL,NULL,NULL,NULL,NULL),
(175822,'utility',15757,'F',146,'2019-06-07',0,'2019-06-07','2019-06-07',NULL,'2019-06-26',NULL,NULL,'F','F','F','T','000000146-0',0,'T','Electricity','2019-04-28','2019-05-27',NULL,0,NULL,NULL,NULL,NULL,NULL,NULL,NULL,NULL),
(176364,'utility',5266,'F',621,'2019-06-11',0,'2019-06-11','2019-06-11',NULL,'2019-06-28',NULL,NULL,'F','F','F','T','000000621-0',0,'T','Electricity','2019-03-08','2019-06-07',NULL,0,NULL,NULL,NULL,NULL,NULL,NULL,NULL,NULL),
(178052,'utility',1835,'F',645,'2019-06-11',0,'2019-06-11','2019-06-11',NULL,'2019-06-28',NULL,NULL,'F','F','F','T','000000645-0',0,'T','Electricity,Water','2019-03-08','2019-06-07',NULL,0,NULL,NULL,NULL,NULL,NULL,NULL,NULL,NULL),
(181725,'utility',17457,'F',2474,'2019-06-13',0,'2019-06-13','2019-06-13',NULL,'2019-07-03',NULL,NULL,'F','F','F','T','000002474-0',0,'F','Electricity','2019-05-01','2019-05-31',NULL,0,NULL,NULL,NULL,NULL,NULL,NULL,NULL,NULL),
(194826,'utility',15757,'F',158,'2019-07-04',0,'2019-07-04','2019-07-04',NULL,'2019-07-23',NULL,NULL,'F','F','F','T','000000158-0',0,'T','Electricity,Water','2019-03-28','2019-06-27',NULL,0,NULL,NULL,NULL,NULL,NULL,NULL,NULL,NULL),
(207297,'utility',17457,'F',3152,'2019-07-29',0,'2019-07-29','2019-07-29',NULL,'2019-08-16',NULL,NULL,'F','F','F','T','000003152-0',0,'F','Electricity,Water','2019-06-01','2019-06-30',NULL,0,NULL,NULL,NULL,NULL,NULL,NULL,NULL,NULL),
(219573,'utility',17457,'F',3656,'2019-08-21',0,'2019-08-21','2019-08-21',NULL,'2019-09-10',NULL,NULL,'F','F','F','T','000003656-0',0,'F','Electricity,Water','2019-07-01','2019-07-31',NULL,0,NULL,NULL,NULL,NULL,NULL,NULL,NULL,NULL),
(223486,'utility',15757,'F',172,'2019-08-16',0,'2019-08-16','2019-08-16',NULL,'2019-09-04',NULL,NULL,'F','F','F','T','000000172-0',0,'T','Electricity','2019-06-28','2019-07-27',NULL,0,NULL,NULL,NULL,NULL,NULL,NULL,NULL,NULL),
(235370,'utility',15757,'F',186,'2019-09-17',0,'2019-09-17','2019-09-17',NULL,'2019-10-04',NULL,NULL,'F','F','F','T','000000186-0',0,'T','Electricity','2019-07-28','2019-08-27',NULL,0,NULL,NULL,NULL,NULL,NULL,NULL,NULL,NULL),
(245901,'utility',17457,'F',3842,'2019-09-17',0,'2019-09-17','2019-09-17',NULL,'2019-10-08',NULL,NULL,'F','F','F','T','000003842-0',0,'F','Electricity,Water','2019-08-01','2019-08-31',NULL,0,NULL,NULL,NULL,NULL,NULL,NULL,NULL,NULL),
(251553,'utility',14427,'F',809,'2019-09-19',0,'2019-09-19','2019-09-19',NULL,'2019-10-09',NULL,NULL,'F','F','F','T','000000809-0',0,'T','Electricity,Water','2019-05-01','2019-07-31',NULL,0,NULL,NULL,NULL,NULL,NULL,NULL,NULL,NULL),
(255417,'utility',5266,'F',702,'2019-09-25',0,'2019-09-25','2019-09-25',NULL,'2019-10-15',NULL,NULL,'F','F','F','T','000000702-0',0,'T','Electricity','2019-06-08','2019-09-07',NULL,0,NULL,NULL,NULL,NULL,NULL,NULL,NULL,NULL),
(255442,'utility',1835,'F',726,'2019-09-25',0,'2019-09-25','2019-09-25',NULL,'2019-10-15',NULL,NULL,'F','F','F','T','000000726-0',0,'T','Electricity,Water','2019-06-08','2019-09-07',NULL,0,NULL,NULL,NULL,NULL,NULL,NULL,NULL,NULL),
(267947,'utility',15757,'F',200,'2019-10-08',0,'2019-10-08','2019-10-08',NULL,'2019-10-25',NULL,NULL,'F','F','F','T','000000200-0',0,'T','Electricity,Water','2019-06-28','2019-09-27',NULL,0,NULL,NULL,NULL,NULL,NULL,NULL,NULL,NULL),
(274664,'utility',17457,'F',4189,'2019-10-16',0,'2019-10-16','2019-10-16',NULL,'2019-11-05',NULL,NULL,'F','F','F','T','000004189-0',0,'F','Electricity,Water','2019-09-01','2019-09-30',NULL,0,NULL,NULL,NULL,NULL,NULL,NULL,NULL,NULL),
(296316,'utility',15757,'F',228,'2019-11-08',0,'2019-11-08','2019-11-08',NULL,'2019-11-27',NULL,NULL,'F','F','F','T','000000228-0',0,'T','Electricity','2019-09-28','2019-10-27',NULL,0,NULL,NULL,NULL,NULL,NULL,NULL,NULL,NULL),
(300499,'utility',17457,'F',4541,'2019-11-14',0,'2019-11-14','2019-11-14',NULL,'2019-12-04',NULL,NULL,'F','F','F','T','000004541-0',0,'F','Electricity,Water','2019-10-01','2019-10-31',NULL,0,NULL,NULL,NULL,NULL,NULL,NULL,NULL,NULL),
(322128,'utility',15757,'F',239,'2019-12-04',0,'2019-12-04','2019-12-04',NULL,'2019-12-23',NULL,NULL,'F','F','F','T','000000239-0',0,'T','Electricity','2019-10-28','2019-11-27',NULL,0,NULL,NULL,NULL,NULL,NULL,NULL,NULL,NULL),
(325772,'utility',17457,'F',4881,'2019-12-09',0,'2019-12-09','2019-12-09',NULL,'2019-12-31',NULL,NULL,'F','F','F','T','000004881-0',0,'F','Electricity,Water','2019-11-01','2019-11-30',NULL,0,NULL,NULL,NULL,NULL,NULL,NULL,NULL,NULL),
(340765,'utility',5266,'F',778,'2019-12-18',0,'2019-12-18','2019-12-18',NULL,'2020-01-08',NULL,NULL,'F','F','F','T','000000778-0',0,'T','Electricity','2019-09-08','2019-12-07',NULL,0,NULL,NULL,NULL,NULL,NULL,NULL,NULL,NULL),
(342590,'utility',1835,'F',803,'2019-12-18',0,'2019-12-18','2019-12-18',NULL,'2020-01-08',NULL,NULL,'F','F','F','T','000000803-0',0,'T','Electricity,Water','2019-09-08','2019-12-07',NULL,0,NULL,NULL,NULL,NULL,NULL,NULL,NULL,NULL),
(347993,'utility',14427,'F',988,'2019-12-20',0,'2019-12-20','2019-12-20',NULL,'2020-01-13',NULL,NULL,'F','F','F','T','000000988-0',0,'T','Electricity,Water','2019-08-01','2019-10-31',NULL,0,NULL,NULL,NULL,NULL,NULL,NULL,NULL,NULL),
(355051,'utility',15757,'F',254,'2020-01-06',0,'2020-01-06','2020-01-06',NULL,'2020-01-23',NULL,NULL,'F','F','F','T','000000254-0',0,'T','Electricity,Water','2019-09-28','2019-12-27',NULL,0,NULL,NULL,NULL,NULL,NULL,NULL,NULL,NULL),
(376213,'utility',17457,'F',5218,'2020-01-22',0,'2020-01-22','2020-01-22','2020-02-05','2020-02-12',NULL,NULL,'F','F','F','T','000005218-0',0,'F','Electricity,Water','2019-12-01','2019-12-31',NULL,0,NULL,NULL,NULL,NULL,NULL,NULL,NULL,NULL),
(391025,'utility',15757,'F',267,'2020-02-05',0,'2020-02-05','2020-02-05',NULL,'2020-02-24',NULL,NULL,'F','F','F','T','000000267-0',0,'T','Electricity','2019-12-28','2020-01-27',NULL,0,NULL,NULL,NULL,NULL,NULL,NULL,NULL,NULL),
(391420,'utility',17457,'F',5560,'2020-02-05',0,'2020-02-05','2020-02-05',NULL,'2020-02-25',NULL,NULL,'F','F','F','T','000005560-0',0,'F','Electricity,Water','2020-01-01','2020-01-31',NULL,0,NULL,NULL,NULL,NULL,NULL,NULL,NULL,NULL),
(392382,'utility',17457,'F',5218,'2020-01-22',1,'2020-02-04','2020-02-05',NULL,'2020-02-24',NULL,NULL,'F','F','F','T','000005218-1',0,'T','Electricity,Water','2019-12-01','2019-12-31',NULL,0,NULL,NULL,NULL,NULL,NULL,NULL,NULL,NULL),
(425413,'utility',41886,'F',246,'2020-03-04',0,'2020-03-04','2020-03-04',NULL,'2020-03-23',NULL,NULL,'F','F','F','T','000000246-0',0,'T','Electricity','2019-11-28','2020-02-27',NULL,0,NULL,NULL,NULL,NULL,NULL,NULL,NULL,NULL),
(426172,'utility',15757,'F',279,'2020-03-05',0,'2020-03-05','2020-03-05',NULL,'2020-03-24',NULL,NULL,'F','F','F','T','000000279-0',0,'T','Electricity','2020-01-28','2020-02-27',NULL,0,NULL,NULL,NULL,NULL,NULL,NULL,NULL,NULL),
(429744,'utility',17457,'F',5895,'2020-03-06',0,'2020-03-06','2020-03-06',NULL,'2020-03-26',NULL,NULL,'F','F','F','T','000005895-0',0,'F','Electricity,Water','2020-02-01','2020-02-29',NULL,0,NULL,NULL,NULL,NULL,NULL,NULL,NULL,NULL),
(448209,'utility',1835,'F',865,'2020-03-23',0,'2020-03-23','2020-03-23',NULL,'2020-04-09',NULL,NULL,'F','F','F','T','000000865-0',1,'T','Electricity,Water','2019-12-08','2020-03-07',NULL,0,NULL,NULL,NULL,NULL,NULL,NULL,NULL,NULL),
(450642,'utility',14427,'F',1188,'2020-03-23',0,'2020-03-23','2020-03-23',NULL,'2020-04-09',NULL,NULL,'F','F','F','T','000001188-0',0,'T','Electricity,Water','2019-11-01','2020-01-31',NULL,0,NULL,NULL,NULL,NULL,NULL,NULL,NULL,NULL),
(453708,'utility',5266,'F',928,'2020-03-25',0,'2020-03-25','2020-03-25',NULL,'2020-04-15',NULL,NULL,'F','F','F','T','000000928-0',0,'T','Electricity','2019-12-08','2020-03-07',NULL,0,NULL,NULL,NULL,NULL,NULL,NULL,NULL,NULL),
(462419,'utility',15757,'F',291,'2020-04-06',0,'2020-04-06','2020-04-06',NULL,'2020-04-27',NULL,NULL,'F','F','F','T','000000291-0',1,'T','Electricity,Water','2019-12-28','2020-03-27',NULL,0,NULL,NULL,NULL,NULL,NULL,NULL,NULL,NULL),
(477521,'utility',17457,'F',6159,'2020-04-22',0,'2020-04-22','2020-04-22',NULL,'2020-05-13',NULL,NULL,'F','F','F','T','000006159-0',0,'F','Electricity,Water','2020-03-01','2020-03-31',NULL,0,NULL,NULL,NULL,NULL,NULL,NULL,NULL,NULL),
(497146,'utility',17457,'F',6583,'2020-05-15',0,'2020-05-15','2020-05-15',NULL,'2020-06-04',NULL,NULL,'F','F','F','T','000006583-0',0,'F','Electricity,Water','2020-04-01','2020-04-30',NULL,0,NULL,NULL,NULL,NULL,NULL,NULL,NULL,NULL),
(499069,'utility',15757,'F',303,'2020-05-12',0,'2020-05-12','2020-05-12',NULL,'2020-05-29',NULL,NULL,'F','F','F','T','000000303-0',0,'T','Electricity','2020-03-28','2020-04-27',NULL,0,NULL,NULL,NULL,NULL,NULL,NULL,NULL,NULL),
(521542,'utility',41886,'F',274,'2020-06-23',0,'2020-06-23','2020-06-23',NULL,'2020-07-10',NULL,NULL,'F','F','F','T','000000274-0',0,'T','Electricity','2020-02-28','2020-05-27',NULL,0,NULL,NULL,NULL,NULL,NULL,NULL,NULL,NULL),
(528109,'utility',15757,'F',316,'2020-06-08',0,'2020-06-08','2020-06-08',NULL,'2020-06-25',NULL,NULL,'F','F','F','T','000000316-0',0,'T','Electricity','2020-04-28','2020-05-27',NULL,0,NULL,NULL,NULL,NULL,NULL,NULL,NULL,NULL),
(538356,'utility',17457,'F',6834,'2020-06-16',0,'2020-06-16','2020-06-16',NULL,'2020-07-06',NULL,NULL,'F','F','F','T','000006834-0',0,'F','Electricity,Water','2020-05-01','2020-05-31',NULL,0,NULL,NULL,NULL,NULL,NULL,NULL,NULL,NULL),
(540949,'utility',5266,'F',969,'2020-06-22',0,'2020-06-22','2020-06-22',NULL,'2020-07-09',NULL,NULL,'F','F','F','T','000000969-0',0,'T','Electricity','2020-03-08','2020-06-07',NULL,0,NULL,NULL,NULL,NULL,NULL,NULL,NULL,NULL),
(549860,'utility',14427,'F',1339,'2020-06-19',0,'2020-06-19','2020-06-19',NULL,'2020-07-08',NULL,NULL,'F','F','F','T','000001339-0',0,'T','Electricity,Water','2020-02-01','2020-04-30',NULL,0,NULL,NULL,NULL,NULL,NULL,NULL,NULL,NULL),
(549987,'utility',1835,'F',1033,'2020-06-22',0,'2020-06-22','2020-06-22',NULL,'2020-07-09',NULL,NULL,'F','F','F','T','000001033-0',0,'T','Electricity,Water','2020-03-08','2020-06-07',NULL,0,NULL,NULL,NULL,NULL,NULL,NULL,NULL,NULL),
(562328,'utility',17457,'F',7329,'2020-07-09',0,'2020-07-09','2020-07-09',NULL,'2020-07-29',NULL,NULL,'F','F','F','T','000007329-0',0,'F','Electricity,Water','2020-06-01','2020-06-30',NULL,0,NULL,NULL,NULL,NULL,NULL,NULL,NULL,NULL),
(566008,'utility',15757,'F',329,'2020-07-10',0,'2020-07-10','2020-07-10',NULL,'2020-07-29',NULL,NULL,'F','F','F','T','000000329-0',0,'T','Electricity,Water','2020-03-28','2020-06-27',NULL,0,NULL,NULL,NULL,NULL,NULL,NULL,NULL,NULL),
(601186,'utility',17457,'F',7771,'2020-08-06',0,'2020-08-06','2020-08-06',NULL,'2020-08-26',NULL,NULL,'F','F','F','T','000007771-0',0,'F','Electricity,Water','2020-07-01','2020-07-31',NULL,0,NULL,NULL,NULL,NULL,NULL,NULL,NULL,NULL),
(613726,'utility',15757,'F',355,'2020-08-13',0,'2020-08-13','2020-08-13',NULL,'2020-09-01',NULL,NULL,'F','F','F','T','000000355-0',0,'T','Electricity','2020-06-28','2020-07-27',NULL,0,NULL,NULL,NULL,NULL,NULL,NULL,NULL,NULL),
(628276,'utility',41886,'F',316,'2020-08-31',0,'2020-08-31',NULL,NULL,'2020-09-17',NULL,NULL,'F','F','F','T','000000316-0',0,'F','Electricity','2020-05-28','2020-08-27',NULL,0,NULL,NULL,NULL,NULL,NULL,NULL,NULL,NULL),
(640579,'utility',17457,'F',7916,'2020-09-08',0,'2020-09-08','2020-09-08',NULL,'2020-09-28',NULL,NULL,'F','F','F','T','000007916-0',0,'F','Electricity,Water','2020-08-01','2020-08-31',NULL,0,NULL,NULL,NULL,NULL,NULL,NULL,NULL,NULL),
(641370,'utility',5266,'F',1105,'2020-09-08',0,'2020-09-08',NULL,NULL,'2020-09-25',NULL,NULL,'F','F','F','T','000001105-0',0,'F','Electricity','2020-06-08','2020-09-07',NULL,0,NULL,NULL,NULL,NULL,NULL,NULL,NULL,NULL),
(641412,'utility',1835,'F',1138,'2020-09-08',0,'2020-09-08',NULL,NULL,'2020-09-25',NULL,NULL,'F','F','F','T','000001138-0',0,'F','Electricity,Water','2020-06-08','2020-09-07',NULL,0,NULL,NULL,NULL,NULL,NULL,NULL,NULL,NULL),
(650001,'utility',15757,'F',368,'2020-09-11',0,'2020-09-11','2020-09-11',NULL,'2020-09-30',NULL,NULL,'F','F','F','T','000000368-0',0,'T','Electricity','2020-07-28','2020-08-27',NULL,0,NULL,NULL,NULL,NULL,NULL,NULL,NULL,NULL),
(655322,'utility',14427,'F',1586,'2020-09-18',0,'2020-09-18','2020-09-18',NULL,'2020-10-08',NULL,NULL,'F','F','F','T','000001586-0',0,'T','Electricity,Water','2020-05-01','2020-07-31',NULL,0,NULL,NULL,NULL,NULL,NULL,NULL,NULL,NULL),
(766819,'utility',14427,'F',1679,'2020-12-16',0,'2020-12-16','2020-12-16',NULL,'2021-01-07',NULL,NULL,'F','F','F','T','000001679-0',0,'T','Electricity,Water','2020-08-01','2020-10-31',NULL,0,NULL,NULL,NULL,NULL,NULL,NULL,NULL,NULL),
(871013,'utility',14427,'F',1889,'2021-03-09',0,'2021-03-09','2021-03-09',NULL,'2021-03-26',NULL,NULL,'F','F','F','T','000001889-0',0,'T','Electricity,Water','2020-11-01','2021-01-31',NULL,0,NULL,NULL,NULL,NULL,NULL,NULL,NULL,NULL);

/*Data for the table `bbeng_bills_charges` */

insert  into `bbeng_bills_charges`(`id`,`bill_id`,`site_profile_id`,`service_point_id`,`charge_profile_name`,`charge_group_name`,`charging_level`,`identifier`,`description`,`account_item_identifier`,`consumption_ratio`,`tni_code`,`tni_value`,`dlf_code`,`dlf_value`,`applicable_start_date`,`applicable_end_date`,`potd_amount`,`potd_tax`,`tax_rate`,`tax_amount`,`metering_stream`,`display_order`) values 
(11038,3686,113,NULL,'T11E',NULL,'CONSUMPTION','002-001','Electricity','4-1101',1.00000000,NULL,NULL,NULL,NULL,NULL,NULL,NULL,NULL,0.100,10.21,NULL,1.040000000000000000000000000000),
(11039,3686,113,NULL,'Evolve_Pod',NULL,'CONSUMPTION','001-002','Service Fee','5-1108',1.00000000,NULL,NULL,NULL,NULL,NULL,NULL,NULL,NULL,0.100,2.04,NULL,2.000000000000000000000000000000),
(11040,3686,115,NULL,'Evolve_Hot_Water',NULL,'CONSUMPTION','002-001','Hot Water Charge','4-1128',1.00000000,NULL,NULL,NULL,NULL,NULL,NULL,NULL,NULL,0.100,13.68,NULL,2.000000000000000000000000000000),
(19733,5495,113,NULL,'T11E',NULL,'CONSUMPTION','002-001','Electricity','4-1101',1.00000000,NULL,NULL,NULL,NULL,'2017-07-01','2017-09-07',NULL,NULL,0.100,10.54,NULL,1.020000000000000000000000000000),
(19734,5495,113,NULL,'T11E',NULL,'CONSUMPTION','002-001','Electricity','4-1101',1.00000000,NULL,NULL,NULL,NULL,'2017-06-09','2017-06-30',NULL,NULL,0.100,3.19,NULL,1.010000000000000000000000000000),
(19735,5495,113,NULL,'Evolve_Pod',NULL,'CONSUMPTION','001-002','Service Fee','5-1108',1.00000000,NULL,NULL,NULL,NULL,NULL,NULL,NULL,NULL,0.100,2.99,NULL,2.000000000000000000000000000000),
(19736,5495,115,NULL,'Evolve_Hot_Water',NULL,'CONSUMPTION','002-001','Hot Water Charge','4-1128',1.00000000,NULL,NULL,NULL,NULL,NULL,NULL,NULL,NULL,0.100,32.76,NULL,4.000000000000000000000000000000),
(39342,7636,113,NULL,'T11E',NULL,'CONSUMPTION','002-001','Electricity','4-1101',1.00000000,NULL,NULL,NULL,NULL,NULL,NULL,NULL,NULL,0.100,15.91,NULL,1.020000000000000000000000000000),
(39343,7636,113,NULL,'Evolve_Pod',NULL,'CONSUMPTION','001-002','Service Fee','5-1108',1.00000000,NULL,NULL,NULL,NULL,NULL,NULL,NULL,NULL,0.100,2.96,NULL,2.000000000000000000000000000000),
(39344,7636,115,NULL,'Evolve_Hot_Water',NULL,'CONSUMPTION','002-001','Hot Water Charge','4-1128',1.00000000,NULL,NULL,NULL,NULL,NULL,NULL,NULL,NULL,0.100,27.40,NULL,4.000000000000000000000000000000),
(80021,13361,115,NULL,'Evolve_Hot_Water',NULL,'CONSUMPTION','002-001','Hot Water Charge','4-1128',1.00000000,NULL,NULL,NULL,NULL,NULL,NULL,NULL,NULL,0.100,20.40,NULL,4.000000000000000000000000000000),
(80022,13361,113,NULL,'T11E',NULL,'CONSUMPTION','002-001','Electricity','4-1101',1.00000000,NULL,NULL,NULL,NULL,NULL,NULL,NULL,NULL,0.100,28.53,NULL,1.020000000000000000000000000000),
(80023,13361,113,NULL,'Evolve_Pod',NULL,'CONSUMPTION','001-002','Service Fee','5-1108',1.00000000,NULL,NULL,NULL,NULL,NULL,NULL,NULL,NULL,0.100,2.96,NULL,2.000000000000000000000000000000),
(86817,13918,113,NULL,'T11E',NULL,'CONSUMPTION','002-001','Electricity','4-1101',1.00000000,NULL,NULL,NULL,NULL,'2017-05-05','2017-06-30',NULL,NULL,0.100,43.63,NULL,1.010000000000000000000000000000),
(86818,13918,113,NULL,'T11E',NULL,'CONSUMPTION','002-001','Electricity','4-1101',1.00000000,NULL,NULL,NULL,NULL,'2017-07-01','2018-03-06',NULL,NULL,0.100,200.84,NULL,1.020000000000000000000000000000),
(86819,13918,113,NULL,'Evolve_Pod',NULL,'CONSUMPTION','001-002','Service Fee','5-1108',1.00000000,NULL,NULL,NULL,NULL,NULL,NULL,NULL,NULL,0.100,10.06,NULL,2.000000000000000000000000000000),
(206706,31661,113,NULL,'Evolve_Pod',NULL,'CONSUMPTION','001-002','Service Fee','5-1108',1.00000000,NULL,NULL,NULL,NULL,NULL,NULL,NULL,NULL,0.100,3.03,NULL,3.000000000000000000000000000000),
(206707,31661,115,NULL,'Evolve_Hot_Water',NULL,'CONSUMPTION','002-001','Hot Water Charge','4-1128',1.00000000,NULL,NULL,NULL,NULL,NULL,NULL,NULL,NULL,0.100,24.43,NULL,5.000000000000000000000000000000),
(206708,31661,113,NULL,'Evolve_Pod',NULL,'CONSUMPTION','002-001','Electricity','4-1101',1.00000000,NULL,NULL,NULL,NULL,NULL,NULL,NULL,NULL,0.100,19.19,NULL,2.000000000000000000000000000000),
(206744,31611,113,NULL,'Evolve_Pod',NULL,'CONSUMPTION','002-001','Electricity','4-1101',1.00000000,NULL,NULL,NULL,NULL,NULL,NULL,NULL,NULL,0.100,128.69,NULL,2.000000000000000000000000000000),
(206745,31611,113,NULL,'Evolve_Pod',NULL,'CONSUMPTION','001-002','Service Fee','5-1108',1.00000000,NULL,NULL,NULL,NULL,NULL,NULL,NULL,NULL,0.100,3.03,NULL,3.000000000000000000000000000000),
(444234,49605,245,NULL,'Centra_Toowong_Elect',NULL,'CONSUMPTION','002-001','Electricity','4-1101',1.00000000,NULL,NULL,NULL,NULL,NULL,NULL,NULL,NULL,0.100,6.88,NULL,1.000000000000000000000000000000),
(444235,49605,232,NULL,'Cent_Toowong_HW_Heating',NULL,'CONSUMPTION','002-001','Gas Consumption for Water Heating','4-1103',1.00000000,NULL,NULL,NULL,NULL,NULL,NULL,NULL,NULL,0.100,18.57,NULL,6.010000000000000000000000000000),
(444236,49605,245,NULL,'Centra_Toowong_Elect',NULL,'CONSUMPTION','001-002','Service Fee','5-1108',1.00000000,NULL,NULL,NULL,NULL,NULL,NULL,NULL,NULL,0.100,2.73,NULL,2.000000000000000000000000000000),
(444237,49605,232,NULL,'Cent_Toowong_HW_Water_Usage',NULL,'CONSUMPTION','002-032','Hot Water (First 822L/day)','4-1104',1.00000000,NULL,NULL,NULL,NULL,NULL,NULL,NULL,NULL,0.100,3.60,NULL,7.000000000000000000000000000000),
(444238,49605,232,NULL,'Cent_Toowong_HW_Water_Usage',NULL,'CONSUMPTION','002-032','Hot Water (Remaining)','4-1104',1.00000000,NULL,NULL,NULL,NULL,NULL,NULL,NULL,NULL,0.000,0.00,NULL,8.000000000000000000000000000000),
(444239,49605,232,NULL,'Cent_Toowong_HW_Water_Usage',NULL,'CONSUMPTION','001-002','Gas Cooktop','4-1131',1.00000000,NULL,NULL,NULL,NULL,NULL,NULL,NULL,NULL,0.100,1.58,NULL,5.000000000000000000000000000000),
(465710,50523,113,NULL,'T11_10',NULL,'CONSUMPTION','002-001','Electricity','4-1101',1.00000000,NULL,NULL,NULL,NULL,'2018-06-07','2018-06-30',NULL,NULL,0.100,4.66,NULL,1.010000000000000000000000000000),
(465711,50523,113,NULL,'T11_10',NULL,'CONSUMPTION','002-001','Electricity','4-1101',1.00000000,NULL,NULL,NULL,NULL,'2018-07-01','2018-09-07',NULL,NULL,0.100,13.24,NULL,1.020000000000000000000000000000),
(465712,50523,113,NULL,'Evolve_Pod',NULL,'CONSUMPTION','001-002','Service Fee','5-1108',1.00000000,NULL,NULL,NULL,NULL,'2018-06-07','2018-06-30',NULL,NULL,0.100,0.79,NULL,5.000000000000000000000000000000),
(465713,50523,115,NULL,'Evolve_Hot_Water',NULL,'CONSUMPTION','002-001','Hot Water Charge','4-1128',1.00000000,NULL,NULL,NULL,NULL,NULL,NULL,NULL,NULL,0.100,35.13,NULL,7.000000000000000000000000000000),
(465714,50523,113,NULL,'Evolve_Pod',NULL,'CONSUMPTION','001-002','Service Fee','5-1108',1.00000000,NULL,NULL,NULL,NULL,'2018-07-01','2018-09-07',NULL,NULL,0.100,2.31,NULL,4.000000000000000000000000000000),
(465772,50534,113,NULL,'T11_10',NULL,'CONSUMPTION','002-001','Electricity','4-1101',1.00000000,NULL,NULL,NULL,NULL,'2018-06-07','2018-06-30',NULL,NULL,0.100,25.01,NULL,1.010000000000000000000000000000),
(465773,50534,113,NULL,'Evolve_Pod',NULL,'CONSUMPTION','001-002','Service Fee','5-1108',1.00000000,NULL,NULL,NULL,NULL,'2018-06-07','2018-06-30',NULL,NULL,0.100,0.79,NULL,5.000000000000000000000000000000),
(465774,50534,113,NULL,'T11_10',NULL,'CONSUMPTION','002-001','Electricity','4-1101',1.00000000,NULL,NULL,NULL,NULL,'2018-07-01','2018-09-07',NULL,NULL,0.100,70.99,NULL,1.020000000000000000000000000000),
(465775,50534,113,NULL,'Evolve_Pod',NULL,'CONSUMPTION','001-002','Service Fee','5-1108',1.00000000,NULL,NULL,NULL,NULL,'2018-07-01','2018-09-07',NULL,NULL,0.100,2.31,NULL,4.000000000000000000000000000000),
(499473,55894,251,NULL,'Oxley_Circle_Elect',NULL,'CONSUMPTION','002-001','Electricity','4-1101',1.00000000,NULL,NULL,NULL,NULL,NULL,NULL,NULL,NULL,0.100,27.68,NULL,1.000000000000000000000000000000),
(499474,55894,251,NULL,'Oxley_Circle_Elect',NULL,'CONSUMPTION','001-002','Service Fee','5-1108',1.00000000,NULL,NULL,NULL,NULL,NULL,NULL,NULL,NULL,0.100,1.53,NULL,2.000000000000000000000000000000),
(545973,58392,251,NULL,'Oxley_Circle_Elect',NULL,'CONSUMPTION','001-002','Service Fee','5-1108',1.00000000,NULL,NULL,NULL,NULL,NULL,NULL,NULL,NULL,0.100,1.49,NULL,2.000000000000000000000000000000),
(545974,58392,252,NULL,'Oxley_Circle_Water',NULL,'CONSUMPTION','002-001','Town Water','4-1104',1.00000000,NULL,NULL,NULL,NULL,NULL,NULL,NULL,NULL,0.000,0.00,NULL,3.000000000000000000000000000000),
(545975,58392,251,NULL,'Oxley_Circle_Elect',NULL,'CONSUMPTION','002-001','Electricity','4-1101',1.00000000,NULL,NULL,NULL,NULL,NULL,NULL,NULL,NULL,0.100,27.45,NULL,1.000000000000000000000000000000),
(597263,68285,251,NULL,'Oxley_Circle_Elect',NULL,'CONSUMPTION','001-002','Service Fee','5-1108',1.00000000,NULL,NULL,NULL,NULL,NULL,NULL,NULL,NULL,0.100,1.49,NULL,2.000000000000000000000000000000),
(597264,68285,251,NULL,'Oxley_Circle_Elect',NULL,'CONSUMPTION','002-001','Electricity','4-1101',1.00000000,NULL,NULL,NULL,NULL,NULL,NULL,NULL,NULL,0.100,28.92,NULL,1.000000000000000000000000000000),
(748378,83706,232,NULL,'Cent_Toowong_HW_Water_Usage',NULL,'CONSUMPTION','002-032','Hot Water (Remaining)','4-1104',1.00000000,NULL,NULL,NULL,NULL,NULL,NULL,NULL,NULL,0.000,0.00,NULL,9.000000000000000000000000000000),
(748379,83706,245,NULL,'Centra_Toowong_Elect',NULL,'CONSUMPTION','002-001','Electricity','4-1101',1.00000000,NULL,NULL,NULL,NULL,NULL,NULL,NULL,NULL,0.100,19.36,NULL,1.000000000000000000000000000000),
(748380,83706,232,NULL,'Cent_Toowong_HW_Heating',NULL,'CONSUMPTION','002-001','Gas Consumption for Water Heating','4-1103',1.00000000,NULL,NULL,NULL,NULL,NULL,NULL,NULL,NULL,0.100,21.17,NULL,7.010000000000000000000000000000),
(748381,83706,232,NULL,'Cent_Toowong_HW_Water_Usage',NULL,'CONSUMPTION','001-002','Gas Cooktop','4-1131',1.00000000,NULL,NULL,NULL,NULL,NULL,NULL,NULL,NULL,0.100,1.84,NULL,6.000000000000000000000000000000),
(748382,83706,232,NULL,'Cent_Toowong_HW_Water_Usage',NULL,'CONSUMPTION','002-032','Hot Water (First 822L/day)','4-1104',1.00000000,NULL,NULL,NULL,NULL,NULL,NULL,NULL,NULL,0.100,4.10,NULL,8.000000000000000000000000000000),
(748383,83706,245,NULL,'Centra_Toowong_Elect',NULL,'CONSUMPTION','001-002','Service Fee','5-1108',1.00000000,NULL,NULL,NULL,NULL,NULL,NULL,NULL,NULL,0.100,5.46,NULL,2.000000000000000000000000000000),
(780328,87522,251,NULL,'Oxley_Circle_Elect',NULL,'CONSUMPTION','002-001','Electricity','4-1101',1.00000000,NULL,NULL,NULL,NULL,NULL,NULL,NULL,NULL,0.100,31.37,NULL,1.000000000000000000000000000000),
(780329,87522,251,NULL,'Oxley_Circle_Elect',NULL,'CONSUMPTION','001-002','Service Fee','5-1108',1.00000000,NULL,NULL,NULL,NULL,NULL,NULL,NULL,NULL,0.100,1.53,NULL,2.000000000000000000000000000000),
(809880,91715,113,NULL,'T11_10',NULL,'CONSUMPTION','002-001','Electricity','4-1101',1.00000000,NULL,NULL,NULL,NULL,NULL,NULL,NULL,NULL,0.100,19.89,NULL,1.020000000000000000000000000000),
(809881,91715,115,NULL,'Evolve_Hot_Water',NULL,'CONSUMPTION','002-001','Hot Water Charge','4-1128',1.00000000,NULL,NULL,NULL,NULL,NULL,NULL,NULL,NULL,0.100,28.78,NULL,8.000000000000000000000000000000),
(809882,91715,113,NULL,'Asset_Elect_Div_$50',NULL,'CONSUMPTION','001-003','Qld Electricity Asset Ownership Dividend','4-1124',1.00000000,NULL,NULL,NULL,NULL,NULL,NULL,NULL,NULL,0.000,0.00,NULL,7.010000000000000000000000000000),
(809883,91715,113,NULL,'Evolve_Pod',NULL,'CONSUMPTION','001-002','Service Fee','5-1108',1.00000000,NULL,NULL,NULL,NULL,NULL,NULL,NULL,NULL,0.100,2.98,NULL,4.000000000000000000000000000000),
(809923,91682,113,NULL,'T11_10',NULL,'CONSUMPTION','002-001','Electricity','4-1101',1.00000000,NULL,NULL,NULL,NULL,NULL,NULL,NULL,NULL,0.100,115.98,NULL,1.020000000000000000000000000000),
(809924,91682,113,NULL,'Evolve_Pod',NULL,'CONSUMPTION','001-002','Service Fee','5-1108',1.00000000,NULL,NULL,NULL,NULL,NULL,NULL,NULL,NULL,0.100,2.98,NULL,4.000000000000000000000000000000),
(809925,91682,113,NULL,'Asset_Elect_Div_$50',NULL,'CONSUMPTION','001-003','Qld Electricity Asset Ownership Dividend','4-1124',1.00000000,NULL,NULL,NULL,NULL,NULL,NULL,NULL,NULL,0.000,0.00,NULL,7.010000000000000000000000000000),
(810511,91902,113,NULL,'T11_10',NULL,'CONSUMPTION','002-001','Electricity','4-1101',1.00000000,NULL,NULL,NULL,NULL,NULL,NULL,NULL,NULL,0.100,115.98,NULL,1.020000000000000000000000000000),
(810512,91902,113,NULL,'Evolve_Pod',NULL,'CONSUMPTION','001-002','Service Fee','5-1108',1.00000000,NULL,NULL,NULL,NULL,NULL,NULL,NULL,NULL,0.100,2.98,NULL,4.000000000000000000000000000000),
(836031,95716,251,NULL,'Oxley_Circle_Elect',NULL,'CONSUMPTION','001-002','Service Fee','5-1108',1.00000000,NULL,NULL,NULL,NULL,NULL,NULL,NULL,NULL,0.100,1.39,NULL,2.000000000000000000000000000000),
(836032,95716,251,NULL,'Oxley_Circle_Elect',NULL,'CONSUMPTION','002-001','Electricity','4-1101',1.00000000,NULL,NULL,NULL,NULL,NULL,NULL,NULL,NULL,0.100,28.64,NULL,1.000000000000000000000000000000),
(836033,95716,252,NULL,'Oxley_Circle_Water',NULL,'CONSUMPTION','002-001','Town Water','4-1104',1.00000000,NULL,NULL,NULL,NULL,NULL,NULL,NULL,NULL,0.000,0.00,NULL,3.000000000000000000000000000000),
(966034,111430,251,NULL,'Oxley_Circle_Elect',NULL,'CONSUMPTION','002-001','Electricity','4-1101',1.00000000,NULL,NULL,NULL,NULL,NULL,NULL,NULL,NULL,0.100,30.54,NULL,1.000000000000000000000000000000),
(966035,111430,251,NULL,'Oxley_Circle_Elect',NULL,'CONSUMPTION','001-002','Service Fee','5-1108',1.00000000,NULL,NULL,NULL,NULL,NULL,NULL,NULL,NULL,0.100,1.44,NULL,2.000000000000000000000000000000),
(1043476,121352,268,NULL,'SkyCity_Elec_SF',NULL,'CONSUMPTION','002-001','Electricity Usage Fee','42202',1.00000000,NULL,NULL,NULL,NULL,NULL,NULL,NULL,NULL,0.100,1.10,NULL,1.000000000000000000000000000000),
(1088936,125060,245,NULL,'Centra_Toowong_Elect',NULL,'CONSUMPTION','001-002','Service Fee','5-1108',1.00000000,NULL,NULL,NULL,NULL,NULL,NULL,NULL,NULL,0.100,5.11,NULL,2.000000000000000000000000000000),
(1088937,125060,232,NULL,'Cent_Toowong_HW_Water_Usage',NULL,'CONSUMPTION','002-032','Hot Water (Remaining)','4-1104',1.00000000,NULL,NULL,NULL,NULL,NULL,NULL,NULL,NULL,0.000,0.00,NULL,9.000000000000000000000000000000),
(1088938,125060,232,NULL,'Cent_Toowong_HW_Water_Usage',NULL,'CONSUMPTION','001-002','Gas Cooktop','4-1131',1.00000000,NULL,NULL,NULL,NULL,NULL,NULL,NULL,NULL,0.100,1.80,NULL,6.000000000000000000000000000000),
(1088939,125060,245,NULL,'Centra_Toowong_Elect',NULL,'CONSUMPTION','002-001','Electricity','4-1101',1.00000000,NULL,NULL,NULL,NULL,NULL,NULL,NULL,NULL,0.100,36.58,NULL,1.000000000000000000000000000000),
(1088940,125060,232,NULL,'Cent_Toowong_HW_Heating',NULL,'CONSUMPTION','002-001','Gas Consumption for Water Heating','4-1103',1.00000000,NULL,NULL,NULL,NULL,NULL,NULL,NULL,NULL,0.100,14.76,NULL,7.010000000000000000000000000000),
(1088941,125060,232,NULL,'Cent_Toowong_HW_Water_Usage',NULL,'CONSUMPTION','002-032','Hot Water (First 822L/day)','4-1104',1.00000000,NULL,NULL,NULL,NULL,NULL,NULL,NULL,NULL,0.100,2.86,NULL,8.000000000000000000000000000000),
(1095918,129815,251,NULL,'Oxley_Circle_Elect',NULL,'CONSUMPTION','001-002','Service Fee','5-1108',1.00000000,NULL,NULL,NULL,NULL,NULL,NULL,NULL,NULL,0.100,1.34,NULL,2.000000000000000000000000000000),
(1095919,129815,251,NULL,'Oxley_Circle_Elect',NULL,'CONSUMPTION','002-001','Electricity','4-1101',1.00000000,NULL,NULL,NULL,NULL,NULL,NULL,NULL,NULL,0.100,29.60,NULL,1.000000000000000000000000000000),
(1097027,130136,113,NULL,'T11_10',NULL,'CONSUMPTION','002-001','Electricity','4-1101',1.00000000,NULL,NULL,NULL,NULL,NULL,NULL,NULL,NULL,0.100,33.72,NULL,1.020000000000000000000000000000),
(1097028,130136,113,NULL,'Evolve_Pod',NULL,'CONSUMPTION','001-002','Service Fee','5-1108',1.00000000,NULL,NULL,NULL,NULL,NULL,NULL,NULL,NULL,0.100,3.01,NULL,4.000000000000000000000000000000),
(1097029,130136,115,NULL,'Evolve_Hot_Water',NULL,'CONSUMPTION','002-001','Hot Water Charge','4-1128',1.00000000,NULL,NULL,NULL,NULL,NULL,NULL,NULL,NULL,0.100,25.05,NULL,7.000000000000000000000000000000),
(1097041,130142,113,NULL,'T11_10',NULL,'CONSUMPTION','002-001','Electricity','4-1101',1.00000000,NULL,NULL,NULL,NULL,NULL,NULL,NULL,NULL,0.100,151.83,NULL,1.020000000000000000000000000000),
(1097042,130142,113,NULL,'Evolve_Pod',NULL,'CONSUMPTION','001-002','Service Fee','5-1108',1.00000000,NULL,NULL,NULL,NULL,NULL,NULL,NULL,NULL,0.100,3.01,NULL,4.000000000000000000000000000000),
(1194186,141020,251,NULL,'Oxley_Circle_Elect',NULL,'CONSUMPTION','001-002','Service Fee','5-1108',1.00000000,NULL,NULL,NULL,NULL,NULL,NULL,NULL,NULL,0.100,1.49,NULL,2.000000000000000000000000000000),
(1194187,141020,251,NULL,'Oxley_Circle_Elect',NULL,'CONSUMPTION','002-001','Electricity','4-1101',1.00000000,NULL,NULL,NULL,NULL,NULL,NULL,NULL,NULL,0.100,31.49,NULL,1.000000000000000000000000000000),
(1194188,141020,252,NULL,'Oxley_Circle_Water',NULL,'CONSUMPTION','002-001','Town Water','4-1104',1.00000000,NULL,NULL,NULL,NULL,NULL,NULL,NULL,NULL,0.000,0.00,NULL,3.000000000000000000000000000000),
(1219203,145712,268,NULL,'SkyCity_Developer',NULL,'CONSUMPTION','002-001','Electricity Usage (Plan ID FLO790435MR','42202',1.00000000,NULL,NULL,NULL,NULL,NULL,NULL,NULL,NULL,0.100,1.73,NULL,2.000000000000000000000000000000),
(1364958,159780,251,NULL,'Oxley_Circle_Elect',NULL,'CONSUMPTION','002-001','Electricity','4-1101',1.00000000,NULL,NULL,NULL,NULL,NULL,NULL,NULL,NULL,0.100,16.22,NULL,1.000000000000000000000000000000),
(1364959,159780,251,NULL,'Oxley_Circle_Elect',NULL,'CONSUMPTION','001-002','Service Fee','5-1108',1.00000000,NULL,NULL,NULL,NULL,NULL,NULL,NULL,NULL,0.100,1.44,NULL,2.000000000000000000000000000000),
(1384437,153925,268,NULL,'SkyCity_Developer',NULL,'CONSUMPTION','002-001','Electricity Usage (Plan ID FLO790435MR','42202',1.00000000,NULL,NULL,NULL,NULL,NULL,NULL,NULL,NULL,0.100,0.24,NULL,2.000000000000000000000000000000),
(1504792,174455,245,NULL,'Centra_Toowong_Elect',NULL,'CONSUMPTION','002-001','Electricity','4-1101',1.00000000,NULL,NULL,NULL,NULL,NULL,NULL,NULL,NULL,0.100,27.85,NULL,2.000000000000000000000000000000),
(1504793,174455,245,NULL,'Centra_Toowong_Elect',NULL,'CONSUMPTION','001-002','Service Fee','5-1108',1.00000000,NULL,NULL,NULL,NULL,NULL,NULL,NULL,NULL,0.100,5.29,NULL,3.000000000000000000000000000000),
(1504794,174455,232,NULL,'Cent_Toowong_HW_Water_Usage',NULL,'CONSUMPTION','002-032','Hot Water (Remaining)','4-1104',1.00000000,NULL,NULL,NULL,NULL,NULL,NULL,NULL,NULL,0.000,0.00,NULL,11.000000000000000000000000000000),
(1504795,174455,232,NULL,'Cent_Toowong_HW_Water_Usage',NULL,'CONSUMPTION','001-002','Gas Cooktop','4-1131',1.00000000,NULL,NULL,NULL,NULL,NULL,NULL,NULL,NULL,0.100,1.37,NULL,8.000000000000000000000000000000),
(1504796,174455,232,NULL,'Cent_Toowong_HW_Water_Usage',NULL,'CONSUMPTION','002-032','Hot Water (First 822L/day)','4-1104',1.00000000,NULL,NULL,NULL,NULL,NULL,NULL,NULL,NULL,0.100,4.16,NULL,10.000000000000000000000000000000),
(1504797,174455,232,NULL,'Cent_Toowong_HW_Heating',NULL,'CONSUMPTION','002-001','Gas Consumption for Water Heating','4-1103',1.00000000,NULL,NULL,NULL,NULL,NULL,NULL,NULL,NULL,0.100,20.36,NULL,9.020000000000000000000000000000),
(1514162,175822,251,NULL,'Oxley_Circle_Elect',NULL,'CONSUMPTION','001-002','Service Fee','5-1108',1.00000000,NULL,NULL,NULL,NULL,NULL,NULL,NULL,NULL,0.100,1.44,NULL,2.000000000000000000000000000000),
(1514163,175822,251,NULL,'Oxley_Circle_Elect',NULL,'CONSUMPTION','002-001','Electricity','4-1101',1.00000000,NULL,NULL,NULL,NULL,NULL,NULL,NULL,NULL,0.100,27.18,NULL,1.000000000000000000000000000000),
(1529134,178052,115,NULL,'Evolve_Hot_Water',NULL,'CONSUMPTION','002-001','Hot Water Charge','4-1128',1.00000000,NULL,NULL,NULL,NULL,NULL,NULL,NULL,NULL,0.100,30.31,NULL,7.000000000000000000000000000000),
(1529135,178052,113,NULL,'T11_10',NULL,'CONSUMPTION','002-001','Electricity','4-1101',1.00000000,NULL,NULL,NULL,NULL,NULL,NULL,NULL,NULL,0.100,21.95,NULL,1.020000000000000000000000000000),
(1529136,178052,113,NULL,'Evolve_Pod',NULL,'CONSUMPTION','001-002','Service Fee','5-1108',1.00000000,NULL,NULL,NULL,NULL,NULL,NULL,NULL,NULL,0.100,3.08,NULL,4.000000000000000000000000000000),
(1529175,176364,113,NULL,'Evolve_Pod',NULL,'CONSUMPTION','001-002','Service Fee','5-1108',1.00000000,NULL,NULL,NULL,NULL,NULL,NULL,NULL,NULL,0.100,3.08,NULL,4.000000000000000000000000000000),
(1529176,176364,113,NULL,'T11_10',NULL,'CONSUMPTION','002-001','Electricity','4-1101',1.00000000,NULL,NULL,NULL,NULL,NULL,NULL,NULL,NULL,0.100,118.98,NULL,1.020000000000000000000000000000),
(1551790,181725,268,NULL,'SkyCity_Developer',NULL,'CONSUMPTION','002-001','Electricity Usage (Plan ID FLO790435MR','42202',1.00000000,NULL,NULL,NULL,NULL,NULL,NULL,NULL,NULL,0.100,0.81,NULL,2.000000000000000000000000000000),
(1664777,194826,251,NULL,'Oxley_Circle_Elect',NULL,'CONSUMPTION','001-002','Service Fee','5-1108',1.00000000,NULL,NULL,NULL,NULL,NULL,NULL,NULL,NULL,0.100,1.44,NULL,2.000000000000000000000000000000),
(1664778,194826,251,NULL,'Oxley_Circle_Elect',NULL,'CONSUMPTION','002-001','Electricity','4-1101',1.00000000,NULL,NULL,NULL,NULL,NULL,NULL,NULL,NULL,0.100,25.95,NULL,1.000000000000000000000000000000),
(1664779,194826,252,NULL,'Oxley_Circle_Water',NULL,'CONSUMPTION','002-001','Town Water','4-1104',1.00000000,NULL,NULL,NULL,NULL,NULL,NULL,NULL,NULL,0.000,0.00,NULL,3.000000000000000000000000000000),
(1788048,207297,268,NULL,'SkyCity_Developer',NULL,'CONSUMPTION','002-001','Electricity Usage (Plan ID FLO790435MR','42202',1.00000000,NULL,NULL,NULL,NULL,NULL,NULL,NULL,NULL,0.100,0.23,NULL,2.000000000000000000000000000000),
(1788049,207297,499,NULL,'SkyCity_Thermal',NULL,'CONSUMPTION','002-028','Thermal Usage (Plan ID FLO790435MR)','42202',1.00000000,NULL,NULL,NULL,NULL,NULL,NULL,NULL,NULL,0.000,0.00,NULL,3.000000000000000000000000000000),
(1908434,223486,251,NULL,'Oxley_Circle_Elect',NULL,'CONSUMPTION','001-002','Service Fee','5-1108',1.00000000,NULL,NULL,NULL,NULL,NULL,NULL,NULL,NULL,0.100,1.56,NULL,3.000000000000000000000000000000),
(1908435,223486,251,NULL,'Oxley_Circle_Elect',NULL,'CONSUMPTION','002-001','Electricity','4-1101',1.00000000,NULL,NULL,NULL,NULL,NULL,NULL,NULL,NULL,0.100,28.37,NULL,1.000000000000000000000000000000),
(1941669,219573,499,NULL,'SkyCity_Thermal',NULL,'CONSUMPTION','002-028','Thermal Usage (Plan ID FLO790435MR)','42202',1.00000000,NULL,NULL,NULL,NULL,NULL,NULL,NULL,NULL,0.100,6.04,NULL,3.000000000000000000000000000000),
(1941670,219573,268,NULL,'SkyCity_Developer',NULL,'CONSUMPTION','002-001','Electricity Usage (Plan ID FLO790435MR','42202',1.00000000,NULL,NULL,NULL,NULL,NULL,NULL,NULL,NULL,0.100,0.24,NULL,2.000000000000000000000000000000),
(2125872,245901,499,NULL,'SkyCity_Thermal',NULL,'CONSUMPTION','002-028','Thermal Usage (Plan ID FLO790435MR)','42202',1.00000000,NULL,NULL,NULL,NULL,NULL,NULL,NULL,NULL,0.100,0.66,NULL,3.000000000000000000000000000000),
(2125873,245901,268,NULL,'SkyCity_Developer',NULL,'CONSUMPTION','002-001','Electricity Usage (Plan ID FLO790435MR','42202',1.00000000,NULL,NULL,NULL,NULL,NULL,NULL,NULL,NULL,0.100,0.24,NULL,2.000000000000000000000000000000),
(2137832,235370,251,NULL,'Oxley_Circle_Elect',NULL,'CONSUMPTION','002-001','Electricity','4-1101',1.00000000,NULL,NULL,NULL,NULL,NULL,NULL,NULL,NULL,0.100,28.04,NULL,1.000000000000000000000000000000),
(2137833,235370,251,NULL,'Oxley_Circle_Elect',NULL,'CONSUMPTION','001-002','Service Fee','5-1108',1.00000000,NULL,NULL,NULL,NULL,NULL,NULL,NULL,NULL,0.100,1.56,NULL,3.000000000000000000000000000000),
(2153436,251553,232,NULL,'Cent_Toowong_HW_Water_Usage',NULL,'CONSUMPTION','002-032','Hot Water (First 822L/day)','4-1104',1.00000000,NULL,NULL,NULL,NULL,NULL,NULL,NULL,NULL,0.100,5.38,NULL,10.000000000000000000000000000000),
(2153437,251553,232,NULL,'Cent_Toowong_HW_Water_Usage',NULL,'CONSUMPTION','001-002','Gas Cooktop','4-1131',1.00000000,NULL,NULL,NULL,NULL,NULL,NULL,NULL,NULL,0.100,1.38,NULL,8.000000000000000000000000000000),
(2153438,251553,245,NULL,'Centra_Toowong_Elect',NULL,'CONSUMPTION','002-001','Electricity','4-1101',1.00000000,NULL,NULL,NULL,NULL,NULL,NULL,NULL,NULL,0.100,18.81,NULL,3.000000000000000000000000000000),
(2153439,251553,232,NULL,'Cent_Toowong_HW_Water_Usage',NULL,'CONSUMPTION','002-032','Hot Water (Remaining)','4-1104',1.00000000,NULL,NULL,NULL,NULL,NULL,NULL,NULL,NULL,0.100,0.00,NULL,11.000000000000000000000000000000),
(2153440,251553,245,NULL,'Centra_Toowong_Elect',NULL,'CONSUMPTION','001-002','Service Fee','5-1108',1.00000000,NULL,NULL,NULL,NULL,NULL,NULL,NULL,NULL,0.100,5.34,NULL,4.000000000000000000000000000000),
(2153441,251553,232,NULL,'Cent_Toowong_HW_Heating',NULL,'CONSUMPTION','002-001','Gas Consumption for Water Heating','4-1103',1.00000000,NULL,NULL,NULL,NULL,NULL,NULL,NULL,NULL,0.100,26.33,NULL,9.020000000000000000000000000000),
(2183608,255417,113,NULL,'T11_10',NULL,'CONSUMPTION','002-001','Electricity','4-1101',1.00000000,NULL,NULL,NULL,NULL,'2019-07-01','2019-09-05',NULL,NULL,0.100,61.21,NULL,1.030000000000000000000000000000),
(2183609,255417,113,NULL,'Evolve_Pod',NULL,'CONSUMPTION','001-002','Service Fee','5-1108',1.00000000,NULL,NULL,NULL,NULL,NULL,NULL,NULL,NULL,0.100,3.08,NULL,5.000000000000000000000000000000),
(2183610,255417,113,NULL,'T11_10',NULL,'CONSUMPTION','002-001','Electricity','4-1101',1.00000000,NULL,NULL,NULL,NULL,'2019-06-06','2019-06-30',NULL,NULL,0.100,24.40,NULL,1.020000000000000000000000000000),
(2184107,255442,113,NULL,'T11_10',NULL,'CONSUMPTION','002-001','Electricity','4-1101',1.00000000,NULL,NULL,NULL,NULL,'2019-07-01','2019-09-05',NULL,NULL,0.100,16.73,NULL,1.030000000000000000000000000000),
(2184108,255442,113,NULL,'Asset_Elect_Div_$50',NULL,'CONSUMPTION','001-003','Qld Electricity Asset Ownership Dividend','4-1124',1.00000000,NULL,NULL,NULL,NULL,NULL,NULL,NULL,NULL,0.000,0.00,NULL,8.010000000000000000000000000000),
(2184109,255442,115,NULL,'Evolve_Hot_Water',NULL,'CONSUMPTION','002-001','Hot Water Charge','4-1128',1.00000000,NULL,NULL,NULL,NULL,NULL,NULL,NULL,NULL,0.100,34.55,NULL,10.000000000000000000000000000000),
(2184110,255442,113,NULL,'Evolve_Pod',NULL,'CONSUMPTION','001-002','Service Fee','5-1108',1.00000000,NULL,NULL,NULL,NULL,NULL,NULL,NULL,NULL,0.100,3.08,NULL,5.000000000000000000000000000000),
(2184111,255442,113,NULL,'T11_10',NULL,'CONSUMPTION','002-001','Electricity','4-1101',1.00000000,NULL,NULL,NULL,NULL,'2019-06-06','2019-06-30',NULL,NULL,0.100,6.67,NULL,1.020000000000000000000000000000),
(2290519,267947,251,NULL,'Oxley_Circle_Elect',NULL,'CONSUMPTION','001-002','Service Fee','5-1108',1.00000000,NULL,NULL,NULL,NULL,NULL,NULL,NULL,NULL,0.100,1.32,NULL,3.000000000000000000000000000000),
(2290520,267947,252,NULL,'Oxley_Circle_Water',NULL,'CONSUMPTION','002-001','Town Water','4-1104',1.00000000,NULL,NULL,NULL,NULL,NULL,NULL,NULL,NULL,0.000,0.00,NULL,4.000000000000000000000000000000),
(2290521,267947,251,NULL,'Oxley_Circle_Elect',NULL,'CONSUMPTION','002-001','Electricity','4-1101',1.00000000,NULL,NULL,NULL,NULL,NULL,NULL,NULL,NULL,0.100,24.15,NULL,1.000000000000000000000000000000),
(2360442,274664,499,NULL,'SkyCity_Thermal',NULL,'CONSUMPTION','002-028','Thermal Usage (Plan ID FLO790435MR)','42202',1.00000000,NULL,NULL,NULL,NULL,NULL,NULL,NULL,NULL,0.100,0.00,NULL,3.000000000000000000000000000000),
(2360443,274664,268,NULL,'SkyCity_Developer',NULL,'CONSUMPTION','002-001','Electricity Usage (Plan ID FLO790435MR','42202',1.00000000,NULL,NULL,NULL,NULL,NULL,NULL,NULL,NULL,0.100,0.23,NULL,2.000000000000000000000000000000),
(2508695,296316,251,NULL,'Oxley_Circle_Elect',NULL,'CONSUMPTION','002-001','Electricity','4-1101',1.00000000,NULL,NULL,NULL,NULL,NULL,NULL,NULL,NULL,0.100,29.55,NULL,1.000000000000000000000000000000),
(2508696,296316,251,NULL,'Oxley_Circle_Elect',NULL,'CONSUMPTION','001-002','Service Fee','5-1108',1.00000000,NULL,NULL,NULL,NULL,NULL,NULL,NULL,NULL,0.100,1.51,NULL,3.000000000000000000000000000000),
(2541601,300499,499,NULL,'SkyCity_Thermal',NULL,'CONSUMPTION','002-028','Thermal Usage (Plan ID FLO790435MR)','42202',1.00000000,NULL,NULL,NULL,NULL,NULL,NULL,NULL,NULL,0.100,0.00,NULL,3.000000000000000000000000000000),
(2541602,300499,268,NULL,'SkyCity_Developer',NULL,'CONSUMPTION','002-001','Electricity Usage (Plan ID FLO790435MR','42202',1.00000000,NULL,NULL,NULL,NULL,NULL,NULL,NULL,NULL,0.100,0.24,NULL,2.000000000000000000000000000000),
(2716604,322128,251,NULL,'Oxley_Circle_Elect',NULL,'CONSUMPTION','002-001','Electricity','4-1101',1.00000000,NULL,NULL,NULL,NULL,NULL,NULL,NULL,NULL,0.100,29.58,NULL,1.000000000000000000000000000000),
(2716605,322128,251,NULL,'Oxley_Circle_Elect',NULL,'CONSUMPTION','001-002','Service Fee','5-1108',1.00000000,NULL,NULL,NULL,NULL,NULL,NULL,NULL,NULL,0.100,1.51,NULL,3.000000000000000000000000000000),
(2738802,325772,499,NULL,'SkyCity_Thermal',NULL,'CONSUMPTION','002-028','Thermal Usage (Plan ID FLO790435MR)','42202',1.00000000,NULL,NULL,NULL,NULL,NULL,NULL,NULL,NULL,0.100,0.00,NULL,3.000000000000000000000000000000),
(2738803,325772,268,NULL,'SkyCity_Developer',NULL,'CONSUMPTION','002-001','Electricity Usage (Plan ID FLO790435MR','42202',1.00000000,NULL,NULL,NULL,NULL,NULL,NULL,NULL,NULL,0.100,0.23,NULL,2.000000000000000000000000000000),
(2861546,342590,113,NULL,'T11_10',NULL,'CONSUMPTION','002-001','Electricity','4-1101',1.00000000,NULL,NULL,NULL,NULL,NULL,NULL,NULL,NULL,0.100,24.10,NULL,1.030000000000000000000000000000),
(2861547,342590,115,NULL,'Evolve_Hot_Water',NULL,'CONSUMPTION','002-001','Hot Water Charge','4-1128',1.00000000,NULL,NULL,NULL,NULL,NULL,NULL,NULL,NULL,0.100,22.22,NULL,10.000000000000000000000000000000),
(2861548,342590,113,NULL,'Evolve_Pod',NULL,'CONSUMPTION','001-002','Service Fee','5-1108',1.00000000,NULL,NULL,NULL,NULL,NULL,NULL,NULL,NULL,0.100,3.06,NULL,6.000000000000000000000000000000),
(2861579,340765,113,NULL,'Evolve_Pod',NULL,'CONSUMPTION','001-002','Service Fee','5-1108',1.00000000,NULL,NULL,NULL,NULL,NULL,NULL,NULL,NULL,0.100,3.06,NULL,6.000000000000000000000000000000),
(2861580,340765,113,NULL,'T11_10',NULL,'CONSUMPTION','002-001','Electricity','4-1101',1.00000000,NULL,NULL,NULL,NULL,NULL,NULL,NULL,NULL,0.100,103.19,NULL,1.030000000000000000000000000000),
(2921195,347993,232,NULL,'QUUW_RESI_L',NULL,'CONSUMPTION','002-032','Water Consumption (First 822L/day)','4-1104',1.00000000,NULL,NULL,NULL,NULL,NULL,NULL,NULL,NULL,0.000,0.00,NULL,5.070000000000000000000000000000),
(2921196,347993,245,NULL,'Centra_Toowong_Elect',NULL,'CONSUMPTION','001-002','Service Fee','5-1108',1.00000000,NULL,NULL,NULL,NULL,'2019-10-24','2019-11-27',NULL,NULL,0.100,2.07,NULL,6.000000000000000000000000000000),
(2921197,347993,232,NULL,'QUUW_RESI_L',NULL,'CONSUMPTION','002-032','Water Consumption (Remaining)','4-1104',1.00000000,NULL,NULL,NULL,NULL,NULL,NULL,NULL,NULL,0.000,0.00,NULL,5.080000000000000000000000000000),
(2921198,347993,245,NULL,'Centra_Toowong_Elect',NULL,'CONSUMPTION','002-001','Electricity','4-1101',1.00000000,NULL,NULL,NULL,NULL,NULL,NULL,NULL,NULL,0.100,19.34,NULL,3.000000000000000000000000000000),
(2921199,347993,232,NULL,'Cent_Toowong_HW_Water_Usage',NULL,'CONSUMPTION','001-002','Gas Cooktop','4-1131',1.00000000,NULL,NULL,NULL,NULL,NULL,NULL,NULL,NULL,0.100,1.32,NULL,9.000000000000000000000000000000),
(2921200,347993,245,NULL,'Centra_Toowong_Elect',NULL,'CONSUMPTION','001-002','Service Fee','5-1108',1.00000000,NULL,NULL,NULL,NULL,'2019-09-01','2019-10-23',NULL,NULL,0.100,3.08,NULL,4.000000000000000000000000000000),
(2921201,347993,232,NULL,'Cent_Toowong_HW_Heating',NULL,'CONSUMPTION','002-001','Gas Consumption for Water Heating','4-1103',1.00000000,NULL,NULL,NULL,NULL,NULL,NULL,NULL,NULL,0.100,16.18,NULL,11.020000000000000000000000000000),
(2977082,355051,252,NULL,'Oxley_Circle_Water',NULL,'CONSUMPTION','002-001','Town Water','4-1104',1.00000000,NULL,NULL,NULL,NULL,NULL,NULL,NULL,NULL,0.000,0.00,NULL,5.000000000000000000000000000000),
(2977083,355051,251,NULL,'Oxley_Circle_Elect',NULL,'CONSUMPTION','001-002','Service Fee','5-1108',1.00000000,NULL,NULL,NULL,NULL,NULL,NULL,NULL,NULL,0.100,1.51,NULL,3.000000000000000000000000000000),
(2977084,355051,251,NULL,'Oxley_Circle_Elect',NULL,'CONSUMPTION','002-001','Electricity','4-1101',1.00000000,NULL,NULL,NULL,NULL,NULL,NULL,NULL,NULL,0.100,32.07,NULL,1.000000000000000000000000000000),
(3129643,376213,268,NULL,'SkyCity_Developer',NULL,'CONSUMPTION','002-001','Electricity Usage (Plan ID FLO790435MR','42202',1.00000000,NULL,NULL,NULL,NULL,NULL,NULL,NULL,NULL,0.100,0.25,NULL,2.000000000000000000000000000000),
(3129644,376213,499,NULL,'SkyCity_Thermal',NULL,'CONSUMPTION','002-028','Thermal Usage (Plan ID FLO790435MR)','42202',1.00000000,NULL,NULL,NULL,NULL,NULL,NULL,NULL,NULL,0.100,0.00,NULL,3.000000000000000000000000000000),
(3227139,392382,268,NULL,'SkyCity_Developer',NULL,'CONSUMPTION','002-001','Electricity Usage (Plan ID FLO790435MR','42202',1.00000000,NULL,NULL,NULL,NULL,NULL,NULL,NULL,NULL,0.100,0.25,NULL,2.000000000000000000000000000000),
(3227140,392382,499,NULL,'SkyCity_Thermal',NULL,'CONSUMPTION','002-028','Thermal Usage (Plan ID FLO790435MR)','42202',1.00000000,NULL,NULL,NULL,NULL,NULL,NULL,NULL,NULL,0.100,0.21,NULL,3.000000000000000000000000000000),
(3235903,391420,268,NULL,'SkyCity_Developer',NULL,'CONSUMPTION','002-001','Electricity Usage (Plan ID FLO790435MR','42202',1.00000000,NULL,NULL,NULL,NULL,NULL,NULL,NULL,NULL,0.100,0.82,NULL,2.000000000000000000000000000000),
(3235904,391420,499,NULL,'SkyCity_Thermal',NULL,'CONSUMPTION','002-028','Thermal Usage (Plan ID FLO790435MR)','42202',1.00000000,NULL,NULL,NULL,NULL,NULL,NULL,NULL,NULL,0.100,3.52,NULL,3.000000000000000000000000000000),
(3238026,391025,251,NULL,'Oxley_Circle_Elect',NULL,'CONSUMPTION','002-001','Electricity','4-1101',1.00000000,NULL,NULL,NULL,NULL,NULL,NULL,NULL,NULL,0.100,27.68,NULL,1.000000000000000000000000000000),
(3238027,391025,251,NULL,'Oxley_Circle_Elect',NULL,'CONSUMPTION','001-002','Service Fee','5-1108',1.00000000,NULL,NULL,NULL,NULL,NULL,NULL,NULL,NULL,0.100,1.46,NULL,3.000000000000000000000000000000),
(3460109,425413,86,NULL,'MalenyGrove_ELECTRICITY',NULL,'CONSUMPTION','002-001','Electricity Usage','4-1101',1.00000000,NULL,NULL,NULL,NULL,NULL,NULL,NULL,NULL,0.100,47.18,NULL,2.000000000000000000000000000000),
(3460110,425413,86,NULL,'MalenyGrove_ELECTRICITY',NULL,'CONSUMPTION','001-002','Service Fee','5-1108',1.00000000,NULL,NULL,NULL,NULL,'2019-08-30','2020-02-25',NULL,NULL,0.100,4.76,NULL,4.000000000000000000000000000000),
(3460111,425413,86,NULL,'MalenyGrove_ELECTRICITY',NULL,'CONSUMPTION','001-002','Service Fee','5-1108',1.00000000,NULL,NULL,NULL,NULL,'2019-08-29','2019-08-29',NULL,NULL,0.100,0.03,NULL,3.000000000000000000000000000000),
(3473553,426172,251,NULL,'Oxley_Circle_Elect',NULL,'CONSUMPTION','001-002','Service Fee','5-1108',1.00000000,NULL,NULL,NULL,NULL,NULL,NULL,NULL,NULL,0.100,1.46,NULL,3.000000000000000000000000000000),
(3473554,426172,251,NULL,'Oxley_Circle_Elect',NULL,'CONSUMPTION','002-001','Electricity','4-1101',1.00000000,NULL,NULL,NULL,NULL,NULL,NULL,NULL,NULL,0.100,35.15,NULL,1.000000000000000000000000000000),
(3488188,429744,268,NULL,'SkyCity_Developer',NULL,'CONSUMPTION','002-001','Electricity Usage (Plan ID FLO790435MR','42202',1.00000000,NULL,NULL,NULL,NULL,NULL,NULL,NULL,NULL,0.100,3.25,NULL,2.000000000000000000000000000000),
(3488189,429744,499,NULL,'SkyCity_Thermal',NULL,'CONSUMPTION','002-028','Thermal Usage (Plan ID FLO790435MR)','42202',1.00000000,NULL,NULL,NULL,NULL,NULL,NULL,NULL,NULL,0.100,4.21,NULL,3.000000000000000000000000000000),
(3649707,448209,113,NULL,'T11_10',NULL,'CONSUMPTION','002-001','Electricity','4-1101',1.00000000,NULL,NULL,NULL,NULL,NULL,NULL,NULL,NULL,0.100,36.59,'EXPORT',1.029999971389770507812500000000),
(3649708,448209,115,NULL,'Evolve_Hot_Water',NULL,'CONSUMPTION','002-001','Hot Water Charge','4-1128',1.00000000,NULL,NULL,NULL,NULL,NULL,NULL,NULL,NULL,0.100,12.22,'EXPORT',11.000000000000000000000000000000),
(3649709,448209,113,NULL,'Evolve_Pod',NULL,'CONSUMPTION','001-002','Service Fee','5-1108',1.00000000,NULL,NULL,NULL,NULL,NULL,NULL,NULL,NULL,0.100,3.02,NULL,6.000000000000000000000000000000),
(3651862,450642,232,NULL,'Cent_Toowong_HW_Water_Usage',NULL,'CONSUMPTION','001-002','Gas Cooktop','4-1131',1.00000000,NULL,NULL,NULL,NULL,NULL,NULL,NULL,NULL,0.100,1.35,NULL,9.000000000000000000000000000000),
(3651863,450642,232,NULL,'QUUW_RESI_L',NULL,'CONSUMPTION','002-032','Water Consumption (Remaining)','4-1104',1.00000000,NULL,NULL,NULL,NULL,NULL,NULL,NULL,NULL,0.000,0.00,'EXPORT',5.079999923706054687500000000000),
(3651864,450642,245,NULL,'Centra_Toowong_Elect',NULL,'CONSUMPTION','002-001','Electricity','4-1101',1.00000000,NULL,NULL,NULL,NULL,NULL,NULL,NULL,NULL,0.100,29.47,'EXPORT',3.000000000000000000000000000000),
(3651865,450642,232,NULL,'QUUW_RESI_L',NULL,'CONSUMPTION','002-032','Water Consumption (First 822L/day)','4-1104',1.00000000,NULL,NULL,NULL,NULL,NULL,NULL,NULL,NULL,0.000,0.00,'EXPORT',5.070000171661376953125000000000),
(3651866,450642,245,NULL,'Centra_Toowong_Elect',NULL,'CONSUMPTION','001-002','Service Fee','5-1108',1.00000000,NULL,NULL,NULL,NULL,NULL,NULL,NULL,NULL,0.100,5.31,NULL,6.000000000000000000000000000000),
(3651867,450642,232,NULL,'Cent_Toowong_HW_Heating',NULL,'CONSUMPTION','002-001','Gas Consumption for Water Heating','4-1103',1.00000000,NULL,NULL,NULL,NULL,NULL,NULL,NULL,NULL,0.100,16.06,'EXPORT',11.020000457763671875000000000000),
(3665550,453708,113,NULL,'Evolve_Pod',NULL,'CONSUMPTION','001-002','Service Fee','5-1108',1.00000000,NULL,NULL,NULL,NULL,NULL,NULL,NULL,NULL,0.100,3.02,NULL,6.000000000000000000000000000000),
(3665551,453708,113,NULL,'T11_10',NULL,'CONSUMPTION','002-001','Electricity','4-1101',1.00000000,NULL,NULL,NULL,NULL,NULL,NULL,NULL,NULL,0.100,141.62,'EXPORT',1.029999971389770507812500000000),
(3729579,462419,252,NULL,'Oxley_Circle_Water',NULL,'CONSUMPTION','002-001','Town Water','4-1104',1.00000000,NULL,NULL,NULL,NULL,NULL,NULL,NULL,NULL,0.000,0.00,'EXPORT',5.000000000000000000000000000000),
(3729580,462419,251,NULL,'Oxley_Circle_Elect',NULL,'CONSUMPTION','001-002','Service Fee','5-1108',1.00000000,NULL,NULL,NULL,NULL,NULL,NULL,NULL,NULL,0.100,1.41,NULL,3.000000000000000000000000000000),
(3729581,462419,251,NULL,'Oxley_Circle_Elect',NULL,'CONSUMPTION','002-001','Electricity','4-1101',1.00000000,NULL,NULL,NULL,NULL,NULL,NULL,NULL,NULL,0.100,24.81,'EXPORT',1.000000000000000000000000000000),
(3846271,477521,268,NULL,'SkyCity_Developer',NULL,'CONSUMPTION','002-001','Electricity Usage (Plan ID FLO790435MR','42202',1.00000000,NULL,NULL,NULL,NULL,NULL,NULL,NULL,NULL,0.100,1.63,'EXPORT',2.000000000000000000000000000000),
(3846272,477521,499,NULL,'SkyCity_Thermal',NULL,'CONSUMPTION','002-028','Thermal Usage (Plan ID FLO790435MR)','42202',1.00000000,NULL,NULL,NULL,NULL,NULL,NULL,NULL,NULL,0.100,3.37,'EXPORT',3.000000000000000000000000000000),
(3971750,499069,251,NULL,'Oxley_Circle_Elect',NULL,'CONSUMPTION','002-001','Electricity','4-1101',1.00000000,NULL,NULL,NULL,NULL,NULL,NULL,NULL,NULL,0.100,24.35,'EXPORT',1.000000000000000000000000000000),
(3971751,499069,251,NULL,'Oxley_Circle_Elect',NULL,'CONSUMPTION','001-002','Service Fee','5-1108',1.00000000,NULL,NULL,NULL,NULL,NULL,NULL,NULL,NULL,0.100,1.46,NULL,3.000000000000000000000000000000),
(4004735,497146,499,NULL,'SkyCity_Thermal',NULL,'CONSUMPTION','002-028','Thermal Usage (Plan ID FLO790435MR)','42202',1.00000000,NULL,NULL,NULL,NULL,NULL,NULL,NULL,NULL,0.100,1.66,'EXPORT',3.000000000000000000000000000000),
(4004736,497146,268,NULL,'SkyCity_Developer',NULL,'CONSUMPTION','002-001','Electricity Usage (Plan ID FLO790435MR','42202',1.00000000,NULL,NULL,NULL,NULL,NULL,NULL,NULL,NULL,0.100,1.05,'EXPORT',2.000000000000000000000000000000),
(4177657,528109,251,NULL,'Oxley_Circle_Elect',NULL,'CONSUMPTION','001-002','Service Fee','5-1108',1.00000000,NULL,NULL,NULL,NULL,NULL,NULL,NULL,NULL,0.100,1.46,NULL,3.000000000000000000000000000000),
(4177658,528109,251,NULL,'Oxley_Circle_Elect',NULL,'CONSUMPTION','002-001','Electricity','4-1101',1.00000000,NULL,NULL,NULL,NULL,NULL,NULL,NULL,NULL,0.100,24.38,'EXPORT',1.000000000000000000000000000000),
(4296527,538356,268,NULL,'SkyCity_Developer',NULL,'CONSUMPTION','002-001','Electricity Usage (Plan ID FLO790435MR','42202',1.00000000,NULL,NULL,NULL,NULL,NULL,NULL,NULL,NULL,0.100,0.73,'EXPORT',2.000000000000000000000000000000),
(4296528,538356,499,NULL,'SkyCity_Thermal',NULL,'CONSUMPTION','002-028','Thermal Usage (Plan ID FLO790435MR)','42202',1.00000000,NULL,NULL,NULL,NULL,NULL,NULL,NULL,NULL,0.100,0.00,'EXPORT',3.000000000000000000000000000000),
(4356027,549860,245,NULL,'Centra_Toowong_Elect',NULL,'CONSUMPTION','002-001','Electricity','4-1101',1.00000000,NULL,NULL,NULL,NULL,NULL,NULL,NULL,NULL,0.100,24.92,'EXPORT',3.000000000000000000000000000000),
(4356028,549860,232,NULL,'QUUW_RESI_L',NULL,'CONSUMPTION','002-032','Water Consumption (First 822L/day)','4-1104',1.00000000,NULL,NULL,NULL,NULL,NULL,NULL,NULL,NULL,0.000,0.00,'EXPORT',5.070000171661376953125000000000),
(4356029,549860,232,NULL,'QUUW_RESI_L',NULL,'CONSUMPTION','002-032','Water Consumption (Remaining)','4-1104',1.00000000,NULL,NULL,NULL,NULL,NULL,NULL,NULL,NULL,0.000,0.00,'EXPORT',5.079999923706054687500000000000),
(4356030,549860,232,NULL,'Cent_Toowong_HW_Water_Usage',NULL,'CONSUMPTION','001-002','Gas Cooktop','4-1131',1.00000000,NULL,NULL,NULL,NULL,NULL,NULL,NULL,NULL,0.100,1.35,NULL,9.000000000000000000000000000000),
(4356031,549860,232,NULL,'Cent_Toowong_HW_Heating',NULL,'CONSUMPTION','002-001','Gas Consumption for Water Heating','4-1103',1.00000000,NULL,NULL,NULL,NULL,NULL,NULL,NULL,NULL,0.100,15.68,'EXPORT',11.020000457763671875000000000000),
(4356032,549860,245,NULL,'Centra_Toowong_Elect',NULL,'CONSUMPTION','001-002','Service Fee','5-1108',1.00000000,NULL,NULL,NULL,NULL,NULL,NULL,NULL,NULL,0.100,5.31,NULL,6.000000000000000000000000000000),
(4385542,549987,113,NULL,'Evolve_Pod',NULL,'CONSUMPTION','001-002','Service Fee','5-1108',1.00000000,NULL,NULL,NULL,NULL,NULL,NULL,NULL,NULL,0.100,3.09,NULL,6.000000000000000000000000000000),
(4385543,549987,115,NULL,'Evolve_Hot_Water',NULL,'CONSUMPTION','002-001','Hot Water Charge','4-1128',1.00000000,NULL,NULL,NULL,NULL,NULL,NULL,NULL,NULL,0.100,14.14,'EXPORT',11.000000000000000000000000000000),
(4385544,549987,113,NULL,'T11_10',NULL,'CONSUMPTION','002-001','Electricity','4-1101',1.00000000,NULL,NULL,NULL,NULL,NULL,NULL,NULL,NULL,0.100,15.47,'EXPORT',1.029999971389770507812500000000),
(4385583,540949,113,NULL,'Evolve_Pod',NULL,'CONSUMPTION','001-002','Service Fee','5-1108',1.00000000,NULL,NULL,NULL,NULL,NULL,NULL,NULL,NULL,0.100,3.09,NULL,6.000000000000000000000000000000),
(4385584,540949,113,NULL,'T11_10',NULL,'CONSUMPTION','002-001','Electricity','4-1101',1.00000000,NULL,NULL,NULL,NULL,NULL,NULL,NULL,NULL,0.100,100.34,'EXPORT',1.029999971389770507812500000000),
(4398763,521542,86,NULL,'MalenyGrove_ELECTRICITY',NULL,'CONSUMPTION','002-001','Electricity Usage','4-1101',1.00000000,NULL,NULL,NULL,NULL,NULL,NULL,NULL,NULL,0.100,25.71,'EXPORT',2.000000000000000000000000000000),
(4398764,521542,86,NULL,'MalenyGrove_ELECTRICITY',NULL,'CONSUMPTION','001-002','Service Fee','5-1108',1.00000000,NULL,NULL,NULL,NULL,NULL,NULL,NULL,NULL,0.100,2.46,NULL,4.000000000000000000000000000000),
(4497086,562328,268,NULL,'SkyCity_Developer',NULL,'CONSUMPTION','002-001','Electricity Usage (Plan ID FLO790435MR','42202',1.00000000,NULL,NULL,NULL,NULL,NULL,NULL,NULL,NULL,0.100,1.23,'EXPORT',2.000000000000000000000000000000),
(4497087,562328,499,NULL,'SkyCity_Thermal',NULL,'CONSUMPTION','002-028','Thermal Usage (Plan ID FLO790435MR)','42202',1.00000000,NULL,NULL,NULL,NULL,NULL,NULL,NULL,NULL,0.100,0.67,'EXPORT',3.000000000000000000000000000000),
(4526163,566008,252,NULL,'Oxley_Circle_Water',NULL,'CONSUMPTION','002-001','Town Water','4-1104',1.00000000,NULL,NULL,NULL,NULL,NULL,NULL,NULL,NULL,0.000,0.00,'EXPORT',5.000000000000000000000000000000),
(4526164,566008,251,NULL,'Oxley_Circle_Elect',NULL,'CONSUMPTION','002-001','Electricity','4-1101',1.00000000,NULL,NULL,NULL,NULL,NULL,NULL,NULL,NULL,0.100,25.38,'EXPORT',1.000000000000000000000000000000),
(4526165,566008,251,NULL,'Oxley_Circle_Elect',NULL,'CONSUMPTION','001-002','Service Fee','5-1108',1.00000000,NULL,NULL,NULL,NULL,NULL,NULL,NULL,NULL,0.100,1.51,NULL,3.000000000000000000000000000000),
(4781513,601186,499,NULL,'SkyCity_Thermal',NULL,'CONSUMPTION','002-028','Thermal Usage (Plan ID FLO790435MR)','42202',1.00000000,NULL,NULL,NULL,NULL,NULL,NULL,NULL,NULL,0.100,2.60,'EXPORT',3.000000000000000000000000000000),
(4781514,601186,268,NULL,'SkyCity_Developer',NULL,'CONSUMPTION','002-001','Electricity Usage (Plan ID FLO790435MR','42202',1.00000000,NULL,NULL,NULL,NULL,NULL,NULL,NULL,NULL,0.100,1.81,'EXPORT',2.000000000000000000000000000000),
(4865015,613726,251,NULL,'Oxley_Circle_Elect',NULL,'CONSUMPTION','001-002','Service Fee','5-1108',1.00000000,NULL,NULL,NULL,NULL,NULL,NULL,NULL,NULL,0.100,1.46,NULL,3.000000000000000000000000000000),
(4865016,613726,251,NULL,'Oxley_Circle_Elect',NULL,'CONSUMPTION','002-001','Electricity','4-1101',1.00000000,NULL,NULL,NULL,NULL,NULL,NULL,NULL,NULL,0.100,25.01,'EXPORT',1.000000000000000000000000000000),
(4865017,613726,251,NULL,'QLD Govt Relief Payment - Commercial',NULL,'CONSUMPTION','001-003','QLD Govt Relief Payment','4-1130',1.00000000,NULL,NULL,NULL,NULL,NULL,NULL,NULL,NULL,0.000,0.00,NULL,4.010000228881835937500000000000),
(4985273,628276,86,NULL,'MalenyGrove_ELECTRICITY',NULL,'CONSUMPTION','002-001','Electricity Usage','4-1101',1.00000000,NULL,NULL,NULL,NULL,'2020-07-01','2020-08-27',NULL,NULL,0.100,20.26,'EXPORT',3.000000000000000000000000000000),
(4985274,628276,86,NULL,'MalenyGrove_ELECTRICITY',NULL,'CONSUMPTION','001-002','Service Fee','5-1108',1.00000000,NULL,NULL,NULL,NULL,NULL,NULL,NULL,NULL,0.100,2.41,NULL,5.000000000000000000000000000000),
(4985275,628276,86,NULL,'MalenyGrove_ELECTRICITY',NULL,'CONSUMPTION','002-001','Electricity Usage','4-1101',1.00000000,NULL,NULL,NULL,NULL,'2020-05-29','2020-06-30',NULL,NULL,0.100,12.00,'EXPORT',2.000000000000000000000000000000),
(5056985,641370,113,NULL,'Evolve_Pod',NULL,'CONSUMPTION','001-002','Service Fee','5-1108',1.00000000,NULL,NULL,NULL,NULL,NULL,NULL,NULL,NULL,0.100,3.09,NULL,6.000000000000000000000000000000),
(5056986,641370,113,NULL,'T11_10',NULL,'CONSUMPTION','002-001','Electricity','4-1101',1.00000000,NULL,NULL,NULL,NULL,'2020-06-02','2020-06-30',NULL,NULL,0.100,25.08,'EXPORT',1.030000000000000000000000000000),
(5057103,641412,113,NULL,'Evolve_Pod',NULL,'CONSUMPTION','001-002','Service Fee','5-1108',1.00000000,NULL,NULL,NULL,NULL,NULL,NULL,NULL,NULL,0.100,3.09,NULL,6.000000000000000000000000000000),
(5057104,641412,113,NULL,'T11_10',NULL,'CONSUMPTION','002-001','Electricity','4-1101',1.00000000,NULL,NULL,NULL,NULL,'2020-06-02','2020-06-30',NULL,NULL,0.100,9.22,'EXPORT',1.030000000000000000000000000000),
(5057105,641412,115,NULL,'Evolve_Hot_Water',NULL,'CONSUMPTION','002-001','Hot Water Charge','4-1128',1.00000000,NULL,NULL,NULL,NULL,NULL,NULL,NULL,NULL,0.100,16.06,'EXPORT',11.000000000000000000000000000000),
(5062730,640579,499,NULL,'SkyCity_Thermal',NULL,'CONSUMPTION','002-028','Thermal Usage (Plan ID FLO790435MR)','42202',1.00000000,NULL,NULL,NULL,NULL,NULL,NULL,NULL,NULL,0.100,1.31,'EXPORT',3.000000000000000000000000000000),
(5062731,640579,268,NULL,'SkyCity_Developer',NULL,'CONSUMPTION','002-001','Electricity Usage (Plan ID FLO790435MR','42202',1.00000000,NULL,NULL,NULL,NULL,NULL,NULL,NULL,NULL,0.100,1.60,'EXPORT',2.000000000000000000000000000000),
(5114929,650001,251,NULL,'Oxley_Circle_Elect',NULL,'CONSUMPTION','001-002','Service Fee','5-1108',1.00000000,NULL,NULL,NULL,NULL,NULL,NULL,NULL,NULL,0.100,1.51,NULL,3.000000000000000000000000000000),
(5114930,650001,251,NULL,'Oxley_Circle_Elect',NULL,'CONSUMPTION','002-001','Electricity','4-1101',1.00000000,NULL,NULL,NULL,NULL,NULL,NULL,NULL,NULL,0.100,24.95,'EXPORT',1.000000000000000000000000000000),
(5201626,655322,232,NULL,'QUUW_RESI_L',NULL,'CONSUMPTION','002-032','Water Consumption (First 822L/day)','4-1104',1.00000000,NULL,NULL,NULL,NULL,'2020-07-01','2020-08-24',NULL,NULL,0.000,0.00,'EXPORT',5.059999942779541015625000000000),
(5201627,655322,232,NULL,'QUUW_RESI_L',NULL,'CONSUMPTION','002-032','Water Consumption (Remaining)','4-1104',1.00000000,NULL,NULL,NULL,NULL,'2020-07-01','2020-08-24',NULL,NULL,0.000,0.00,'EXPORT',5.099999904632568359375000000000),
(5201628,655322,245,NULL,'Centra_Toowong_Elect',NULL,'CONSUMPTION','002-001','Electricity','4-1101',1.00000000,NULL,NULL,NULL,NULL,NULL,NULL,NULL,NULL,0.100,21.57,'EXPORT',3.000000000000000000000000000000),
(5201629,655322,232,NULL,'QUUW_RESI_L',NULL,'CONSUMPTION','002-032','Water Consumption (First 822L/day)','4-1104',1.00000000,NULL,NULL,NULL,NULL,'2020-05-26','2020-06-30',NULL,NULL,0.000,0.00,'EXPORT',5.059999942779541015625000000000),
(5201630,655322,232,NULL,'Cent_Toowong_HW_Water_Usage',NULL,'CONSUMPTION','001-002','Gas Cooktop','4-1131',1.00000000,NULL,NULL,NULL,NULL,NULL,NULL,NULL,NULL,0.100,1.37,NULL,9.000000000000000000000000000000),
(5201631,655322,232,NULL,'Cent_Toowong_HW_Heating',NULL,'CONSUMPTION','002-001','Gas Consumption for Water Heating','4-1103',1.00000000,NULL,NULL,NULL,NULL,NULL,NULL,NULL,NULL,0.100,23.69,'EXPORT',11.020000457763671875000000000000),
(5201632,655322,245,NULL,'Centra_Toowong_Elect',NULL,'CONSUMPTION','001-002','Service Fee','5-1108',1.00000000,NULL,NULL,NULL,NULL,NULL,NULL,NULL,NULL,0.100,5.37,NULL,5.000000000000000000000000000000),
(5201633,655322,232,NULL,'QUUW_RESI_L',NULL,'CONSUMPTION','002-032','Water Consumption (Remaining)','4-1104',1.00000000,NULL,NULL,NULL,NULL,'2020-05-26','2020-06-30',NULL,NULL,0.000,0.00,'EXPORT',5.099999904632568359375000000000),
(6093633,766819,245,NULL,'Centra_Toowong_Elect',NULL,'CONSUMPTION','001-002','Service Fee','5-1108',1.00000000,NULL,NULL,NULL,NULL,NULL,NULL,NULL,NULL,0.100,5.37,NULL,5.000000000000000000000000000000),
(6093634,766819,232,NULL,'Cent_Toowong_HW_Water_Usage',NULL,'CONSUMPTION','001-002','Gas Cooktop','4-1131',1.00000000,NULL,NULL,NULL,NULL,NULL,NULL,NULL,NULL,0.100,1.37,NULL,9.000000000000000000000000000000),
(6093635,766819,232,NULL,'QUUW_RESI_L',NULL,'CONSUMPTION','002-032','Water Consumption (Remaining)','4-1104',1.00000000,NULL,NULL,NULL,NULL,NULL,NULL,NULL,NULL,0.000,0.00,'EXPORT',5.099999904632568359375000000000),
(6093636,766819,245,NULL,'Centra_Toowong_Elect',NULL,'CONSUMPTION','002-001','Electricity','4-1101',1.00000000,NULL,NULL,NULL,NULL,NULL,NULL,NULL,NULL,0.100,19.19,'EXPORT',3.000000000000000000000000000000),
(6093637,766819,232,NULL,'Cent_Toowong_HW_Heating',NULL,'CONSUMPTION','002-001','Gas Consumption for Water Heating','4-1103',1.00000000,NULL,NULL,NULL,NULL,NULL,NULL,NULL,NULL,0.100,16.43,'EXPORT',11.020000457763671875000000000000),
(6093638,766819,232,NULL,'QUUW_RESI_L',NULL,'CONSUMPTION','002-032','Water Consumption (First 822L/day)','4-1104',1.00000000,NULL,NULL,NULL,NULL,NULL,NULL,NULL,NULL,0.000,0.00,'EXPORT',5.090000152587890625000000000000),
(6894571,871013,232,NULL,'QUUW_RESI_L',NULL,'CONSUMPTION','002-032','Water consumption (remaining)','4-1104',1.00000000,NULL,NULL,NULL,NULL,NULL,NULL,NULL,NULL,0.000,0.00,'EXPORT',7.099999904632568359375000000000),
(6894572,871013,232,NULL,'QUUW_RESI_L',NULL,'CONSUMPTION','002-032','Water consumption (first 822L/day)','4-1104',1.00000000,NULL,NULL,NULL,NULL,NULL,NULL,NULL,NULL,0.000,0.00,'EXPORT',7.090000152587890625000000000000),
(6894573,871013,245,NULL,'Centra_Toowong_Elect',NULL,'CONSUMPTION','001-002','Service fee','5-1108',1.00000000,NULL,NULL,NULL,NULL,NULL,NULL,NULL,NULL,0.100,5.43,NULL,4.000000000000000000000000000000),
(6894574,871013,232,NULL,'Cent_Toowong_HW_Heating',NULL,'CONSUMPTION','002-001','Gas consumption for water heating','4-1103',1.00000000,NULL,NULL,NULL,NULL,NULL,NULL,NULL,NULL,0.100,9.99,'EXPORT',8.020000457763671875000000000000),
(6894575,871013,245,NULL,'Centra_Toowong_Elect',NULL,'CONSUMPTION','002-001','Electricity','4-1101',1.00000000,NULL,NULL,NULL,NULL,NULL,NULL,NULL,NULL,0.100,19.80,'EXPORT',2.000000000000000000000000000000),
(6894576,871013,232,NULL,'Cent_Toowong_HW_Water_Usage',NULL,'CONSUMPTION','001-002','Gas cooktop','4-1131',1.00000000,NULL,NULL,NULL,NULL,NULL,NULL,NULL,NULL,0.100,1.38,NULL,9.000000000000000000000000000000);

/*Data for the table `bbeng_bills_charges_fixed` */

insert  into `bbeng_bills_charges_fixed`(`id`,`amount`) values 
(809882,-50.00000000),
(809925,-50.00000000),
(2184108,-50.00000000),
(4865017,-500.00000000);

/*Data for the table `bbeng_bills_charges_rated` */

insert  into `bbeng_bills_charges_rated`(`id`,`rate`,`rate_uom`,`unit`,`unit_uom`,`capped_amount`) values 
(11038,0.23260000,'KWH',439.00000000,'KWH',NULL),
(11039,0.32877000,'day',62.00000000,'day',NULL),
(11040,0.02000000,'L',6840.00000000,'L',NULL),
(19733,0.24510000,'kWh',429.92307692,'kWh',NULL),
(19734,0.23260000,'kWh',137.07692308,'kWh',NULL),
(19735,0.32877000,'day',91.00000000,'day',NULL),
(19736,0.02000000,'L',16380.00000000,'L',NULL),
(39342,0.24510000,'kWh',649.00000000,'kWh',NULL),
(39343,0.32877000,'day',90.00000000,'day',NULL),
(39344,0.02000000,'L',13699.00000000,'L',NULL),
(80021,0.02000000,'L',10202.00000000,'L',NULL),
(80022,0.24510000,'kWh',1164.00000000,'kWh',NULL),
(80023,0.32877000,'day',90.00000000,'day',NULL),
(86817,0.23260000,'kWh',1875.78431373,'kWh',NULL),
(86818,0.24510000,'kWh',8194.21568627,'kWh',NULL),
(86819,0.32877000,'day',306.00000000,'day',NULL),
(206706,0.32877000,'day',92.00000000,'day',NULL),
(206707,0.02000000,'L',12216.00000000,'L',NULL),
(206708,0.22059000,'kWh',870.00000000,'kWh',NULL),
(206744,0.22059000,'kWh',5834.00000000,'kWh',NULL),
(206745,0.32877000,'day',92.00000000,'day',NULL),
(444234,0.17500000,'kWh',393.00000000,'kWh',NULL),
(444235,0.01900000,'L',9774.00000000,'L',NULL),
(444236,0.58082200,'day',47.00000000,'day',NULL),
(444237,0.00368000,'L',9774.00000000,'L',NULL),
(444238,0.00440000,'L',0.00000000,'L',NULL),
(444239,0.20000000,'day',79.00000000,'day',NULL),
(465710,0.22059000,'kWh',211.35483871,'kWh',NULL),
(465711,0.21780000,'kWh',607.64516129,'kWh',NULL),
(465712,0.32877000,'day',24.00000000,'day',NULL),
(465713,0.02000000,'L',17563.00000000,'L',NULL),
(465714,0.33435600,'day',69.00000000,'day',NULL),
(465772,0.22059000,'kWh',1133.67741935,'kWh',NULL),
(465773,0.32877000,'day',24.00000000,'day',NULL),
(465774,0.21780000,'kWh',3259.32258065,'kWh',NULL),
(465775,0.33435600,'day',69.00000000,'day',NULL),
(499473,0.15000000,'kWh',1845.00000000,'kWh',NULL),
(499474,0.47945200,'day',32.00000000,'day',NULL),
(545973,0.47945200,'day',31.00000000,'day',NULL),
(545974,4.00000000,'kL',73.00000000,'kL',NULL),
(545975,0.15000000,'kWh',1830.00000000,'kWh',NULL),
(597263,0.47945200,'day',31.00000000,'day',NULL),
(597264,0.15000000,'kWh',1928.00000000,'kWh',NULL),
(748378,0.00440000,'L',0.00000000,'L',NULL),
(748379,0.17500000,'kWh',1106.00000000,'kWh',NULL),
(748380,0.01900000,'L',11140.00000000,'L',NULL),
(748381,0.20000000,'day',92.00000000,'day',NULL),
(748382,0.00368000,'L',11140.00000000,'L',NULL),
(748383,0.58082200,'day',94.00000000,'day',NULL),
(780328,0.15000000,'kWh',2091.00000000,'kWh',NULL),
(780329,0.47945200,'day',32.00000000,'day',NULL),
(809880,0.21780000,'kWh',913.00000000,'kWh',NULL),
(809881,0.02000000,'L',14390.00000000,'L',NULL),
(809883,0.33435600,'day',89.00000000,'day',NULL),
(809923,0.21780000,'kWh',5325.00000000,'kWh',NULL),
(809924,0.33435600,'day',89.00000000,'day',NULL),
(810511,0.21780000,'kWh',5325.00000000,'kWh',NULL),
(810512,0.33435600,'day',89.00000000,'day',NULL),
(836031,0.47945200,'day',29.00000000,'day',NULL),
(836032,0.15000000,'kWh',1909.00000000,'kWh',NULL),
(836033,4.00000000,'kL',69.00000000,'kL',NULL),
(966034,0.15000000,'kWh',2036.00000000,'kWh',NULL),
(966035,0.47945200,'day',30.00000000,'day',NULL),
(1043476,0.22100000,'kWh',49.67300000,'kWh',NULL),
(1088936,0.58082200,'day',88.00000000,'day',NULL),
(1088937,0.00440000,'L',0.00000000,'L',NULL),
(1088938,0.20000000,'day',90.00000000,'day',NULL),
(1088939,0.17500000,'kWh',2090.00000000,'kWh',NULL),
(1088940,0.01900000,'L',7770.00000000,'L',NULL),
(1088941,0.00368000,'L',7770.00000000,'L',NULL),
(1095918,0.47945200,'day',28.00000000,'day',NULL),
(1095919,0.15000000,'kWh',1973.00000000,'kWh',NULL),
(1097027,0.21780000,'kWh',1548.00000000,'kWh',NULL),
(1097028,0.33435600,'day',90.00000000,'day',NULL),
(1097029,0.02000000,'L',12523.00000000,'L',NULL),
(1097041,0.21780000,'kWh',6971.00000000,'kWh',NULL),
(1097042,0.33435600,'day',90.00000000,'day',NULL),
(1194186,0.47945200,'day',31.00000000,'day',NULL),
(1194187,0.15000000,'kWh',2099.00000000,'kWh',NULL),
(1194188,4.00000000,'kL',75.00000000,'kL',NULL),
(1219203,0.18000000,'kWh',96.29700000,'kWh',NULL),
(1364958,0.15000000,'kWh',1081.00000000,'kWh',NULL),
(1364959,0.47945200,'day',30.00000000,'day',NULL),
(1384437,0.18000000,'kWh',13.31000000,'kWh',NULL),
(1504792,0.16500000,'kWh',1688.00000000,'kWh',NULL),
(1504793,0.58082200,'day',91.00000000,'day',NULL),
(1504794,0.00440000,'L',0.00000000,'L',NULL),
(1504795,0.15000000,'day',91.00000000,'day',NULL),
(1504796,0.00368000,'L',11310.00000000,'L',NULL),
(1504797,0.01800000,'L',11310.00000000,'L',NULL),
(1514162,0.47945200,'day',30.00000000,'day',NULL),
(1514163,0.15000000,'kWh',1812.00000000,'kWh',NULL),
(1529134,0.02000000,'L',15155.00000000,'L',NULL),
(1529135,0.21780000,'kWh',1008.00000000,'kWh',NULL),
(1529136,0.33435600,'day',92.00000000,'day',NULL),
(1529175,0.33435600,'day',92.00000000,'day',NULL),
(1529176,0.21780000,'kWh',5463.00000000,'kWh',NULL),
(1551790,0.18000000,'kWh',45.18600000,'kWh',NULL),
(1664777,0.47945200,'day',30.00000000,'day',NULL),
(1664778,0.15000000,'kWh',1730.00000000,'kWh',NULL),
(1664779,4.00000000,'kL',62.00000000,'kL',NULL),
(1788048,0.18000000,'kWh',12.78400000,'kWh',NULL),
(1788049,0.18000000,'kWh-t',0.00000000,'kWh-t',NULL),
(1908434,0.48712300,'day',32.00000000,'day',NULL),
(1908435,0.15000000,'kWh',1891.00000000,'kWh',NULL),
(1941669,0.18000000,'kWh-t',335.78000000,'kWh-t',NULL),
(1941670,0.18000000,'kWh',13.21600000,'kWh',NULL),
(2125872,0.18000000,'kWh-t',36.85000000,'kWh-t',NULL),
(2125873,0.18000000,'kWh',13.19500000,'kWh',NULL),
(2137832,0.15000000,'kWh',1869.00000000,'kWh',NULL),
(2137833,0.48712300,'day',32.00000000,'day',NULL),
(2153436,0.00368000,'L',14630.00000000,'L',NULL),
(2153437,0.15000000,'day',92.00000000,'day',NULL),
(2153438,0.16500000,'kWh',1140.00000000,'kWh',NULL),
(2153439,0.00440000,'L',0.00000000,'L',NULL),
(2153440,0.58082200,'day',92.00000000,'day',NULL),
(2153441,0.01800000,'L',14630.00000000,'L',NULL),
(2183608,0.20385000,'kWh',3002.61956522,'kWh',NULL),
(2183609,0.33435600,'day',92.00000000,'day',NULL),
(2183610,0.21780000,'kWh',1120.38043478,'kWh',NULL),
(2184107,0.20385000,'kWh',820.75000000,'kWh',NULL),
(2184109,0.01800000,'L',19195.00000000,'L',NULL),
(2184110,0.33435600,'day',92.00000000,'day',NULL),
(2184111,0.21780000,'kWh',306.25000000,'kWh',NULL),
(2290519,0.48712300,'day',27.00000000,'day',NULL),
(2290520,4.11000000,'kL',74.00000000,'kL',NULL),
(2290521,0.15000000,'kWh',1610.00000000,'kWh',NULL),
(2360442,0.18000000,'kWh-t',0.00000000,'kWh-t',NULL),
(2360443,0.18000000,'kWh',12.78600000,'kWh',NULL),
(2508695,0.15000000,'kWh',1970.00000000,'kWh',NULL),
(2508696,0.48712300,'day',31.00000000,'day',NULL),
(2541601,0.18000000,'kWh-t',0.00000000,'kWh-t',NULL),
(2541602,0.18000000,'kWh',13.24300000,'kWh',NULL),
(2716604,0.15000000,'kWh',1972.00000000,'kWh',NULL),
(2716605,0.48712300,'day',31.00000000,'day',NULL),
(2738802,0.18000000,'kWh-t',0.00000000,'kWh-t',NULL),
(2738803,0.18000000,'kWh',12.83800000,'kWh',NULL),
(2861546,0.20385000,'kWh',1182.00000000,'kWh',NULL),
(2861547,0.01500000,'L',14810.00000000,'L',NULL),
(2861548,0.33976980,'day',90.00000000,'day',NULL),
(2861579,0.33976980,'day',90.00000000,'day',NULL),
(2861580,0.20385000,'kWh',5062.00000000,'kWh',NULL),
(2921195,0.00381000,'L',8990.00000000,'L',NULL),
(2921196,0.59011000,'day',35.00000000,'day',NULL),
(2921197,0.00459000,'L',0.00000000,'L',NULL),
(2921198,0.16500000,'kWh',1172.00000000,'kWh',NULL),
(2921199,0.15000000,'day',88.00000000,'day',NULL),
(2921200,0.58082200,'day',53.00000000,'day',NULL),
(2921201,0.01800000,'L',8990.00000000,'L',NULL),
(2977082,4.11000000,'kL',82.00000000,'kL',NULL),
(2977083,0.48712300,'day',31.00000000,'day',NULL),
(2977084,0.15000000,'kWh',2138.00000000,'kWh',NULL),
(3129643,0.18000000,'kWh',13.68200000,'kWh',NULL),
(3129644,0.18000000,'kWh-t',0.00000000,'kWh-t',NULL),
(3227139,0.18000000,'kWh',13.68200000,'kWh',NULL),
(3227140,0.18000000,'kWh-t',11.43400000,'kWh-t',NULL),
(3235903,0.18000000,'kWh',45.39600000,'kWh',NULL),
(3235904,0.18000000,'kWh-t',195.72000000,'kWh-t',NULL),
(3238026,0.15000000,'kWh',1845.00000000,'kWh',NULL),
(3238027,0.48712300,'day',30.00000000,'day',NULL),
(3460109,0.22650000,'kWh',2083.00000000,'kWh',NULL),
(3460110,0.26443800,'day',180.00000000,'day',NULL),
(3460111,0.26027000,'day',1.00000000,'day',NULL),
(3473553,0.48712300,'day',30.00000000,'day',NULL),
(3473554,0.15000000,'kWh',2343.00000000,'kWh',NULL),
(3488188,0.18000000,'kWh',180.45300000,'kWh',NULL),
(3488189,0.18000000,'kWh-t',233.86900000,'kWh-t',NULL),
(3649707,0.20385000,'kWh',1795.00000000,'kWh',NULL),
(3649708,0.01000000,'L',12218.00000000,'L',NULL),
(3649709,0.33976980,'day',89.00000000,'day',NULL),
(3651862,0.15000000,'day',90.00000000,'day',NULL),
(3651863,0.00459000,'L',0.00000000,'L',NULL),
(3651864,0.16500000,'kWh',1786.00000000,'kWh',NULL),
(3651865,0.00381000,'L',8920.00000000,'L',NULL),
(3651866,0.59011000,'day',90.00000000,'day',NULL),
(3651867,0.01800000,'L',8920.00000000,'L',NULL),
(3665550,0.33976980,'day',89.00000000,'day',NULL),
(3665551,0.20385000,'kWh',6947.00000000,'kWh',NULL),
(3729579,4.11000000,'kL',75.00000000,'kL',NULL),
(3729580,0.48712300,'day',29.00000000,'day',NULL),
(3729581,0.15000000,'kWh',1654.00000000,'kWh',NULL),
(3846271,0.18000000,'kWh',90.58100000,'kWh',NULL),
(3846272,0.18000000,'kWh-t',187.37500000,'kWh-t',NULL),
(3971750,0.15000000,'kWh',1623.00000000,'kWh',NULL),
(3971751,0.48712300,'day',30.00000000,'day',NULL),
(4004735,0.18000000,'kWh-t',92.12100000,'kWh-t',NULL),
(4004736,0.18000000,'kWh',58.56200000,'kWh',NULL),
(4177657,0.48712300,'day',30.00000000,'day',NULL),
(4177658,0.15000000,'kWh',1625.00000000,'kWh',NULL),
(4296527,0.18000000,'kWh',40.56100000,'kWh',NULL),
(4296528,0.18000000,'kWh-t',0.00000000,'kWh-t',NULL),
(4356027,0.16500000,'kWh',1510.00000000,'kWh',NULL),
(4356028,0.00381000,'L',8710.00000000,'L',NULL),
(4356029,0.00459000,'L',0.00000000,'L',NULL),
(4356030,0.15000000,'day',90.00000000,'day',NULL),
(4356031,0.01800000,'L',8710.00000000,'L',NULL),
(4356032,0.59011000,'day',90.00000000,'day',NULL),
(4385542,0.33976980,'day',91.00000000,'day',NULL),
(4385543,0.01000000,'L',14142.00000000,'L',NULL),
(4385544,0.20385000,'kWh',759.00000000,'kWh',NULL),
(4385583,0.33976980,'day',91.00000000,'day',NULL),
(4385584,0.20385000,'kWh',4922.00000000,'kWh',NULL),
(4398763,0.22650000,'kWh',1135.00000000,'kWh',NULL),
(4398764,0.26443800,'day',93.00000000,'day',NULL),
(4497086,0.18000000,'kWh',68.11600000,'kWh',NULL),
(4497087,0.18000000,'kWh-t',37.15800000,'kWh-t',NULL),
(4526163,4.11000000,'kL',74.00000000,'kL',NULL),
(4526164,0.15000000,'kWh',1692.00000000,'kWh',NULL),
(4526165,0.48712300,'day',31.00000000,'day',NULL),
(4781513,0.18000000,'kWh-t',144.26200000,'kWh-t',NULL),
(4781514,0.18000000,'kWh',100.40700000,'kWh',NULL),
(4865015,0.48712300,'day',30.00000000,'day',NULL),
(4865016,0.15000000,'kWh',1667.00000000,'kWh',NULL),
(4985273,0.21759100,'kWh',931.18681319,'kWh',NULL),
(4985274,0.26443800,'day',91.00000000,'day',NULL),
(4985275,0.22650000,'kWh',529.81318681,'kWh',NULL),
(5056985,0.33976980,'day',91.00000000,'day',NULL),
(5056986,0.20385000,'kWh',1230.10989011,'kWh',NULL),
(5057103,0.33976980,'day',91.00000000,'day',NULL),
(5057104,0.20385000,'kWh',452.20879121,'kWh',NULL),
(5057105,0.01000000,'L',16056.00000000,'L',NULL),
(5062730,0.18000000,'kWh-t',72.83000000,'kWh-t',NULL),
(5062731,0.18000000,'kWh',88.82700000,'kWh',NULL),
(5114929,0.48712300,'day',31.00000000,'day',NULL),
(5114930,0.15000000,'kWh',1663.00000000,'kWh',NULL),
(5201626,0.00391500,'L',7953.84615385,'L',NULL),
(5201627,0.00469100,'L',0.00000000,'L',NULL),
(5201628,0.16500000,'kWh',1307.00000000,'kWh',NULL),
(5201629,0.00381000,'L',5206.15384615,'L',NULL),
(5201630,0.15000000,'day',91.00000000,'day',NULL),
(5201631,0.01800000,'L',13160.00000000,'L',NULL),
(5201632,0.59011000,'day',91.00000000,'day',NULL),
(5201633,0.00459000,'L',0.00000000,'L',NULL),
(6093633,0.59011000,'day',91.00000000,'day',NULL),
(6093634,0.15000000,'day',91.00000000,'day',NULL),
(6093635,0.00469100,'L',0.00000000,'L',NULL),
(6093636,0.16500000,'kWh',1163.00000000,'kWh',NULL),
(6093637,0.01800000,'L',9130.00000000,'L',NULL),
(6093638,0.00391500,'L',9130.00000000,'L',NULL),
(6894571,0.00469100,'L',0.00000000,'L',NULL),
(6894572,0.00391500,'L',5550.00000000,'L',NULL),
(6894573,0.59011000,'day',92.00000000,'day',NULL),
(6894574,0.01800000,'L',5550.00000000,'L',NULL),
(6894575,0.16500000,'kWh',1200.00000000,'kWh',NULL),
(6894576,0.15000000,'day',92.00000000,'day',NULL);

/*Data for the table `bbeng_bills_consumption_map` */

insert  into `bbeng_bills_consumption_map`(`bill_summary_id`,`consumption_id`,`consumption_ratio`) values 
(1244255,1594317,1.00000000),
(1618962,2059874,1.00000000),
(1839336,2333371,1.00000000),
(357732,459084,1.00000000),
(357732,459085,1.00000000),
(423252,548949,1.00000000),
(423252,548950,1.00000000),
(478846,621716,1.00000000),
(478846,621717,1.00000000),
(535605,700773,1.00000000),
(535605,700774,1.00000000),
(619442,815085,1.00000000),
(619443,815086,1.00000000),
(675249,882736,1.00000000),
(675250,882737,1.00000000),
(740458,966596,1.00000000),
(740459,966597,1.00000000),
(821905,1070763,1.00000000),
(821906,1070764,1.00000000),
(890582,1155086,1.00000000),
(890583,1155087,1.00000000),
(961595,1248071,1.00000000),
(961596,1248072,1.00000000),
(1108004,1430038,1.00000000),
(1108005,1430039,1.00000000),
(1154325,1485198,1.00000000),
(1154326,1485199,1.00000000),
(1149712,1480110,1.00000000),
(1149713,1480111,1.00000000),
(1257525,1608763,1.00000000),
(1257526,1608764,1.00000000),
(1395527,1780179,1.00000000),
(1395528,1780180,1.00000000),
(1456402,1854428,1.00000000),
(1456403,1854429,1.00000000),
(1578552,2004440,1.00000000),
(1578553,2004441,1.00000000),
(1660311,2107117,1.00000000),
(1660312,2107118,1.00000000),
(1762906,2237360,1.00000000),
(1762907,2237361,1.00000000),
(1872721,2371975,1.00000000),
(1872722,2371976,1.00000000),
(6184,10008,1.00000000),
(6185,10009,1.00000000),
(9439,14006,1.00000000),
(9440,14007,1.00000000),
(17016,24300,1.00000000),
(17017,24301,1.00000000),
(32698,43319,1.00000000),
(32699,43320,1.00000000),
(72419,97868,1.00000000),
(72420,97869,1.00000000),
(154709,196882,1.00000000),
(154710,196883,1.00000000),
(274736,354760,1.00000000),
(274737,354761,1.00000000),
(377900,484382,1.00000000),
(377901,484383,1.00000000),
(527917,688756,1.00000000),
(527918,688757,1.00000000),
(761384,994542,1.00000000),
(761385,994543,1.00000000),
(1006918,1307961,1.00000000),
(1006919,1307962,1.00000000),
(1315373,1685289,1.00000000),
(1315374,1685290,1.00000000),
(1614235,2052421,1.00000000),
(1614236,2052422,1.00000000),
(1870460,2369132,1.00000000),
(1870461,2369133,1.00000000),
(34781,46349,1.00000000),
(72444,97893,1.00000000),
(154734,196907,1.00000000),
(274757,354781,1.00000000),
(274988,355017,1.00000000),
(377910,484392,1.00000000),
(527944,688784,1.00000000),
(761128,994241,1.00000000),
(1006941,1307984,1.00000000),
(1323194,1693453,1.00000000),
(1614262,2052448,1.00000000),
(1870387,2369058,1.00000000),
(167971,213013,1.00000000),
(167971,213014,1.00000000),
(167971,213015,1.00000000),
(185181,232963,1.00000000),
(185181,232964,1.00000000),
(185181,232965,1.00000000),
(185182,232966,1.00000000),
(204822,259041,1.00000000),
(204822,259042,1.00000000),
(204822,259043,1.00000000),
(265105,340550,1.00000000),
(265105,340551,1.00000000),
(265105,340552,1.00000000),
(281901,366756,1.00000000),
(281902,366757,1.00000000),
(281902,366758,1.00000000),
(281902,366759,1.00000000),
(329330,422816,1.00000000),
(329330,422817,1.00000000),
(329330,422818,1.00000000),
(377470,483672,1.00000000),
(377470,483673,1.00000000),
(377470,483674,1.00000000),
(413567,533853,1.00000000),
(413568,533854,1.00000000),
(413568,533855,1.00000000),
(413568,533856,1.00000000),
(471080,611388,1.00000000),
(471080,611389,1.00000000),
(471080,611390,1.00000000),
(522270,681221,1.00000000),
(522270,681222,1.00000000),
(522270,681223,1.00000000),
(575074,754818,1.00000000),
(575074,754819,1.00000000),
(575074,754820,1.00000000),
(575075,754821,1.00000000),
(663350,866283,1.00000000),
(663350,866284,1.00000000),
(663350,866285,1.00000000),
(745121,972990,1.00000000),
(745121,972991,1.00000000),
(745121,972992,1.00000000),
(798321,1038018,1.00000000),
(798321,1038019,1.00000000),
(798321,1038020,1.00000000),
(798322,1038021,1.00000000),
(877052,1138264,1.00000000),
(877052,1138265,1.00000000),
(877052,1138266,1.00000000),
(952996,1237991,1.00000000),
(952996,1237992,1.00000000),
(952996,1237993,1.00000000),
(1050698,1359281,1.00000000),
(1050698,1359282,1.00000000),
(1050698,1359283,1.00000000),
(1050699,1359284,1.00000000),
(1155563,1486518,1.00000000),
(1155563,1486519,1.00000000),
(1155563,1486520,1.00000000),
(1250482,1600937,1.00000000),
(1250482,1600938,1.00000000),
(1250482,1600939,1.00000000),
(1350650,1725553,1.00000000),
(1350651,1725554,1.00000000),
(1350651,1725555,1.00000000),
(1350651,1725557,1.00000000),
(1443470,1839744,1.00000000),
(1443470,1839745,1.00000000),
(1443470,1839746,1.00000000),
(1529283,1941839,1.00000000),
(1529283,1941840,1.00000000),
(1529283,1941841,1.00000000),
(1672443,2121310,1.00000000),
(1672443,2121311,1.00000000),
(1672443,2121312,1.00000000),
(1672444,2121313,1.00000000),
(1796061,2275524,1.00000000),
(1796061,2275525,1.00000000),
(1796061,2275526,1.00000000),
(1893255,2397918,1.00000000),
(1893255,2397919,1.00000000),
(1893255,2397920,1.00000000),
(147504,189285,1.00000000),
(147505,189286,1.00000000),
(255502,325643,1.00000000),
(255502,325644,1.00000000),
(255503,325645,1.00000000),
(374457,480065,1.00000000),
(374458,480066,1.00000000),
(519305,676798,1.00000000),
(519306,676799,1.00000000),
(750566,980184,1.00000000),
(750567,980185,1.00000000),
(1029259,1333546,1.00000000),
(1029260,1333547,1.00000000),
(1316344,1686292,1.00000000),
(1316345,1686293,1.00000000),
(1604914,2037046,1.00000000),
(1604915,2037047,1.00000000),
(1919814,2436248,1.00000000),
(1919815,2436249,1.00000000),
(2268550,2860661,1.00000000),
(2268551,2860662,1.00000000),
(2596295,3259476,1.00000000),
(2596296,3259477,1.00000000);

/*Data for the table `bbeng_bills_consumptions` */

insert  into `bbeng_bills_consumptions`(`id`,`type`,`start_date`,`end_date`,`reading_quality`,`crnt_reading_value`,`prv_reading_value`,`unit_of_measure`,`meter_id`,`multiplier`,`consumption_type`,`readings_type`,`metering_stream`,`crnt_reading_date`,`prv_reading_date`) values 
(10008,'utility','2017-03-08','2017-06-07','A',6990.000,150.000,'L',4615,1.00000000,'DYNAMIC','INDEXED','EXPORT','2017-06-08','2017-04-07'),
(10009,'utility','2017-03-08','2017-06-07','A',460.000,21.000,'kWh',4541,1.00000000,'DYNAMIC','INDEXED','EXPORT','2017-06-08','2017-04-07'),
(14006,'utility','2017-06-08','2017-09-07','A',1027.000,460.000,'kWh',4541,1.00000000,'DYNAMIC','INDEXED','EXPORT','2017-09-07','2017-06-08'),
(14007,'utility','2017-06-08','2017-09-07','A',23370.000,6990.000,'L',4615,1.00000000,'DYNAMIC','INDEXED','EXPORT','2017-09-07','2017-06-08'),
(24300,'utility','2017-09-08','2017-12-07','A',1676.000,1027.000,'KWH',4541,1.00000000,'DYNAMIC','INDEXED','EXPORT','2017-12-06','2017-09-07'),
(24301,'utility','2017-09-08','2017-12-07','A',37069.000,23370.000,'L',4615,1.00000000,'DYNAMIC','INDEXED','EXPORT','2017-12-06','2017-09-07'),
(43319,'utility','2017-12-08','2018-03-07','A',47271.000,37069.000,'L',4615,1.00000000,'DYNAMIC','INDEXED','EXPORT','2018-03-06','2017-12-06'),
(43320,'utility','2017-12-08','2018-03-07','A',2840.000,1676.000,'KWH',4541,1.00000000,'DYNAMIC','INDEXED','EXPORT','2018-03-06','2017-12-06'),
(46349,'utility','2017-12-08','2018-03-07','A',10070.000,0.000,'KWH',4613,1.00000000,'DYNAMIC','INDEXED','EXPORT','2018-03-06','2017-05-04'),
(97868,'utility','2018-03-08','2018-06-07','A',59487.000,47271.000,'L',4615,1.00000000,'DYNAMIC','INDEXED','EXPORT','2018-06-06','2018-03-06'),
(97869,'utility','2018-03-08','2018-06-07','A',3710.000,2840.000,'KWH',4541,1.00000000,'DYNAMIC','INDEXED','EXPORT','2018-06-06','2018-03-06'),
(97893,'utility','2018-03-08','2018-06-07','A',15904.000,10070.000,'KWH',4613,1.00000000,'DYNAMIC','INDEXED','EXPORT','2018-06-06','2018-03-06'),
(189285,'utility','2018-05-01','2018-07-31','A',5785.000,5392.000,'KWH',19681,1.00000000,'DYNAMIC','INDEXED','IMPORT','2018-08-31','2018-07-15'),
(189286,'utility','2018-05-01','2018-07-31','A',66334.000,56560.000,'L',19195,1.00000000,'DYNAMIC','INDEXED','EXPORT','2018-08-31','2018-06-13'),
(196882,'utility','2018-06-08','2018-09-07','A',4529.000,3710.000,'KWH',4541,1.00000000,'DYNAMIC','INDEXED','EXPORT','2018-09-07','2018-06-06'),
(196883,'utility','2018-06-08','2018-09-07','A',77050.000,59487.000,'L',4615,1.00000000,'DYNAMIC','INDEXED','EXPORT','2018-09-07','2018-06-06'),
(196907,'utility','2018-06-08','2018-09-07','A',20297.000,15904.000,'KWH',4613,1.00000000,'DYNAMIC','INDEXED','EXPORT','2018-09-07','2018-06-06'),
(213013,'utility','2018-07-28','2018-08-27','A',283507.000,282810.000,'KWH',20299,1.00000000,'DYNAMIC','INDEXED','EXPORT','2018-09-01','2018-07-31'),
(213014,'utility','2018-07-28','2018-08-27','A',273305.000,272643.000,'KWH',20300,1.00000000,'DYNAMIC','INDEXED','EXPORT','2018-09-01','2018-07-31'),
(213015,'utility','2018-07-28','2018-08-27','A',226367.000,225881.000,'KWH',20301,1.00000000,'DYNAMIC','INDEXED','EXPORT','2018-09-01','2018-07-31'),
(232963,'utility','2018-08-28','2018-09-27','A',284226.000,283507.000,'KWH',20299,1.00000000,'DYNAMIC','INDEXED','EXPORT','2018-10-02','2018-09-01'),
(232964,'utility','2018-08-28','2018-09-27','A',273987.000,273305.000,'KWH',20300,1.00000000,'DYNAMIC','INDEXED','EXPORT','2018-10-02','2018-09-01'),
(232965,'utility','2018-08-28','2018-09-27','A',226796.000,226367.000,'KWH',20301,1.00000000,'DYNAMIC','INDEXED','EXPORT','2018-10-02','2018-09-01'),
(232966,'utility','2018-06-28','2018-09-27','A',982.000,909.000,'KL',20319,1.00000000,'DYNAMIC','INDEXED','EXPORT','2018-10-02','2018-07-01'),
(259041,'utility','2018-09-28','2018-10-27','A',285030.000,284226.000,'KWH',20299,1.00000000,'DYNAMIC','INDEXED','EXPORT','2018-11-02','2018-10-02'),
(259042,'utility','2018-09-28','2018-10-27','A',274689.000,273987.000,'KWH',20300,1.00000000,'DYNAMIC','INDEXED','EXPORT','2018-11-02','2018-10-02'),
(259043,'utility','2018-09-28','2018-10-27','A',227218.000,226796.000,'KWH',20301,1.00000000,'DYNAMIC','INDEXED','EXPORT','2018-11-02','2018-10-02'),
(325643,'utility','2018-08-01','2018-10-31','A',6226.000,5785.000,'KWH',19681,1.00000000,'DYNAMIC','INDEXED','IMPORT','2018-10-08','2018-08-31'),
(325644,'utility','2018-08-01','2018-10-31','A',665.000,0.000,'KWH',22129,1.00000000,'DYNAMIC','INDEXED','IMPORT','2018-12-03','2018-10-08'),
(325645,'utility','2018-08-01','2018-10-31','A',77474.000,66334.000,'L',19195,1.00000000,'DYNAMIC','INDEXED','EXPORT','2018-12-01','2018-08-31'),
(340550,'utility','2018-10-28','2018-11-27','A',285963.000,285030.000,'KWH',20299,1.00000000,'DYNAMIC','INDEXED','EXPORT','2018-12-04','2018-11-02'),
(340551,'utility','2018-10-28','2018-11-27','A',275435.000,274689.000,'KWH',20300,1.00000000,'DYNAMIC','INDEXED','EXPORT','2018-12-04','2018-11-02'),
(340552,'utility','2018-10-28','2018-11-27','A',227630.000,227218.000,'KWH',20301,1.00000000,'DYNAMIC','INDEXED','EXPORT','2018-12-04','2018-11-02'),
(354760,'utility','2018-09-08','2018-12-07','A',5442.000,4529.000,'KWH',4541,1.00000000,'DYNAMIC','INDEXED','EXPORT','2018-12-05','2018-09-07'),
(354761,'utility','2018-09-08','2018-12-07','A',91440.000,77050.000,'L',4615,1.00000000,'DYNAMIC','INDEXED','EXPORT','2018-12-05','2018-09-07'),
(354781,'utility','2018-09-08','2018-12-07','A',25622.000,20297.000,'KWH',4613,1.00000000,'DYNAMIC','INDEXED','EXPORT','2018-12-05','2018-09-07'),
(355017,'utility','2018-09-08','2018-12-07','A',25622.000,20297.000,'KWH',4613,1.00000000,'DYNAMIC','INDEXED','EXPORT','2018-12-05','2018-09-07'),
(366756,'utility','2018-09-28','2018-12-27','A',1051.000,982.000,'kL',20319,1.00000000,'DYNAMIC','INDEXED','EXPORT','2019-01-02','2018-10-02'),
(366757,'utility','2018-11-28','2018-12-27','A',286831.000,285963.000,'KWH',20299,1.00000000,'DYNAMIC','INDEXED','EXPORT','2019-01-02','2018-12-04'),
(366758,'utility','2018-11-28','2018-12-27','A',276130.000,275435.000,'KWH',20300,1.00000000,'DYNAMIC','INDEXED','EXPORT','2019-01-02','2018-12-04'),
(366759,'utility','2018-11-28','2018-12-27','A',227976.000,227630.000,'KWH',20301,1.00000000,'DYNAMIC','INDEXED','EXPORT','2019-01-02','2018-12-04'),
(422816,'utility','2018-12-28','2019-01-27','A',287832.000,286831.000,'KWH',20299,1.00000000,'DYNAMIC','INDEXED','EXPORT','2019-02-01','2019-01-02'),
(422817,'utility','2018-12-28','2019-01-27','A',276818.000,276130.000,'KWH',20300,1.00000000,'DYNAMIC','INDEXED','EXPORT','2019-02-01','2019-01-02'),
(422818,'utility','2018-12-28','2019-01-27','A',228323.000,227976.000,'KWH',20301,1.00000000,'DYNAMIC','INDEXED','EXPORT','2019-02-01','2019-01-02'),
(459084,'utility','2018-12-01','2018-12-31','A',49.673,0.000,'kWh',24133,1.00000000,'DYNAMIC','INTERVAL','EXPORT','2018-12-31','2018-09-15'),
(459085,'utility','2018-12-01','2018-12-31','A',0.000,0.000,'kWh',35657,1.00000000,'DYNAMIC','INTERVAL','EXPORT','2018-12-31','2018-09-15'),
(480065,'utility','2018-11-01','2019-01-31','A',2755.000,665.000,'KWH',22129,1.00000000,'DYNAMIC','INDEXED','IMPORT','2019-03-01','2018-12-03'),
(480066,'utility','2018-11-01','2019-01-31','A',85244.000,77474.000,'L',19195,1.00000000,'DYNAMIC','INDEXED','EXPORT','2019-03-01','2018-12-01'),
(483672,'utility','2019-01-28','2019-02-27','A',288717.000,287832.000,'KWH',20299,1.00000000,'DYNAMIC','INDEXED','EXPORT','2019-03-01','2019-02-01'),
(483673,'utility','2019-01-28','2019-02-27','A',277589.000,276818.000,'KWH',20300,1.00000000,'DYNAMIC','INDEXED','EXPORT','2019-03-01','2019-02-01'),
(483674,'utility','2019-01-28','2019-02-27','A',228640.000,228323.000,'KWH',20301,1.00000000,'DYNAMIC','INDEXED','EXPORT','2019-03-01','2019-02-01'),
(484382,'utility','2018-12-08','2019-03-07','A',103963.000,91440.000,'L',4615,1.00000000,'DYNAMIC','INDEXED','EXPORT','2019-03-05','2018-12-05'),
(484383,'utility','2018-12-08','2019-03-07','A',6990.000,5442.000,'KWH',4541,1.00000000,'DYNAMIC','INDEXED','EXPORT','2019-03-05','2018-12-05'),
(484392,'utility','2018-12-08','2019-03-07','A',32593.000,25622.000,'KWH',4613,1.00000000,'DYNAMIC','INDEXED','EXPORT','2019-03-05','2018-12-05'),
(533853,'utility','2018-12-28','2019-03-27','A',1126.000,1051.000,'KL',20319,1.00000000,'DYNAMIC','INDEXED','EXPORT','2019-04-01','2019-01-02'),
(533854,'utility','2019-02-28','2019-03-27','A',289703.000,288717.000,'KWH',20299,1.00000000,'DYNAMIC','INDEXED','EXPORT','2019-04-01','2019-03-01'),
(533855,'utility','2019-02-28','2019-03-27','A',278341.000,277589.000,'KWH',20300,1.00000000,'DYNAMIC','INDEXED','EXPORT','2019-04-01','2019-03-01'),
(533856,'utility','2019-02-28','2019-03-27','A',229001.000,228640.000,'KWH',20301,1.00000000,'DYNAMIC','INDEXED','EXPORT','2019-04-01','2019-03-01'),
(548949,'utility','2019-02-01','2019-02-28','A',70.905,0.000,'kWh',35657,1.00000000,'DYNAMIC','INTERVAL','EXPORT','2019-03-01','2018-12-31'),
(548950,'utility','2019-02-01','2019-02-28','A',25.392,0.000,'kWh',24133,1.00000000,'DYNAMIC','INTERVAL','EXPORT','2019-03-01','2018-12-31'),
(611388,'utility','2019-03-28','2019-04-27','A',290039.000,289703.000,'KWH',20299,1.00000000,'DYNAMIC','INDEXED','EXPORT','2019-05-01','2019-04-01'),
(611389,'utility','2019-03-28','2019-04-27','A',278923.000,278341.000,'KWH',20300,1.00000000,'DYNAMIC','INDEXED','EXPORT','2019-05-01','2019-04-01'),
(611390,'utility','2019-03-28','2019-04-27','A',229164.000,229001.000,'KWH',20301,1.00000000,'DYNAMIC','INDEXED','EXPORT','2019-05-01','2019-04-01'),
(621716,'utility','2019-03-01','2019-03-31','A',0.000,0.000,'kWh',35657,1.00000000,'DYNAMIC','INTERVAL','EXPORT','2019-04-01','2019-03-01'),
(621717,'utility','2019-03-01','2019-03-31','A',13.310,0.000,'kWh',24133,1.00000000,'DYNAMIC','INTERVAL','EXPORT','2019-04-01','2019-03-01'),
(676798,'utility','2019-02-01','2019-04-30','A',4443.000,2755.000,'KWH',22129,1.00000000,'DYNAMIC','INDEXED','IMPORT','2019-05-31','2019-03-01'),
(676799,'utility','2019-02-01','2019-04-30','A',96554.000,85244.000,'L',19195,1.00000000,'DYNAMIC','INDEXED','EXPORT','2019-05-31','2019-03-01'),
(681221,'utility','2019-04-28','2019-05-27','A',290768.000,290039.000,'KWH',20299,1.00000000,'DYNAMIC','INDEXED','EXPORT','2019-05-31','2019-05-01'),
(681222,'utility','2019-04-28','2019-05-27','A',279582.000,278923.000,'KWH',20300,1.00000000,'DYNAMIC','INDEXED','EXPORT','2019-05-31','2019-05-01'),
(681223,'utility','2019-04-28','2019-05-27','A',229588.000,229164.000,'KWH',20301,1.00000000,'DYNAMIC','INDEXED','EXPORT','2019-05-31','2019-05-01'),
(688756,'utility','2019-03-08','2019-06-07','A',7998.000,6990.000,'KWH',4541,1.00000000,'DYNAMIC','INDEXED','EXPORT','2019-06-05','2019-03-05'),
(688757,'utility','2019-03-08','2019-06-07','A',119118.000,103963.000,'L',4615,1.00000000,'DYNAMIC','INDEXED','EXPORT','2019-06-05','2019-03-05'),
(688784,'utility','2019-03-08','2019-06-07','A',38056.000,32593.000,'KWH',4613,1.00000000,'DYNAMIC','INDEXED','EXPORT','2019-06-05','2019-03-05'),
(700773,'utility','2019-05-01','2019-05-31','A',19.010,0.000,'kWh',35657,1.00000000,'DYNAMIC','INTERVAL','EXPORT','2019-06-01','2019-04-01'),
(700774,'utility','2019-05-01','2019-05-31','A',26.176,0.000,'kWh',24133,1.00000000,'DYNAMIC','INTERVAL','EXPORT','2019-06-01','2019-04-01'),
(754818,'utility','2019-05-28','2019-06-27','A',291462.000,290768.000,'KWH',20299,1.00000000,'DYNAMIC','INDEXED','EXPORT','2019-06-30','2019-05-31'),
(754819,'utility','2019-05-28','2019-06-27','A',280158.000,279582.000,'KWH',20300,1.00000000,'DYNAMIC','INDEXED','EXPORT','2019-06-30','2019-05-31'),
(754820,'utility','2019-05-28','2019-06-27','A',230048.000,229588.000,'KWH',20301,1.00000000,'DYNAMIC','INDEXED','EXPORT','2019-06-30','2019-05-31'),
(754821,'utility','2019-03-28','2019-06-27','A',1188.000,1126.000,'KL',20319,1.00000000,'DYNAMIC','INDEXED','EXPORT','2019-06-30','2019-04-01'),
(815085,'utility','2019-06-01','2019-06-30','A',12.784,0.000,'kWh',24133,1.00000000,'DYNAMIC','INTERVAL','EXPORT','2019-06-30','2019-06-01'),
(815086,'utility','2019-06-01','2019-06-30','A',0.000,0.000,'kWh-t',51440,1.00000000,'DYNAMIC','INTERVAL','EXPORT','2019-06-30','2019-06-01'),
(866283,'utility','2019-06-28','2019-07-27','A',292139.000,291462.000,'KWH',20299,1.00000000,'DYNAMIC','INDEXED','EXPORT','2019-08-01','2019-06-30'),
(866284,'utility','2019-06-28','2019-07-27','A',280893.000,280158.000,'KWH',20300,1.00000000,'DYNAMIC','INDEXED','EXPORT','2019-08-01','2019-06-30'),
(866285,'utility','2019-06-28','2019-07-27','A',230527.000,230048.000,'KWH',20301,1.00000000,'DYNAMIC','INDEXED','EXPORT','2019-08-01','2019-06-30'),
(882736,'utility','2019-07-01','2019-07-31','A',335.780,0.000,'kWh-t',51440,1.00000000,'DYNAMIC','INTERVAL','EXPORT','2019-07-31','2019-06-30'),
(882737,'utility','2019-07-01','2019-07-31','A',13.216,0.000,'kWh',24133,1.00000000,'DYNAMIC','INTERVAL','EXPORT','2019-07-31','2019-06-30'),
(966596,'utility','2019-08-01','2019-08-31','A',13.195,0.000,'kWh',24133,1.00000000,'DYNAMIC','INTERVAL','EXPORT','2019-09-01','2019-07-31'),
(966597,'utility','2019-08-01','2019-08-31','A',36.850,0.000,'kWh-t',51440,1.00000000,'DYNAMIC','INTERVAL','EXPORT','2019-09-01','2019-07-31'),
(972990,'utility','2019-07-28','2019-08-27','A',292847.000,292139.000,'KWH',20299,1.00000000,'DYNAMIC','INDEXED','EXPORT','2019-09-02','2019-08-01'),
(972991,'utility','2019-07-28','2019-08-27','A',281567.000,280893.000,'KWH',20300,1.00000000,'DYNAMIC','INDEXED','EXPORT','2019-09-02','2019-08-01'),
(972992,'utility','2019-07-28','2019-08-27','A',231014.000,230527.000,'KWH',20301,1.00000000,'DYNAMIC','INDEXED','EXPORT','2019-09-02','2019-08-01'),
(980184,'utility','2019-05-01','2019-07-31','A',111184.000,96554.000,'L',19195,1.00000000,'DYNAMIC','INDEXED','EXPORT','2019-08-31','2019-05-31'),
(980185,'utility','2019-05-01','2019-07-31','A',5583.000,4443.000,'KWH',22129,1.00000000,'DYNAMIC','INDEXED','IMPORT','2019-08-31','2019-05-31'),
(994241,'utility','2019-06-08','2019-09-07','A',42179.000,38056.000,'KWH',4613,1.00000000,'DYNAMIC','INDEXED','EXPORT','2019-09-05','2019-06-05'),
(994542,'utility','2019-06-08','2019-09-07','A',9125.000,7998.000,'KWH',4541,1.00000000,'DYNAMIC','INDEXED','EXPORT','2019-09-05','2019-06-05'),
(994543,'utility','2019-06-08','2019-09-07','A',138313.000,119118.000,'L',4615,1.00000000,'DYNAMIC','INDEXED','EXPORT','2019-09-05','2019-06-05'),
(1038018,'utility','2019-08-28','2019-09-27','A',293495.000,292847.000,'KWH',20299,1.00000000,'DYNAMIC','INDEXED','EXPORT','2019-09-29','2019-09-02'),
(1038019,'utility','2019-08-28','2019-09-27','A',282152.000,281567.000,'KWH',20300,1.00000000,'DYNAMIC','INDEXED','EXPORT','2019-09-29','2019-09-02'),
(1038020,'utility','2019-08-28','2019-09-27','A',231391.000,231014.000,'KWH',20301,1.00000000,'DYNAMIC','INDEXED','EXPORT','2019-09-29','2019-09-02'),
(1038021,'utility','2019-06-28','2019-09-27','A',1262.000,1188.000,'KL',20319,1.00000000,'DYNAMIC','INDEXED','EXPORT','2019-09-29','2019-06-30'),
(1070763,'utility','2019-09-01','2019-09-30','A',12.786,0.000,'kWh',24133,1.00000000,'DYNAMIC','INTERVAL','EXPORT','2019-10-01','2019-09-01'),
(1070764,'utility','2019-09-01','2019-09-30','A',0.000,0.000,'kWh-t',51440,1.00000000,'DYNAMIC','INTERVAL','EXPORT','2019-10-01','2019-09-01'),
(1138264,'utility','2019-09-28','2019-10-27','A',294328.000,293495.000,'KWH',20299,1.00000000,'DYNAMIC','INDEXED','EXPORT','2019-10-30','2019-09-29'),
(1138265,'utility','2019-09-28','2019-10-27','A',282865.000,282152.000,'KWH',20300,1.00000000,'DYNAMIC','INDEXED','EXPORT','2019-10-30','2019-09-29'),
(1138266,'utility','2019-09-28','2019-10-27','A',231815.000,231391.000,'KWH',20301,1.00000000,'DYNAMIC','INDEXED','EXPORT','2019-10-30','2019-09-29'),
(1155086,'utility','2019-10-01','2019-10-31','A',13.243,0.000,'kWh',24133,1.00000000,'DYNAMIC','INTERVAL','EXPORT','2019-11-01','2019-10-01'),
(1155087,'utility','2019-10-01','2019-10-31','A',0.000,0.000,'kWh-t',51440,1.00000000,'DYNAMIC','INTERVAL','EXPORT','2019-11-01','2019-10-01'),
(1237991,'utility','2019-10-28','2019-11-27','A',295227.000,294328.000,'KWH',20299,1.00000000,'DYNAMIC','INDEXED','EXPORT','2019-11-30','2019-10-30'),
(1237992,'utility','2019-10-28','2019-11-27','A',283559.000,282865.000,'KWH',20300,1.00000000,'DYNAMIC','INDEXED','EXPORT','2019-11-30','2019-10-30'),
(1237993,'utility','2019-10-28','2019-11-27','A',232194.000,231815.000,'KWH',20301,1.00000000,'DYNAMIC','INDEXED','EXPORT','2019-11-30','2019-10-30'),
(1248071,'utility','2019-11-01','2019-11-30','A',12.838,0.000,'kWh',24133,1.00000000,'DYNAMIC','INTERVAL','EXPORT','2019-12-01','2019-11-01'),
(1248072,'utility','2019-11-01','2019-11-30','A',0.000,0.000,'kWh-t',51440,1.00000000,'DYNAMIC','INTERVAL','EXPORT','2019-12-01','2019-11-01'),
(1307961,'utility','2019-09-08','2019-12-07','A',10307.000,9125.000,'KWH',4541,1.00000000,'DYNAMIC','INDEXED','EXPORT','2019-12-04','2019-09-05'),
(1307962,'utility','2019-09-08','2019-12-07','A',153123.000,138313.000,'L',4615,1.00000000,'DYNAMIC','INDEXED','EXPORT','2019-12-04','2019-09-05'),
(1307984,'utility','2019-09-08','2019-12-07','A',47241.000,42179.000,'KWH',4613,1.00000000,'DYNAMIC','INDEXED','EXPORT','2019-12-04','2019-09-05'),
(1333546,'utility','2019-08-01','2019-10-31','A',6755.000,5583.000,'KWH',22129,1.00000000,'DYNAMIC','INDEXED','IMPORT','2019-11-27','2019-08-31'),
(1333547,'utility','2019-08-01','2019-10-31','A',120174.000,111184.000,'L',19195,1.00000000,'DYNAMIC','INDEXED','EXPORT','2019-11-27','2019-08-31'),
(1359281,'utility','2019-11-28','2019-12-27','A',296226.000,295227.000,'KWH',20299,1.00000000,'DYNAMIC','INDEXED','EXPORT','2019-12-31','2019-11-30'),
(1359282,'utility','2019-11-28','2019-12-27','A',284315.000,283559.000,'KWH',20300,1.00000000,'DYNAMIC','INDEXED','EXPORT','2019-12-31','2019-11-30'),
(1359283,'utility','2019-11-28','2019-12-27','A',232577.000,232194.000,'KWH',20301,1.00000000,'DYNAMIC','INDEXED','EXPORT','2019-12-31','2019-11-30'),
(1359284,'utility','2019-09-28','2019-12-27','A',1344.000,1262.000,'kL',20319,1.00000000,'DYNAMIC','INDEXED','EXPORT','2019-12-31','2019-09-29'),
(1430038,'utility','2019-12-01','2019-12-31','A',0.000,0.000,'kWh-t',51440,1.00000000,'DYNAMIC','INTERVAL','EXPORT','2020-01-01','2019-12-01'),
(1430039,'utility','2019-12-01','2019-12-31','A',13.682,0.000,'kWh',24133,1.00000000,'DYNAMIC','INTERVAL','EXPORT','2020-01-01','2019-12-01'),
(1480110,'utility','2019-12-01','2019-12-31','A',11.434,0.000,'kWh-t',51440,1.00000000,'DYNAMIC','INTERVAL','EXPORT','2020-01-01','2019-12-01'),
(1480111,'utility','2019-12-01','2019-12-31','A',13.682,0.000,'kWh',24133,1.00000000,'DYNAMIC','INTERVAL','EXPORT','2020-01-01','2019-12-01'),
(1485198,'utility','2020-01-01','2020-01-31','A',195.720,0.000,'kWh-t',51440,1.00000000,'DYNAMIC','INTERVAL','EXPORT','2020-02-01','2020-01-01'),
(1485199,'utility','2020-01-01','2020-01-31','A',45.396,0.000,'kWh',24133,1.00000000,'DYNAMIC','INTERVAL','EXPORT','2020-02-01','2020-01-01'),
(1486518,'utility','2019-12-28','2020-01-27','A',297292.000,296226.000,'KWH',20299,1.00000000,'DYNAMIC','INDEXED','EXPORT','2020-01-30','2019-12-31'),
(1486519,'utility','2019-12-28','2020-01-27','A',284719.000,284315.000,'KWH',20300,1.00000000,'DYNAMIC','INDEXED','EXPORT','2020-01-30','2019-12-31'),
(1486520,'utility','2019-12-28','2020-01-27','A',232952.000,232577.000,'KWH',20301,1.00000000,'DYNAMIC','INDEXED','EXPORT','2020-01-30','2019-12-31'),
(1594317,'utility','2019-11-28','2020-02-27','A',6003.000,3920.000,'KWH',52844,1.00000000,'DYNAMIC','INDEXED','EXPORT','2020-02-25','2019-08-28'),
(1600937,'utility','2020-01-28','2020-02-27','A',298146.000,297292.000,'KWH',20299,1.00000000,'DYNAMIC','INDEXED','EXPORT','2020-02-29','2020-01-30'),
(1600938,'utility','2020-01-28','2020-02-27','A',285809.000,284719.000,'KWH',20300,1.00000000,'DYNAMIC','INDEXED','EXPORT','2020-02-29','2020-01-30'),
(1600939,'utility','2020-01-28','2020-02-27','A',233351.000,232952.000,'KWH',20301,1.00000000,'DYNAMIC','INDEXED','EXPORT','2020-02-29','2020-01-30'),
(1608763,'utility','2020-02-01','2020-02-29','A',233.869,0.000,'kWh-t',51440,1.00000000,'DYNAMIC','INTERVAL','EXPORT','2020-02-29','2020-02-01'),
(1608764,'utility','2020-02-01','2020-02-29','A',180.453,0.000,'kWh',24133,1.00000000,'DYNAMIC','INTERVAL','EXPORT','2020-02-29','2020-02-01'),
(1685289,'utility','2019-12-08','2020-03-07','A',12102.000,10307.000,'KWH',4541,1.00000000,'DYNAMIC','INDEXED','EXPORT','2020-03-02','2019-12-04'),
(1685290,'utility','2019-12-08','2020-03-07','A',165341.000,153123.000,'L',4615,1.00000000,'DYNAMIC','INDEXED','EXPORT','2020-03-02','2019-12-04'),
(1686292,'utility','2019-11-01','2020-01-31','A',8541.000,6755.000,'KWH',22129,1.00000000,'DYNAMIC','INDEXED','IMPORT','2020-02-25','2019-11-27'),
(1686293,'utility','2019-11-01','2020-01-31','A',129094.000,120174.000,'L',19195,1.00000000,'DYNAMIC','INDEXED','EXPORT','2020-02-25','2019-11-27'),
(1693453,'utility','2019-12-08','2020-03-07','A',54188.000,47241.000,'KWH',4613,1.00000000,'DYNAMIC','INDEXED','EXPORT','2020-03-02','2019-12-04'),
(1725553,'utility','2019-12-28','2020-03-27','A',1419.000,1344.000,'kL',20319,1.00000000,'DYNAMIC','INDEXED','EXPORT','2020-03-29','2019-12-31'),
(1725554,'utility','2020-02-28','2020-03-27','A',298792.000,298146.000,'KWH',20299,1.00000000,'DYNAMIC','INDEXED','EXPORT','2020-03-29','2020-02-29'),
(1725555,'utility','2020-02-28','2020-03-27','A',286464.000,285809.000,'KWH',20300,1.00000000,'DYNAMIC','INDEXED','EXPORT','2020-03-29','2020-02-29'),
(1725557,'utility','2020-02-28','2020-03-27','A',233704.000,233351.000,'KWH',20301,1.00000000,'DYNAMIC','INDEXED','EXPORT','2020-03-29','2020-02-29'),
(1780179,'utility','2020-03-01','2020-03-31','A',90.581,0.000,'kWh',24133,1.00000000,'DYNAMIC','INTERVAL','EXPORT','2020-03-31','2020-02-29'),
(1780180,'utility','2020-03-01','2020-03-31','A',187.375,0.000,'kWh-t',51440,1.00000000,'DYNAMIC','INTERVAL','EXPORT','2020-03-31','2020-02-29'),
(1839744,'utility','2020-03-28','2020-04-27','A',299386.000,298792.000,'KWH',20299,1.00000000,'DYNAMIC','INDEXED','EXPORT','2020-04-28','2020-03-29'),
(1839745,'utility','2020-03-28','2020-04-27','A',287108.000,286464.000,'KWH',20300,1.00000000,'DYNAMIC','INDEXED','EXPORT','2020-04-28','2020-03-29'),
(1839746,'utility','2020-03-28','2020-04-27','A',234089.000,233704.000,'KWH',20301,1.00000000,'DYNAMIC','INDEXED','EXPORT','2020-04-28','2020-03-29'),
(1854428,'utility','2020-04-01','2020-04-30','A',58.562,0.000,'kWh',24133,1.00000000,'DYNAMIC','INTERVAL','EXPORT','2020-04-30','2020-03-31'),
(1854429,'utility','2020-04-01','2020-04-30','A',92.121,0.000,'kWh-t',51440,1.00000000,'DYNAMIC','INTERVAL','EXPORT','2020-04-30','2020-03-31'),
(1941839,'utility','2020-04-28','2020-05-27','A',299938.000,299386.000,'KWH',20299,1.00000000,'DYNAMIC','INDEXED','EXPORT','2020-05-28','2020-04-28'),
(1941840,'utility','2020-04-28','2020-05-27','A',287745.000,287108.000,'KWH',20300,1.00000000,'DYNAMIC','INDEXED','EXPORT','2020-05-28','2020-04-28'),
(1941841,'utility','2020-04-28','2020-05-27','A',234525.000,234089.000,'KWH',20301,1.00000000,'DYNAMIC','INDEXED','EXPORT','2020-05-28','2020-04-28'),
(2004440,'utility','2020-05-01','2020-05-31','A',40.561,0.000,'kWh',24133,1.00000000,'DYNAMIC','INTERVAL','EXPORT','2020-05-31','2020-04-30'),
(2004441,'utility','2020-05-01','2020-05-31','A',0.000,0.000,'kWh-t',51440,1.00000000,'DYNAMIC','INTERVAL','EXPORT','2020-05-31','2020-04-30'),
(2037046,'utility','2020-02-01','2020-04-30','A',10051.000,8541.000,'KWH',22129,1.00000000,'DYNAMIC','INDEXED','IMPORT','2020-05-25','2020-02-25'),
(2037047,'utility','2020-02-01','2020-04-30','A',137804.000,129094.000,'L',19195,1.00000000,'DYNAMIC','INDEXED','EXPORT','2020-05-25','2020-02-25'),
(2052421,'utility','2020-03-08','2020-06-07','A',12861.000,12102.000,'KWH',4541,1.00000000,'DYNAMIC','INDEXED','EXPORT','2020-06-01','2020-03-02'),
(2052422,'utility','2020-03-08','2020-06-07','A',179483.000,165341.000,'L',4615,1.00000000,'DYNAMIC','INDEXED','EXPORT','2020-06-01','2020-03-02'),
(2052448,'utility','2020-03-08','2020-06-07','A',59110.000,54188.000,'KWH',4613,1.00000000,'DYNAMIC','INDEXED','EXPORT','2020-06-01','2020-03-02'),
(2059874,'utility','2020-02-28','2020-05-27','A',7138.000,6003.000,'KWH',52844,1.00000000,'DYNAMIC','INDEXED','EXPORT','2020-05-28','2020-02-25'),
(2107117,'utility','2020-06-01','2020-06-30','A',37.158,0.000,'kWh-t',51440,1.00000000,'DYNAMIC','INTERVAL','EXPORT','2020-06-30','2020-05-31'),
(2107118,'utility','2020-06-01','2020-06-30','A',68.116,0.000,'kWh',24133,1.00000000,'DYNAMIC','INTERVAL','EXPORT','2020-06-30','2020-05-31'),
(2121310,'utility','2020-05-28','2020-06-27','A',300499.000,299938.000,'KWH',20299,1.00000000,'DYNAMIC','INDEXED','EXPORT','2020-06-28','2020-05-28'),
(2121311,'utility','2020-05-28','2020-06-27','A',288395.000,287745.000,'KWH',20300,1.00000000,'DYNAMIC','INDEXED','EXPORT','2020-06-28','2020-05-28'),
(2121312,'utility','2020-05-28','2020-06-27','A',235006.000,234525.000,'KWH',20301,1.00000000,'DYNAMIC','INDEXED','EXPORT','2020-06-28','2020-05-28'),
(2121313,'utility','2020-03-28','2020-06-27','A',1493.000,1419.000,'kL',20319,1.00000000,'DYNAMIC','INDEXED','EXPORT','2020-06-28','2020-03-29'),
(2237360,'utility','2020-07-01','2020-07-31','A',144.262,0.000,'kWh-t',51440,1.00000000,'DYNAMIC','INTERVAL','EXPORT','2020-07-31','2020-06-30'),
(2237361,'utility','2020-07-01','2020-07-31','A',100.407,0.000,'kWh',24133,1.00000000,'DYNAMIC','INTERVAL','EXPORT','2020-07-31','2020-06-30'),
(2275524,'utility','2020-06-28','2020-07-27','A',301020.000,300499.000,'KWH',20299,1.00000000,'DYNAMIC','INDEXED','EXPORT','2020-07-28','2020-06-28'),
(2275525,'utility','2020-06-28','2020-07-27','A',289049.000,288395.000,'KWH',20300,1.00000000,'DYNAMIC','INDEXED','EXPORT','2020-07-28','2020-06-28'),
(2275526,'utility','2020-06-28','2020-07-27','A',235498.000,235006.000,'KWH',20301,1.00000000,'DYNAMIC','INDEXED','EXPORT','2020-07-28','2020-06-28'),
(2333371,'utility','2020-05-28','2020-08-27','A',8599.000,7138.000,'KWH',52844,1.00000000,'DYNAMIC','INDEXED','EXPORT','2020-08-27','2020-05-28'),
(2369058,'utility','2020-06-08','2020-09-07','A',62970.000,59110.000,'KWH',4613,1.00000000,'DYNAMIC','INDEXED','EXPORT','2020-08-31','2020-06-01'),
(2369132,'utility','2020-06-08','2020-09-07','A',2178.000,759.000,'KWH',93214,1.00000000,'DYNAMIC','INDEXED','EXPORT','2020-08-31','2020-06-01'),
(2369133,'utility','2020-06-08','2020-09-07','A',195539.000,179483.000,'L',4615,1.00000000,'DYNAMIC','INDEXED','EXPORT','2020-08-31','2020-06-01'),
(2371975,'utility','2020-08-01','2020-08-31','A',72.830,0.000,'kWh-t',51440,1.00000000,'DYNAMIC','INTERVAL','EXPORT','2020-08-31','2020-07-31'),
(2371976,'utility','2020-08-01','2020-08-31','A',88.827,0.000,'kWh',24133,1.00000000,'DYNAMIC','INTERVAL','EXPORT','2020-08-31','2020-07-31'),
(2397918,'utility','2020-07-28','2020-08-27','A',301548.000,301020.000,'KWH',20299,1.00000000,'DYNAMIC','INDEXED','EXPORT','2020-08-28','2020-07-28'),
(2397919,'utility','2020-07-28','2020-08-27','A',289701.000,289049.000,'KWH',20300,1.00000000,'DYNAMIC','INDEXED','EXPORT','2020-08-28','2020-07-28'),
(2397920,'utility','2020-07-28','2020-08-27','A',235981.000,235498.000,'KWH',20301,1.00000000,'DYNAMIC','INDEXED','EXPORT','2020-08-28','2020-07-28'),
(2436248,'utility','2020-05-01','2020-07-31','A',11358.000,10051.000,'KWH',22129,1.00000000,'DYNAMIC','INDEXED','IMPORT','2020-08-24','2020-05-25'),
(2436249,'utility','2020-05-01','2020-07-31','A',150964.000,137804.000,'L',19195,1.00000000,'DYNAMIC','INDEXED','EXPORT','2020-08-24','2020-05-25'),
(2860661,'utility','2020-08-01','2020-10-31','A',160094.000,150964.000,'L',19195,1.00000000,'DYNAMIC','INDEXED','EXPORT','2020-11-23','2020-08-24'),
(2860662,'utility','2020-08-01','2020-10-31','A',12521.000,11358.000,'KWH',22129,1.00000000,'DYNAMIC','INDEXED','IMPORT','2020-11-23','2020-08-24'),
(3259476,'utility','2020-11-01','2021-01-31','A',165644.000,160094.000,'L',19195,1.00000000,'DYNAMIC','INDEXED','EXPORT','2021-02-23','2020-11-23'),
(3259477,'utility','2020-11-01','2021-01-31','A',13721.000,12521.000,'KWH',22129,1.00000000,'DYNAMIC','INDEXED','IMPORT','2021-02-23','2020-11-23');

/*Data for the table `bbeng_bills_consumptions_tariffs` */

insert  into `bbeng_bills_consumptions_tariffs`(`id`,`type`,`consumption_id`,`value`,`unit_of_measure`) values 
(8110,'flat',10008,6840.000,'L'),
(8111,'flat',10009,439.000,'KWH'),
(13791,'flat',14006,567.000,'kWh'),
(13792,'flat',14007,16380.000,'L'),
(28199,'flat',24300,649.000,'KWH'),
(28200,'flat',24301,13699.000,'L'),
(54594,'flat',43319,10202.000,'L'),
(54595,'flat',43320,1164.000,'KWH'),
(57640,'flat',46349,10070.000,'KWH'),
(115644,'flat',97868,12216.000,'L'),
(115645,'flat',97869,870.000,'KWH'),
(115669,'flat',97893,5834.000,'KWH'),
(217312,'flat',189285,393.000,'KWH'),
(217313,'flat',189286,9774.000,'L'),
(224912,'flat',196882,819.000,'KWH'),
(224913,'flat',196883,17563.000,'L'),
(224937,'flat',196907,4393.000,'KWH'),
(242489,'peak',213013,359.000,'KWH'),
(242490,'off_peak',213013,338.000,'KWH'),
(242491,'flat',213013,697.000,'KWH'),
(242492,'flat',213014,662.000,'KWH'),
(242493,'off_peak',213014,351.000,'KWH'),
(242494,'peak',213014,311.000,'KWH'),
(242495,'off_peak',213015,225.000,'KWH'),
(242496,'peak',213015,261.000,'KWH'),
(242497,'flat',213015,486.000,'KWH'),
(266089,'flat',232963,719.000,'KWH'),
(266090,'peak',232963,348.000,'KWH'),
(266091,'off_peak',232963,371.000,'KWH'),
(266092,'peak',232964,295.000,'KWH'),
(266093,'flat',232964,682.000,'KWH'),
(266094,'off_peak',232964,387.000,'KWH'),
(266095,'flat',232965,429.000,'KWH'),
(266096,'peak',232965,219.000,'KWH'),
(266097,'off_peak',232965,210.000,'KWH'),
(266098,'flat',232966,73.000,'KL'),
(297255,'off_peak',259041,395.000,'KWH'),
(297256,'flat',259041,804.000,'KWH'),
(297257,'peak',259041,409.000,'KWH'),
(297258,'peak',259042,330.000,'KWH'),
(297259,'off_peak',259042,372.000,'KWH'),
(297260,'flat',259042,702.000,'KWH'),
(297261,'off_peak',259043,193.000,'KWH'),
(297262,'flat',259043,422.000,'KWH'),
(297263,'peak',259043,229.000,'KWH'),
(369154,'flat',325643,441.000,'KWH'),
(369155,'flat',325644,665.000,'KWH'),
(369156,'flat',325645,11140.000,'L'),
(384259,'peak',340550,433.000,'KWH'),
(384260,'flat',340550,933.000,'KWH'),
(384261,'off_peak',340550,500.000,'KWH'),
(384262,'off_peak',340551,427.000,'KWH'),
(384263,'peak',340551,319.000,'KWH'),
(384264,'flat',340551,746.000,'KWH'),
(384265,'off_peak',340552,206.000,'KWH'),
(384266,'flat',340552,412.000,'KWH'),
(384267,'peak',340552,206.000,'KWH'),
(398545,'flat',354760,913.000,'KWH'),
(398546,'flat',354761,14390.000,'L'),
(398566,'flat',354781,5325.000,'KWH'),
(398802,'flat',355017,5325.000,'KWH'),
(412131,'flat',366756,69.000,'kL'),
(412132,'peak',366757,421.000,'KWH'),
(412133,'off_peak',366757,447.000,'KWH'),
(412134,'flat',366757,868.000,'KWH'),
(412135,'peak',366758,319.000,'KWH'),
(412136,'off_peak',366758,376.000,'KWH'),
(412137,'flat',366758,695.000,'KWH'),
(412138,'flat',366759,346.000,'KWH'),
(412139,'off_peak',366759,170.000,'KWH'),
(412140,'peak',366759,176.000,'KWH'),
(480101,'peak',422816,507.000,'KWH'),
(480102,'off_peak',422816,494.000,'KWH'),
(480103,'flat',422816,1001.000,'KWH'),
(480104,'peak',422817,345.000,'KWH'),
(480105,'off_peak',422817,343.000,'KWH'),
(480106,'flat',422817,688.000,'KWH'),
(480107,'flat',422818,347.000,'KWH'),
(480108,'off_peak',422818,159.000,'KWH'),
(480109,'peak',422818,188.000,'KWH'),
(519229,'flat',459084,49.673,'kWh'),
(519230,'flat',459085,0.000,'kWh'),
(542700,'flat',480065,2090.000,'KWH'),
(542701,'flat',480066,7770.000,'L'),
(546369,'flat',483672,885.000,'KWH'),
(546370,'off_peak',483672,438.000,'KWH'),
(546371,'peak',483672,447.000,'KWH'),
(546372,'peak',483673,307.000,'KWH'),
(546373,'off_peak',483673,464.000,'KWH'),
(546374,'flat',483673,771.000,'KWH'),
(546375,'off_peak',483674,144.000,'KWH'),
(546376,'flat',483674,317.000,'KWH'),
(546377,'peak',483674,173.000,'KWH'),
(547109,'flat',484382,12523.000,'L'),
(547110,'flat',484383,1548.000,'KWH'),
(547119,'flat',484392,6971.000,'KWH'),
(603038,'flat',533853,75.000,'KL'),
(603039,'off_peak',533854,519.000,'KWH'),
(603040,'flat',533854,986.000,'KWH'),
(603041,'peak',533854,467.000,'KWH'),
(603042,'off_peak',533855,436.000,'KWH'),
(603043,'peak',533855,316.000,'KWH'),
(603044,'flat',533855,752.000,'KWH'),
(603045,'peak',533856,176.000,'KWH'),
(603046,'off_peak',533856,185.000,'KWH'),
(603047,'flat',533856,361.000,'KWH'),
(621577,'flat',548949,70.905,'kWh'),
(621578,'flat',548950,25.392,'kWh'),
(692538,'off_peak',611388,169.000,'KWH'),
(692539,'peak',611388,167.000,'KWH'),
(692540,'flat',611388,336.000,'KWH'),
(692541,'peak',611389,264.000,'KWH'),
(692542,'off_peak',611389,318.000,'KWH'),
(692543,'flat',611389,582.000,'KWH'),
(692544,'flat',611390,163.000,'KWH'),
(692545,'peak',611390,88.000,'KWH'),
(692546,'off_peak',611390,75.000,'KWH'),
(703095,'flat',621716,0.000,'kWh'),
(703096,'flat',621717,13.310,'kWh'),
(763337,'flat',676798,1688.000,'KWH'),
(763338,'flat',676799,11310.000,'L'),
(768687,'off_peak',681221,384.000,'KWH'),
(768688,'peak',681221,345.000,'KWH'),
(768689,'flat',681221,729.000,'KWH'),
(768690,'flat',681222,659.000,'KWH'),
(768691,'off_peak',681222,353.000,'KWH'),
(768692,'peak',681222,306.000,'KWH'),
(768693,'peak',681223,215.000,'KWH'),
(768694,'off_peak',681223,209.000,'KWH'),
(768695,'flat',681223,424.000,'KWH'),
(776714,'flat',688756,1008.000,'KWH'),
(776715,'flat',688757,15155.000,'L'),
(776742,'flat',688784,5463.000,'KWH'),
(789083,'flat',700773,19.010,'kWh'),
(789084,'flat',700774,26.176,'kWh'),
(844713,'flat',754818,694.000,'KWH'),
(844714,'peak',754818,311.000,'KWH'),
(844715,'off_peak',754818,383.000,'KWH'),
(844716,'flat',754819,576.000,'KWH'),
(844717,'peak',754819,207.000,'KWH'),
(844718,'off_peak',754819,369.000,'KWH'),
(844719,'flat',754820,460.000,'KWH'),
(844720,'off_peak',754820,228.000,'KWH'),
(844721,'peak',754820,232.000,'KWH'),
(844722,'flat',754821,62.000,'KL'),
(916228,'flat',815085,12.784,'kWh'),
(916229,'flat',815086,0.000,'kWh-t'),
(973788,'flat',866283,677.000,'KWH'),
(973789,'peak',866283,338.000,'KWH'),
(973790,'off_peak',866283,339.000,'KWH'),
(973791,'flat',866284,735.000,'KWH'),
(973792,'off_peak',866284,342.000,'KWH'),
(973793,'peak',866284,393.000,'KWH'),
(973794,'flat',866285,479.000,'KWH'),
(973795,'off_peak',866285,217.000,'KWH'),
(973796,'peak',866285,262.000,'KWH'),
(990446,'flat',882736,335.780,'kWh-t'),
(990447,'flat',882737,13.216,'kWh'),
(1082547,'flat',966596,13.195,'kWh'),
(1082548,'flat',966597,36.850,'kWh-t'),
(1090032,'flat',972990,708.000,'KWH'),
(1090033,'peak',972990,322.000,'KWH'),
(1090034,'off_peak',972990,386.000,'KWH'),
(1090035,'off_peak',972991,380.000,'KWH'),
(1090036,'peak',972991,294.000,'KWH'),
(1090037,'flat',972991,674.000,'KWH'),
(1090038,'peak',972992,239.000,'KWH'),
(1090039,'off_peak',972992,248.000,'KWH'),
(1090040,'flat',972992,487.000,'KWH'),
(1098384,'flat',980184,14630.000,'L'),
(1098385,'flat',980185,1140.000,'KWH'),
(1112476,'flat',994241,4123.000,'KWH'),
(1112777,'flat',994542,1127.000,'KWH'),
(1112778,'flat',994543,19195.000,'L'),
(1162573,'off_peak',1038018,336.000,'KWH'),
(1162574,'peak',1038018,312.000,'KWH'),
(1162575,'flat',1038018,648.000,'KWH'),
(1162576,'flat',1038019,585.000,'KWH'),
(1162577,'off_peak',1038019,319.000,'KWH'),
(1162578,'peak',1038019,266.000,'KWH'),
(1162579,'flat',1038020,377.000,'KWH'),
(1162580,'off_peak',1038020,177.000,'KWH'),
(1162581,'peak',1038020,200.000,'KWH'),
(1162582,'flat',1038021,74.000,'KL'),
(1197103,'flat',1070763,12.786,'kWh'),
(1197104,'flat',1070764,0.000,'kWh-t'),
(1276377,'off_peak',1138264,439.000,'KWH'),
(1276378,'flat',1138264,833.000,'KWH'),
(1276379,'peak',1138264,394.000,'KWH'),
(1276380,'peak',1138265,331.000,'KWH'),
(1276381,'flat',1138265,713.000,'KWH'),
(1276382,'off_peak',1138265,382.000,'KWH'),
(1276383,'peak',1138266,225.000,'KWH'),
(1276384,'flat',1138266,424.000,'KWH'),
(1276385,'off_peak',1138266,199.000,'KWH'),
(1297327,'flat',1155086,13.243,'kWh'),
(1297328,'flat',1155087,0.000,'kWh-t'),
(1382861,'peak',1237991,448.000,'KWH'),
(1382862,'off_peak',1237991,451.000,'KWH'),
(1382863,'flat',1237991,899.000,'KWH'),
(1382864,'peak',1237992,310.000,'KWH'),
(1382865,'flat',1237992,694.000,'KWH'),
(1382866,'off_peak',1237992,384.000,'KWH'),
(1382867,'flat',1237993,379.000,'KWH'),
(1382868,'peak',1237993,199.000,'KWH'),
(1382869,'off_peak',1237993,180.000,'KWH'),
(1396150,'flat',1248071,12.838,'kWh'),
(1396151,'flat',1248072,0.000,'kWh-t'),
(1459837,'flat',1307961,1182.000,'KWH'),
(1459838,'flat',1307962,14810.000,'L'),
(1459860,'flat',1307984,5062.000,'KWH'),
(1487987,'flat',1333546,1172.000,'KWH'),
(1487988,'flat',1333547,8990.000,'L'),
(1516165,'peak',1359281,458.000,'KWH'),
(1516166,'off_peak',1359281,541.000,'KWH'),
(1516167,'flat',1359281,999.000,'KWH'),
(1516168,'peak',1359282,316.000,'KWH'),
(1516169,'flat',1359282,756.000,'KWH'),
(1516170,'off_peak',1359282,440.000,'KWH'),
(1516171,'off_peak',1359283,204.000,'KWH'),
(1516172,'flat',1359283,383.000,'KWH'),
(1516173,'peak',1359283,179.000,'KWH'),
(1516174,'flat',1359284,82.000,'kL'),
(1598562,'flat',1430038,0.000,'kWh-t'),
(1598563,'flat',1430039,13.682,'kWh'),
(1654870,'flat',1480110,11.434,'kWh-t'),
(1654871,'flat',1480111,13.682,'kWh'),
(1659958,'flat',1485198,195.720,'kWh-t'),
(1659959,'flat',1485199,45.396,'kWh'),
(1661296,'flat',1486518,1066.000,'KWH'),
(1661297,'peak',1486518,531.000,'KWH'),
(1661298,'off_peak',1486518,535.000,'KWH'),
(1661299,'off_peak',1486519,404.000,'KWH'),
(1661300,'flat',1486519,404.000,'KWH'),
(1661301,'peak',1486519,0.000,'KWH'),
(1661302,'off_peak',1486520,183.000,'KWH'),
(1661303,'peak',1486520,192.000,'KWH'),
(1661304,'flat',1486520,375.000,'KWH'),
(1774351,'flat',1594317,2083.000,'KWH'),
(1781226,'peak',1600937,414.000,'KWH'),
(1781227,'off_peak',1600937,440.000,'KWH'),
(1781228,'flat',1600937,854.000,'KWH'),
(1781229,'off_peak',1600938,424.000,'KWH'),
(1781230,'flat',1600938,1090.000,'KWH'),
(1781231,'peak',1600938,666.000,'KWH'),
(1781232,'off_peak',1600939,190.000,'KWH'),
(1781233,'flat',1600939,399.000,'KWH'),
(1781234,'peak',1600939,209.000,'KWH'),
(1789131,'flat',1608763,233.869,'kWh-t'),
(1789132,'flat',1608764,180.453,'kWh'),
(1867758,'flat',1685289,1795.000,'KWH'),
(1867759,'flat',1685290,12218.000,'L'),
(1868761,'flat',1686292,1786.000,'KWH'),
(1868762,'flat',1686293,8920.000,'L'),
(1875931,'flat',1693453,6947.000,'KWH'),
(1910605,'flat',1725553,75.000,'kL'),
(1910606,'peak',1725554,294.000,'KWH'),
(1910607,'flat',1725554,646.000,'KWH'),
(1910608,'off_peak',1725554,352.000,'KWH'),
(1910609,'peak',1725555,285.000,'KWH'),
(1910610,'off_peak',1725555,370.000,'KWH'),
(1910611,'flat',1725555,655.000,'KWH'),
(1910613,'peak',1725557,180.000,'KWH'),
(1910614,'off_peak',1725557,173.000,'KWH'),
(1910615,'flat',1725557,353.000,'KWH'),
(1968006,'flat',1780179,90.581,'kWh'),
(1968007,'flat',1780180,187.375,'kWh-t'),
(2033929,'off_peak',1839744,300.000,'KWH'),
(2033930,'peak',1839744,294.000,'KWH'),
(2033931,'flat',1839744,594.000,'KWH'),
(2033932,'peak',1839745,286.000,'KWH'),
(2033933,'flat',1839745,644.000,'KWH'),
(2033934,'off_peak',1839745,358.000,'KWH'),
(2033935,'off_peak',1839746,200.000,'KWH'),
(2033936,'peak',1839746,185.000,'KWH'),
(2033937,'flat',1839746,385.000,'KWH'),
(2048721,'flat',1854428,58.562,'kWh'),
(2048722,'flat',1854429,92.121,'kWh-t'),
(2138636,'peak',1941839,281.000,'KWH'),
(2138637,'off_peak',1941839,271.000,'KWH'),
(2138638,'flat',1941839,552.000,'KWH'),
(2138639,'off_peak',1941840,343.000,'KWH'),
(2138640,'peak',1941840,294.000,'KWH'),
(2138641,'flat',1941840,637.000,'KWH'),
(2138642,'off_peak',1941841,210.000,'KWH'),
(2138643,'peak',1941841,226.000,'KWH'),
(2138644,'flat',1941841,436.000,'KWH'),
(2213640,'flat',2004440,40.561,'kWh'),
(2213641,'flat',2004441,0.000,'kWh-t'),
(2246707,'flat',2037046,1510.000,'KWH'),
(2246708,'flat',2037047,8710.000,'L'),
(2262100,'flat',2052421,759.000,'KWH'),
(2262101,'flat',2052422,14142.000,'L'),
(2262127,'flat',2052448,4922.000,'KWH'),
(2270299,'flat',2059874,1135.000,'KWH'),
(2321201,'flat',2107117,37.158,'kWh-t'),
(2321202,'flat',2107118,68.116,'kWh'),
(2335757,'flat',2121310,561.000,'KWH'),
(2335758,'off_peak',2121310,298.000,'KWH'),
(2335759,'peak',2121310,263.000,'KWH'),
(2335760,'peak',2121311,280.000,'KWH'),
(2335761,'flat',2121311,650.000,'KWH'),
(2335762,'off_peak',2121311,370.000,'KWH'),
(2335763,'off_peak',2121312,264.000,'KWH'),
(2335764,'flat',2121312,481.000,'KWH'),
(2335765,'peak',2121312,217.000,'KWH'),
(2335766,'flat',2121313,74.000,'kL'),
(2467629,'flat',2237360,144.262,'kWh-t'),
(2467630,'flat',2237361,100.407,'kWh'),
(2507465,'off_peak',2275524,273.000,'KWH'),
(2507466,'flat',2275524,521.000,'KWH'),
(2507467,'peak',2275524,248.000,'KWH'),
(2507468,'flat',2275525,654.000,'KWH'),
(2507469,'peak',2275525,301.000,'KWH'),
(2507470,'off_peak',2275525,353.000,'KWH'),
(2507471,'flat',2275526,492.000,'KWH'),
(2507472,'off_peak',2275526,273.000,'KWH'),
(2507473,'peak',2275526,219.000,'KWH'),
(2573091,'flat',2333371,1461.000,'KWH'),
(2610812,'flat',2369058,3860.000,'KWH'),
(2610886,'flat',2369132,1419.000,'KWH'),
(2610887,'flat',2369133,16056.000,'L'),
(2613735,'flat',2371975,72.830,'kWh-t'),
(2613736,'flat',2371976,88.827,'kWh'),
(2639819,'peak',2397918,263.000,'KWH'),
(2639820,'flat',2397918,528.000,'KWH'),
(2639821,'off_peak',2397918,265.000,'KWH'),
(2639822,'peak',2397919,298.000,'KWH'),
(2639823,'off_peak',2397919,354.000,'KWH'),
(2639824,'flat',2397919,652.000,'KWH'),
(2639825,'peak',2397920,232.000,'KWH'),
(2639826,'flat',2397920,483.000,'KWH'),
(2639827,'off_peak',2397920,251.000,'KWH'),
(2678446,'flat',2436248,1307.000,'KWH'),
(2678447,'flat',2436249,13160.000,'L'),
(3146933,'flat',2860661,9130.000,'L'),
(3146934,'flat',2860662,1163.000,'KWH'),
(3615666,'flat',3259476,5550.000,'L'),
(3615667,'flat',3259477,1200.000,'KWH');

/*Data for the table `bbeng_bills_summaries` */

insert  into `bbeng_bills_summaries`(`id`,`bill_id`,`start_date`,`end_date`,`service_point_id`,`consumption_ratio`,`co2e_constant`,`co2e_unit`) values 
(6184,3686,'2017-03-08','2017-06-07',2902,1.00000000,NULL,NULL),
(6185,3686,'2017-03-08','2017-06-07',2827,1.00000000,0.001325,'tonnes'),
(9439,5495,'2017-06-08','2017-09-07',2827,1.00000000,0.001325,'tonnes'),
(9440,5495,'2017-06-08','2017-09-07',2902,1.00000000,NULL,NULL),
(17016,7636,'2017-09-08','2017-12-07',2827,1.00000000,0.001325,'tonnes'),
(17017,7636,'2017-09-08','2017-12-07',2902,1.00000000,NULL,NULL),
(32698,13361,'2017-12-08','2018-03-07',2902,1.00000000,NULL,NULL),
(32699,13361,'2017-12-08','2018-03-07',2827,1.00000000,0.001325,'tonnes'),
(34781,13918,'2017-12-08','2018-03-07',2899,1.00000000,0.001325,'tonnes'),
(72419,31661,'2018-03-08','2018-06-07',2902,1.00000000,NULL,NULL),
(72420,31661,'2018-03-08','2018-06-07',2827,1.00000000,0.001325,'tonnes'),
(72444,31611,'2018-03-08','2018-06-07',2899,1.00000000,0.001325,'tonnes'),
(147504,49605,'2018-05-01','2018-07-31',15029,1.00000000,0.001325,'tonnes'),
(147505,49605,'2018-05-01','2018-07-31',14472,1.00000000,NULL,NULL),
(154709,50523,'2018-06-08','2018-09-07',2827,1.00000000,0.001325,'tonnes'),
(154710,50523,'2018-06-08','2018-09-07',2902,1.00000000,NULL,NULL),
(154734,50534,'2018-06-08','2018-09-07',2899,1.00000000,0.001325,'tonnes'),
(167971,55894,'2018-07-28','2018-08-27',15596,1.00000000,0.001325,'tonnes'),
(185181,58392,'2018-08-28','2018-09-27',15596,1.00000000,0.001325,'tonnes'),
(185182,58392,'2018-06-28','2018-09-27',15610,1.00000000,NULL,NULL),
(204822,68285,'2018-09-28','2018-10-27',15596,1.00000000,0.001325,'tonnes'),
(255502,83706,'2018-08-01','2018-10-31',15029,1.00000000,0.001325,'tonnes'),
(255503,83706,'2018-08-01','2018-10-31',14472,1.00000000,NULL,NULL),
(265105,87522,'2018-10-28','2018-11-27',15596,1.00000000,0.001325,'tonnes'),
(274736,91715,'2018-09-08','2018-12-07',2827,1.00000000,0.001325,'tonnes'),
(274737,91715,'2018-09-08','2018-12-07',2902,1.00000000,NULL,NULL),
(274757,91682,'2018-09-08','2018-12-07',2899,1.00000000,0.001325,'tonnes'),
(274988,91902,'2018-09-08','2018-12-07',2899,1.00000000,0.001325,'tonnes'),
(281901,95716,'2018-09-28','2018-12-27',15610,1.00000000,NULL,NULL),
(281902,95716,'2018-11-28','2018-12-27',15596,1.00000000,0.001325,'tonnes'),
(329330,111430,'2018-12-28','2019-01-27',15596,1.00000000,0.001325,'tonnes'),
(357732,121352,'2018-12-01','2018-12-31',17390,1.00000000,0.001325,'tonnes'),
(374457,125060,'2018-11-01','2019-01-31',15029,1.00000000,0.001325,'tonnes'),
(374458,125060,'2018-11-01','2019-01-31',14472,1.00000000,NULL,NULL),
(377470,129815,'2019-01-28','2019-02-27',15596,1.00000000,0.001325,'tonnes'),
(377900,130136,'2018-12-08','2019-03-07',2902,1.00000000,NULL,NULL),
(377901,130136,'2018-12-08','2019-03-07',2827,1.00000000,0.001325,'tonnes'),
(377910,130142,'2018-12-08','2019-03-07',2899,1.00000000,0.001325,'tonnes'),
(413567,141020,'2018-12-28','2019-03-27',15610,1.00000000,NULL,NULL),
(413568,141020,'2019-02-28','2019-03-27',15596,1.00000000,0.001325,'tonnes'),
(423252,145712,'2019-02-01','2019-02-28',17390,1.00000000,0.001325,'tonnes'),
(471080,159780,'2019-03-28','2019-04-27',15596,1.00000000,0.001325,'tonnes'),
(478846,153925,'2019-03-01','2019-03-31',17390,1.00000000,0.001325,'tonnes'),
(519305,174455,'2019-02-01','2019-04-30',15029,1.00000000,0.001325,'tonnes'),
(519306,174455,'2019-02-01','2019-04-30',14472,1.00000000,NULL,NULL),
(522270,175822,'2019-04-28','2019-05-27',15596,1.00000000,0.001325,'tonnes'),
(527917,178052,'2019-03-08','2019-06-07',2827,1.00000000,0.001325,'tonnes'),
(527918,178052,'2019-03-08','2019-06-07',2902,1.00000000,NULL,NULL),
(527944,176364,'2019-03-08','2019-06-07',2899,1.00000000,0.001325,'tonnes'),
(535605,181725,'2019-05-01','2019-05-31',17390,1.00000000,0.001325,'tonnes'),
(575074,194826,'2019-05-28','2019-06-27',15596,1.00000000,0.001325,'tonnes'),
(575075,194826,'2019-03-28','2019-06-27',15610,1.00000000,NULL,NULL),
(619442,207297,'2019-06-01','2019-06-30',17390,1.00000000,0.001325,'tonnes'),
(619443,207297,'2019-06-01','2019-06-30',38097,1.00000000,NULL,NULL),
(663350,223486,'2019-06-28','2019-07-27',15596,1.00000000,0.001325,'tonnes'),
(675249,219573,'2019-07-01','2019-07-31',38097,1.00000000,NULL,NULL),
(675250,219573,'2019-07-01','2019-07-31',17390,1.00000000,0.001325,'tonnes'),
(740458,245901,'2019-08-01','2019-08-31',17390,1.00000000,0.001325,'tonnes'),
(740459,245901,'2019-08-01','2019-08-31',38097,1.00000000,NULL,NULL),
(745121,235370,'2019-07-28','2019-08-27',15596,1.00000000,0.001325,'tonnes'),
(750566,251553,'2019-05-01','2019-07-31',14472,1.00000000,NULL,NULL),
(750567,251553,'2019-05-01','2019-07-31',15029,1.00000000,0.001325,'tonnes'),
(761128,255417,'2019-06-08','2019-09-07',2899,1.00000000,0.001325,'tonnes'),
(761384,255442,'2019-06-08','2019-09-07',2827,1.00000000,0.001325,'tonnes'),
(761385,255442,'2019-06-08','2019-09-07',2902,1.00000000,NULL,NULL),
(798321,267947,'2019-08-28','2019-09-27',15596,1.00000000,0.001325,'tonnes'),
(798322,267947,'2019-06-28','2019-09-27',15610,1.00000000,NULL,NULL),
(821905,274664,'2019-09-01','2019-09-30',17390,1.00000000,0.001325,'tonnes'),
(821906,274664,'2019-09-01','2019-09-30',38097,1.00000000,NULL,NULL),
(877052,296316,'2019-09-28','2019-10-27',15596,1.00000000,0.001325,'tonnes'),
(890582,300499,'2019-10-01','2019-10-31',17390,1.00000000,0.001325,'tonnes'),
(890583,300499,'2019-10-01','2019-10-31',38097,1.00000000,NULL,NULL),
(952996,322128,'2019-10-28','2019-11-27',15596,1.00000000,0.001325,'tonnes'),
(961595,325772,'2019-11-01','2019-11-30',17390,1.00000000,0.001325,'tonnes'),
(961596,325772,'2019-11-01','2019-11-30',38097,1.00000000,NULL,NULL),
(1006918,342590,'2019-09-08','2019-12-07',2827,1.00000000,0.001325,'tonnes'),
(1006919,342590,'2019-09-08','2019-12-07',2902,1.00000000,NULL,NULL),
(1006941,340765,'2019-09-08','2019-12-07',2899,1.00000000,0.001325,'tonnes'),
(1029259,347993,'2019-08-01','2019-10-31',15029,1.00000000,0.001325,'tonnes'),
(1029260,347993,'2019-08-01','2019-10-31',14472,1.00000000,NULL,NULL),
(1050698,355051,'2019-11-28','2019-12-27',15596,1.00000000,0.001325,'tonnes'),
(1050699,355051,'2019-09-28','2019-12-27',15610,1.00000000,NULL,NULL),
(1108004,376213,'2019-12-01','2019-12-31',38097,1.00000000,NULL,NULL),
(1108005,376213,'2019-12-01','2019-12-31',17390,1.00000000,0.001325,'tonnes'),
(1149712,392382,'2019-12-01','2019-12-31',38097,1.00000000,NULL,NULL),
(1149713,392382,'2019-12-01','2019-12-31',17390,1.00000000,0.001325,'tonnes'),
(1154325,391420,'2020-01-01','2020-01-31',38097,1.00000000,NULL,NULL),
(1154326,391420,'2020-01-01','2020-01-31',17390,1.00000000,0.001325,'tonnes'),
(1155563,391025,'2019-12-28','2020-01-27',15596,1.00000000,0.001325,'tonnes'),
(1244255,425413,'2019-11-28','2020-02-27',39379,1.00000000,0.001325,'tonnes'),
(1250482,426172,'2020-01-28','2020-02-27',15596,1.00000000,0.001325,'tonnes'),
(1257525,429744,'2020-02-01','2020-02-29',38097,1.00000000,NULL,NULL),
(1257526,429744,'2020-02-01','2020-02-29',17390,1.00000000,0.001325,'tonnes'),
(1315373,448209,'2019-12-08','2020-03-07',2827,1.00000000,0.001325,'tonnes'),
(1315374,448209,'2019-12-08','2020-03-07',2902,1.00000000,NULL,NULL),
(1316344,450642,'2019-11-01','2020-01-31',15029,1.00000000,0.001325,'tonnes'),
(1316345,450642,'2019-11-01','2020-01-31',14472,1.00000000,NULL,NULL),
(1323194,453708,'2019-12-08','2020-03-07',2899,1.00000000,0.001325,'tonnes'),
(1350650,462419,'2019-12-28','2020-03-27',15610,1.00000000,NULL,NULL),
(1350651,462419,'2020-02-28','2020-03-27',15596,1.00000000,0.001325,'tonnes'),
(1395527,477521,'2020-03-01','2020-03-31',17390,1.00000000,0.001325,'tonnes'),
(1395528,477521,'2020-03-01','2020-03-31',38097,1.00000000,NULL,NULL),
(1443470,499069,'2020-03-28','2020-04-27',15596,1.00000000,0.001325,'tonnes'),
(1456402,497146,'2020-04-01','2020-04-30',17390,1.00000000,0.001325,'tonnes'),
(1456403,497146,'2020-04-01','2020-04-30',38097,1.00000000,NULL,NULL),
(1529283,528109,'2020-04-28','2020-05-27',15596,1.00000000,0.001325,'tonnes'),
(1578552,538356,'2020-05-01','2020-05-31',17390,1.00000000,0.001325,'tonnes'),
(1578553,538356,'2020-05-01','2020-05-31',38097,1.00000000,NULL,NULL),
(1604914,549860,'2020-02-01','2020-04-30',15029,1.00000000,0.001325,'tonnes'),
(1604915,549860,'2020-02-01','2020-04-30',14472,1.00000000,NULL,NULL),
(1614235,549987,'2020-03-08','2020-06-07',2827,1.00000000,0.001325,'tonnes'),
(1614236,549987,'2020-03-08','2020-06-07',2902,1.00000000,NULL,NULL),
(1614262,540949,'2020-03-08','2020-06-07',2899,1.00000000,0.001325,'tonnes'),
(1618962,521542,'2020-02-28','2020-05-27',39379,1.00000000,0.001325,'tonnes'),
(1660311,562328,'2020-06-01','2020-06-30',38097,1.00000000,NULL,NULL),
(1660312,562328,'2020-06-01','2020-06-30',17390,1.00000000,0.001325,'tonnes'),
(1672443,566008,'2020-05-28','2020-06-27',15596,1.00000000,0.001325,'tonnes'),
(1672444,566008,'2020-03-28','2020-06-27',15610,1.00000000,NULL,NULL),
(1762906,601186,'2020-07-01','2020-07-31',38097,1.00000000,NULL,NULL),
(1762907,601186,'2020-07-01','2020-07-31',17390,1.00000000,0.001325,'tonnes'),
(1796061,613726,'2020-06-28','2020-07-27',15596,1.00000000,0.001325,'tonnes'),
(1839336,628276,'2020-05-28','2020-08-27',39379,1.00000000,0.001325,'tonnes'),
(1870387,641370,'2020-06-08','2020-09-07',2899,1.00000000,0.001325,'tonnes'),
(1870460,641412,'2020-06-08','2020-09-07',2827,1.00000000,0.001325,'tonnes'),
(1870461,641412,'2020-06-08','2020-09-07',2902,1.00000000,NULL,NULL),
(1872721,640579,'2020-08-01','2020-08-31',38097,1.00000000,NULL,NULL),
(1872722,640579,'2020-08-01','2020-08-31',17390,1.00000000,0.001325,'tonnes'),
(1893255,650001,'2020-07-28','2020-08-27',15596,1.00000000,0.001325,'tonnes'),
(1919814,655322,'2020-05-01','2020-07-31',15029,1.00000000,0.001325,'tonnes'),
(1919815,655322,'2020-05-01','2020-07-31',14472,1.00000000,NULL,NULL),
(2268550,766819,'2020-08-01','2020-10-31',14472,1.00000000,NULL,NULL),
(2268551,766819,'2020-08-01','2020-10-31',15029,1.00000000,0.001325,'tonnes'),
(2596295,871013,'2020-11-01','2021-01-31',14472,1.00000000,NULL,NULL),
(2596296,871013,'2020-11-01','2021-01-31',15029,1.00000000,0.001325,'tonnes');

/*Data for the table `bbeng_charge_profiles` */

insert  into `bbeng_charge_profiles`(`id`,`type`,`version`,`site_id`,`profile_name`,`profile_description`,`profile_category`,`tax_rate`,`potd_method`,`potd_rate`,`on_market`,`account_type`,`network_area`,`tou_id`,`snp_open_date`,`snp_close_date`,`name`,`description`,`deleted`,`assigned_user_id`,`created_by`,`modified_user_id`,`team_id`,`team_set_id`,`date_entered`,`date_modified`) values 
(141,'electricity','2020-09-07 02:01:44.000000',91,'Evolve_Pod','Electricity and Service Fee',NULL,0.100,NULL,NULL,'F','RESIDENTIAL',NULL,NULL,NULL,'2021-06-30',NULL,NULL,0,NULL,'539a5869-27f1-d6d7-f32b-56957518718e','7857c753-f7e8-58e5-ab6f-5cd0fc864bc2',NULL,NULL,'2017-06-22 00:33:32','2020-09-07 02:01:44'),
(142,'water','2020-06-18 23:11:04.000000',91,'Evolve_Hot_Water','Hot Water Charge',NULL,0.100,NULL,NULL,'F','RESIDENTIAL',NULL,NULL,NULL,NULL,NULL,NULL,0,NULL,'539a5869-27f1-d6d7-f32b-56957518718e','9915048a-d73b-84b8-3834-5d6f1bb91a6c',NULL,NULL,'2017-06-22 06:48:53','2020-06-18 23:11:02'),
(390,'water','2021-02-02 21:48:00.371000',211,'Cent_Toowong_HW_Water_Usage','Centra Toowong Water','STANDARD_RETAIL',0.100,NULL,NULL,'F','RESIDENTIAL',NULL,NULL,'2018-06-14',NULL,NULL,NULL,0,NULL,'4cd36760-cb33-1810-8c56-5abc7a75c882','4cd36760-cb33-1810-8c56-5abc7a75c882',NULL,NULL,'2018-08-30 04:04:02','2021-02-02 21:48:00'),
(402,'electricity','2021-02-02 21:50:33.314000',211,'Centra_Toowong_Elect','Electricity','STANDARD_RETAIL',0.100,NULL,NULL,'F','RESIDENTIAL',NULL,NULL,'2018-06-14',NULL,NULL,NULL,0,NULL,'4cd36760-cb33-1810-8c56-5abc7a75c882','4cd36760-cb33-1810-8c56-5abc7a75c882',NULL,NULL,'2018-09-07 06:28:44','2021-02-02 21:50:33'),
(416,'electricity','2020-08-13 07:40:50.000000',217,'Oxley_Circle_Elect','Oxley Circle Electricity',NULL,0.100,NULL,NULL,'F','SMALL_BUSINESS',NULL,NULL,NULL,NULL,NULL,NULL,0,NULL,'eab53a1a-65b8-9179-9a17-5a2895c6b1a6','4b8028ea-2cd9-9cff-3b27-5ec71bad397f',NULL,NULL,'2018-09-21 00:45:23','2020-08-13 00:16:56'),
(417,'water','2020-08-12 06:37:22.000000',217,'Oxley_Circle_Water','Oxley Circle Water kL',NULL,0.000,NULL,NULL,'F','SMALL_BUSINESS',NULL,NULL,'2018-07-01','2020-06-30',NULL,NULL,0,NULL,'eab53a1a-65b8-9179-9a17-5a2895c6b1a6','4b8028ea-2cd9-9cff-3b27-5ec71bad397f',NULL,NULL,'2018-09-21 01:13:43','2020-08-12 06:37:22'),
(617,'electricity','2020-08-06 00:24:25.000000',228,'SkyCity_Developer','SkyCity Developer Charges',NULL,0.100,NULL,NULL,'F','RESIDENTIAL',NULL,NULL,NULL,NULL,NULL,NULL,0,NULL,'f2a0ae41-c61b-974e-f36c-5949bb446189','f2a0ae41-c61b-974e-f36c-5949bb446189',NULL,NULL,'2019-03-05 23:57:46','2020-08-06 00:24:24'),
(813,'water','2019-07-29 01:47:56.000000',228,'SkyCity_Thermal','SkyCity_Thermal',NULL,0.100,NULL,NULL,'F','RESIDENTIAL',NULL,NULL,NULL,NULL,NULL,NULL,0,NULL,'1d8a5690-2d46-4d78-d9bb-5b877e68ef54','809057b3-1232-e883-7b50-5abb0a2e6ce3',NULL,NULL,'2019-07-25 00:11:19','2019-07-29 01:47:54'),
(843,'electricity','2020-08-31 05:49:57.000000',447,'MalenyGrove_ELECTRICITY','MalenyGrove_ELECTRICITY',NULL,0.100,NULL,NULL,'F','RESIDENTIAL',NULL,NULL,NULL,'2021-06-30',NULL,NULL,0,NULL,'1d8a5690-2d46-4d78-d9bb-5b877e68ef54','9915048a-d73b-84b8-3834-5d6f1bb91a6c',NULL,NULL,'2019-07-30 03:48:43','2020-08-31 05:49:56');

/*Data for the table `bbeng_charge_profiles_items` */

insert  into `bbeng_charge_profiles_items`(`id`,`type`,`charge_profile_id`,`account_item_identifier`,`name`,`group_name`,`range_min`,`range_max`,`range_period`,`demand_charging`,`calculation_period`,`charge_rate`,`unit_of_measure`,`taxable`,`consumption_ratio`,`apply_loss_factor`,`metering_stream`,`pay_on_time_available`,`applicable_start_date`,`applicable_end_date`,`closed`,`display_order`,`description`,`deleted`,`assigned_user_id`,`created_by`,`modified_user_id`,`team_id`,`team_set_id`,`date_entered`,`date_modified`) values 
(5991,'flat_tariff',402,'4-1101','Electricity',NULL,NULL,NULL,NULL,NULL,NULL,0.17500000,'kWh','T',1.00000000,NULL,'EXPORT','F','2018-06-14','2019-03-01','F',1,NULL,0,NULL,'4cd36760-cb33-1810-8c56-5abc7a75c882','4cd36760-cb33-1810-8c56-5abc7a75c882',NULL,NULL,'2019-06-04 03:51:11','2021-03-04 00:00:00'),
(9071,'flat_tariff',402,'4-1101','Electricity',NULL,NULL,NULL,NULL,NULL,NULL,0.16500000,'kWh','T',1.00000000,NULL,'EXPORT','F','2019-03-02',NULL,'F',2,NULL,0,NULL,'eab53a1a-65b8-9179-9a17-5a2895c6b1a6','4cd36760-cb33-1810-8c56-5abc7a75c882',NULL,NULL,'2019-09-17 05:04:08','2021-03-04 00:00:00'),
(10950,'account',402,'5-1108','Service fee',NULL,NULL,NULL,'DAILY',NULL,NULL,0.58082200,'account','T',1.00000000,NULL,'EXPORT','F','2018-06-14','2019-10-23','F',3,NULL,0,NULL,'4cd36760-cb33-1810-8c56-5abc7a75c882','4cd36760-cb33-1810-8c56-5abc7a75c882',NULL,NULL,'2019-11-21 00:37:38','2021-03-04 00:00:00'),
(11681,'account',390,'4-1131','Gas cooktop',NULL,NULL,NULL,'DAILY',NULL,NULL,0.20000000,'account','T',1.00000000,NULL,'EXPORT','F','2018-06-14','2019-03-01','F',1,NULL,0,NULL,'4cd36760-cb33-1810-8c56-5abc7a75c882','4cd36760-cb33-1810-8c56-5abc7a75c882',NULL,NULL,'2019-12-19 10:06:43','2021-02-02 00:00:00'),
(19215,'account',390,'4-1131','Gas cooktop',NULL,NULL,NULL,'DAILY',NULL,NULL,0.15000000,'account','T',1.00000000,NULL,'EXPORT','F','2019-03-02',NULL,'F',4,NULL,0,NULL,'4cd36760-cb33-1810-8c56-5abc7a75c882','4cd36760-cb33-1810-8c56-5abc7a75c882',NULL,NULL,'2021-02-02 21:48:00','2021-02-02 00:00:00'),
(19216,'account',402,'5-1108','Service fee',NULL,NULL,NULL,'DAILY',NULL,NULL,0.59011000,'account','T',1.00000000,NULL,'EXPORT','F','2019-10-24','2021-06-30','F',4,NULL,0,NULL,'df04e846-bbc1-9170-de59-5bda3a054b30','4cd36760-cb33-1810-8c56-5abc7a75c882',NULL,NULL,'2021-02-02 21:50:33','2021-03-04 00:00:00');

/*Data for the table `bbeng_charge_profiles_linked` */

insert  into `bbeng_charge_profiles_linked`(`id`,`charge_profile_id`,`linked_charge_profile_id`,`applicable_start_date`,`applicable_end_date`,`closed`,`display_order`,`name`,`description`,`deleted`,`assigned_user_id`,`created_by`,`modified_user_id`,`team_id`,`team_set_id`,`date_entered`,`date_modified`) values 
(272,390,389,'2018-06-14',NULL,'F',3,NULL,NULL,0,NULL,'4cd36760-cb33-1810-8c56-5abc7a75c882','4cd36760-cb33-1810-8c56-5abc7a75c882',NULL,NULL,'2018-09-11 04:20:55','2021-02-02 00:00:00'),
(284,402,72,NULL,NULL,'F',5,NULL,NULL,0,NULL,'4cd36760-cb33-1810-8c56-5abc7a75c882','4cd36760-cb33-1810-8c56-5abc7a75c882',NULL,NULL,'2018-09-19 06:07:50','2021-03-04 00:00:00'),
(1008,390,137,NULL,NULL,'F',2,NULL,NULL,0,NULL,'809057b3-1232-e883-7b50-5abb0a2e6ce3','4cd36760-cb33-1810-8c56-5abc7a75c882',NULL,NULL,'2019-12-20 00:56:14','2021-02-02 00:00:00');

/*Data for the table `bbeng_metering_reading_indices` */

insert  into `bbeng_metering_reading_indices`(`id`,`meter_id`,`timestamp`,`stream_suffix`,`stream_number`,`quality`,`method_flag`,`reason_code`,`scaled`,`valid`,`comment`) values 
(16403,4615,'2017-06-08','E','1','A',NULL,NULL,'F','T',NULL),
(16474,4541,'2017-06-08','E','1','A',NULL,NULL,'F','T','102'),
(16544,4613,'2017-06-08','E','1','A',NULL,NULL,'F','T','RET2'),
(18579,4615,'2017-04-08','E','1','A',NULL,NULL,'F','T',NULL),
(18651,4541,'2017-04-08','E','1','A',NULL,NULL,'F','T','102'),
(18723,4613,'2017-03-09','E','1','A',NULL,NULL,'F','T','RET2'),
(24109,4541,'2017-09-07','E','1','A',NULL,NULL,'F','T',NULL),
(24181,4613,'2017-09-07','E','1','A',NULL,NULL,'F','T',NULL),
(24183,4615,'2017-09-07','E','1','A',NULL,NULL,'F','T',NULL),
(31890,4615,'2017-12-06','E','1','A',NULL,NULL,'F','T','102'),
(31959,4541,'2017-12-06','E','1','A',NULL,NULL,'F','T','102'),
(32031,4613,'2017-12-06','E','1','A',NULL,NULL,'F','T','RET2'),
(47508,4615,'2018-03-06','E','1','A',NULL,NULL,'F','T','102'),
(47580,4541,'2018-03-06','E','1','A',NULL,NULL,'F','T','102'),
(47652,4613,'2018-03-06','E','1','A',NULL,NULL,'F','T','RET2'),
(48680,4613,'2017-05-05','E','1','A',NULL,NULL,'F','T','Retail 2'),
(62829,4615,'2018-06-06','E','1','A',NULL,NULL,'F','T','102'),
(62900,4541,'2018-06-06','E','1','A',NULL,NULL,'F','T','102'),
(62970,4613,'2018-06-06','E','1','A',NULL,NULL,'F','T','RET2'),
(119779,4615,'2018-09-07','E','1','A',NULL,NULL,'F','T','102'),
(119851,4541,'2018-09-07','E','1','A',NULL,NULL,'F','T','102'),
(119921,4613,'2018-09-07','E','1','A',NULL,NULL,'F','T','RET2'),
(125260,20299,'2018-08-01','E','1','A',NULL,NULL,'F','T',NULL),
(125261,20300,'2018-08-01','E','1','A',NULL,NULL,'F','T',NULL),
(125262,20301,'2018-08-01','E','1','A',NULL,NULL,'F','T',NULL),
(125277,20319,'2018-08-01','E','1','A',NULL,NULL,'F','F',NULL),
(134455,20299,'2018-09-01','E','1','A',NULL,NULL,'F','T',NULL),
(134456,20300,'2018-09-01','E','1','A',NULL,NULL,'F','T',NULL),
(134457,20301,'2018-09-01','E','1','A',NULL,NULL,'F','T',NULL),
(135059,20319,'2018-07-02','E','1','A',NULL,NULL,'F','T',NULL),
(144312,20299,'2018-10-02','E','1','A',NULL,NULL,'F','T',NULL),
(144313,20300,'2018-10-02','E','1','A',NULL,NULL,'F','T',NULL),
(144314,20301,'2018-10-02','E','1','A',NULL,NULL,'F','T',NULL),
(144332,20319,'2018-10-02','E','1','A',NULL,NULL,'F','T',NULL),
(164089,20299,'2018-11-02','E','1','A',NULL,NULL,'F','T',NULL),
(164090,20300,'2018-11-02','E','1','A',NULL,NULL,'F','T',NULL),
(164091,20301,'2018-11-02','E','1','A',NULL,NULL,'F','T',NULL),
(203123,20299,'2018-12-04','E','1','A',NULL,NULL,'F','T',NULL),
(203124,20300,'2018-12-04','E','1','A',NULL,NULL,'F','T',NULL),
(203125,20301,'2018-12-04','E','1','A',NULL,NULL,'F','T',NULL),
(210530,4541,'2018-12-05','E','1','A',NULL,NULL,'F','T','102'),
(210564,4613,'2018-12-05','E','1','A',NULL,NULL,'F','T','RET2'),
(210566,4615,'2018-12-05','E','1','A',NULL,NULL,'F','T','102'),
(216981,20299,'2019-01-02','E','1','A',NULL,NULL,'F','T',NULL),
(216982,20300,'2019-01-02','E','1','A',NULL,NULL,'F','T',NULL),
(216983,20301,'2019-01-02','E','1','A',NULL,NULL,'F','T',NULL),
(217001,20319,'2019-01-02','E','1','A',NULL,NULL,'F','T',NULL),
(240278,20299,'2019-02-01','E','1','A',NULL,NULL,'F','T',NULL),
(240279,20300,'2019-02-01','E','1','A',NULL,NULL,'F','T',NULL),
(240280,20301,'2019-02-01','E','1','A',NULL,NULL,'F','T',NULL),
(275503,20299,'2019-03-01','E','1','A',NULL,NULL,'F','T',NULL),
(275504,20300,'2019-03-01','E','1','A',NULL,NULL,'F','T',NULL),
(275505,20301,'2019-03-01','E','1','A',NULL,NULL,'F','T',NULL),
(278953,4541,'2019-03-05','E','1','A',NULL,NULL,'F','T','102'),
(279025,4613,'2019-03-05','E','1','A',NULL,NULL,'F','T','RET2'),
(279075,4615,'2019-03-05','E','1','A',NULL,NULL,'F','T','102'),
(296460,20299,'2019-04-01','E','1','A',NULL,NULL,'F','T',NULL),
(296461,20300,'2019-04-01','E','1','A',NULL,NULL,'F','T',NULL),
(296462,20301,'2019-04-01','E','1','A',NULL,NULL,'F','T',NULL),
(340563,20299,'2019-05-01','E','1','A',NULL,NULL,'F','T',NULL),
(340564,20300,'2019-05-01','E','1','A',NULL,NULL,'F','T',NULL),
(340565,20301,'2019-05-01','E','1','A',NULL,NULL,'F','T',NULL),
(369684,4615,'2019-06-05','E','1','A',NULL,NULL,'F','T','102'),
(369756,4541,'2019-06-05','E','1','A',NULL,NULL,'F','T','102'),
(369828,4613,'2019-06-05','E','1','A',NULL,NULL,'F','T','RET2'),
(374805,20299,'2019-05-31','E','1','A',NULL,NULL,'F','T',NULL),
(374806,20300,'2019-05-31','E','1','A',NULL,NULL,'F','T',NULL),
(374807,20301,'2019-05-31','E','1','A',NULL,NULL,'F','T',NULL),
(418848,20299,'2019-06-30','E','1','A',NULL,NULL,'F','T',NULL),
(418849,20300,'2019-06-30','E','1','A',NULL,NULL,'F','T',NULL),
(418850,20301,'2019-06-30','E','1','A',NULL,NULL,'F','T',NULL),
(419161,20319,'2019-04-01','E','1','A',NULL,NULL,'F','T',NULL),
(419184,20319,'2019-06-30','E','1','A',NULL,NULL,'F','T',NULL),
(461201,52844,'2019-02-27','E','1','A',NULL,NULL,'F','T',NULL),
(461258,52844,'2019-05-30','E','1','A',NULL,NULL,'F','T',NULL),
(463816,20299,'2019-08-01','E','1','A',NULL,NULL,'F','T',NULL),
(463817,20300,'2019-08-01','E','1','A',NULL,NULL,'F','T',NULL),
(463818,20301,'2019-08-01','E','1','A',NULL,NULL,'F','T',NULL),
(465918,20319,'2019-08-07','E','1','A',NULL,NULL,'F','T',NULL),
(506268,20299,'2019-09-02','E','1','A',NULL,NULL,'F','T',NULL),
(506269,20300,'2019-09-02','E','1','A',NULL,NULL,'F','T',NULL),
(506270,20301,'2019-09-02','E','1','A',NULL,NULL,'F','T',NULL),
(541202,4615,'2019-09-05','E','1','A',NULL,NULL,'F','T','102'),
(541274,4541,'2019-09-05','E','1','A',NULL,NULL,'F','T','102'),
(541346,4613,'2019-09-05','E','1','A',NULL,NULL,'F','T','RET2'),
(541638,52844,'2019-05-31','E','1','A',NULL,NULL,'F','T','Unit 118'),
(541684,52844,'2019-08-29','E','1','A',NULL,NULL,'F','T','Unit 118'),
(560028,20299,'2019-09-29','E','1','A',NULL,NULL,'F','T',NULL),
(560029,20300,'2019-09-29','E','1','A',NULL,NULL,'F','T',NULL),
(560030,20301,'2019-09-29','E','1','A',NULL,NULL,'F','T',NULL),
(560048,20319,'2019-09-29','E','1','A',NULL,NULL,'F','T',NULL),
(610636,20319,'2019-10-31','E','1','A',NULL,NULL,'F','T',NULL),
(615716,20299,'2019-10-30','E','1','A',NULL,NULL,'F','T',NULL),
(615717,20300,'2019-10-30','E','1','A',NULL,NULL,'F','T',NULL),
(615718,20301,'2019-10-30','E','1','A',NULL,NULL,'F','T',NULL),
(665138,20299,'2019-11-30','E','1','A',NULL,NULL,'F','T',NULL),
(665139,20300,'2019-11-30','E','1','A',NULL,NULL,'F','T',NULL),
(665140,20301,'2019-11-30','E','1','A',NULL,NULL,'F','T',NULL),
(667275,52844,'2019-11-28','E','1','A',NULL,NULL,'F','T','Unit 118'),
(703523,4541,'2019-12-04','E','1','A',NULL,NULL,'F','T','102'),
(703595,4613,'2019-12-04','E','1','A',NULL,NULL,'F','T','RET2'),
(703597,4615,'2019-12-04','E','1','A',NULL,NULL,'F','T','102'),
(728651,20319,'2019-12-31','E','1','A',NULL,NULL,'F','T',NULL),
(728682,20299,'2019-12-31','E','1','A',NULL,NULL,'F','T',NULL),
(728683,20300,'2019-12-31','E','1','A',NULL,NULL,'F','T',NULL),
(728684,20301,'2019-12-31','E','1','A',NULL,NULL,'F','T',NULL),
(790093,20299,'2020-01-30','E','1','A',NULL,NULL,'F','T',NULL),
(790094,20300,'2020-01-30','E','1','A',NULL,NULL,'F','T',NULL),
(790095,20301,'2020-01-30','E','1','A',NULL,NULL,'F','T',NULL),
(790116,20319,'2020-01-30','E','1','A',NULL,NULL,'F','T',NULL),
(849974,52844,'2020-02-25','E','1','A',NULL,NULL,'F','T',NULL),
(852166,20299,'2020-02-29','E','1','A',NULL,NULL,'F','T',NULL),
(852167,20300,'2020-02-29','E','1','A',NULL,NULL,'F','T',NULL),
(852168,20301,'2020-02-29','E','1','A',NULL,NULL,'F','T',NULL),
(852263,20319,'2020-02-29','E','1','A',NULL,NULL,'F','T',NULL),
(886530,4615,'2020-03-02','E','1','A',NULL,NULL,'F','T','102'),
(886602,4541,'2020-03-02','E','1','A',NULL,NULL,'F','T','102'),
(898077,4613,'2020-03-02','E','1','A',NULL,NULL,'F','T',NULL),
(911612,20299,'2020-03-29','E','1','A',NULL,NULL,'F','T',NULL),
(911613,20300,'2020-03-29','E','1','A',NULL,NULL,'F','T',NULL),
(911614,20301,'2020-03-29','E','1','A',NULL,NULL,'F','T',NULL),
(911632,20319,'2020-03-29','E','1','A',NULL,NULL,'F','T',NULL),
(976936,20299,'2020-04-28','E','1','A',NULL,NULL,'F','T',NULL),
(976937,20300,'2020-04-28','E','1','A',NULL,NULL,'F','T',NULL),
(976938,20301,'2020-04-28','E','1','A',NULL,NULL,'F','T',NULL),
(1092490,52844,'2020-05-28','E','1','A',NULL,NULL,'F','T',NULL),
(1110508,20299,'2020-05-28','E','1','A',NULL,NULL,'F','T',NULL),
(1110509,20300,'2020-05-28','E','1','A',NULL,NULL,'F','T',NULL),
(1110510,20301,'2020-05-28','E','1','A',NULL,NULL,'F','T',NULL),
(1110528,20319,'2020-05-28','E','1','A',NULL,NULL,'F','T',NULL),
(1150752,4615,'2020-06-01','E','1','A',NULL,NULL,'F','T','102'),
(1166549,4541,'2020-06-01','E','1','A',NULL,NULL,'F','T','102'),
(1166620,4613,'2020-06-01','E','1','A',NULL,NULL,'F','T','RET2'),
(1211603,20299,'2020-06-28','E','1','A',NULL,NULL,'F','T',NULL),
(1211604,20300,'2020-06-28','E','1','A',NULL,NULL,'F','T',NULL),
(1211605,20301,'2020-06-28','E','1','A',NULL,NULL,'F','T',NULL),
(1211623,20319,'2020-06-28','E','1','A',NULL,NULL,'F','T',NULL),
(1340587,20299,'2020-07-28','E','1','A',NULL,NULL,'F','T',NULL),
(1340588,20300,'2020-07-28','E','1','A',NULL,NULL,'F','T',NULL),
(1340589,20301,'2020-07-28','E','1','A',NULL,NULL,'F','T',NULL),
(1340607,20319,'2020-07-28','E','1','A',NULL,NULL,'F','T',NULL),
(1415641,52844,'2020-08-27','E','1','A',NULL,NULL,'F','T',NULL),
(1418863,93214,'2020-06-01','E','1','A',NULL,NULL,'F','T','102'),
(1421499,93214,'2020-08-31','E','1','A',NULL,NULL,'F','T','102'),
(1421571,4613,'2020-08-31','E','1','A',NULL,NULL,'F','T','RET2'),
(1421573,4615,'2020-08-31','E','1','A',NULL,NULL,'F','T','102'),
(1455989,20299,'2020-08-28','E','1','A',NULL,NULL,'F','T',NULL),
(1455990,20300,'2020-08-28','E','1','A',NULL,NULL,'F','T',NULL),
(1455991,20301,'2020-08-28','E','1','A',NULL,NULL,'F','T',NULL),
(1456009,20319,'2020-08-28','E','1','A',NULL,NULL,'F','T',NULL);

/*Data for the table `bbeng_metering_reading_indices_elements` */

insert  into `bbeng_metering_reading_indices_elements`(`id`,`type`,`indexed_reading_id`,`uom`,`value`,`occurred`) values 
(9252,'total',16403,'L',6990.000,NULL),
(9323,'total',16474,'kWh',460.000,NULL),
(9393,'total',16544,'kWh',0.000,NULL),
(13584,'total',18579,'L',150.000,NULL),
(13656,'total',18651,'kWh',21.000,NULL),
(13728,'total',18723,'kWh',0.000,NULL),
(21338,'total',24109,'kWh',1027.000,NULL),
(21410,'total',24181,'kWh',0.000,NULL),
(21412,'total',24183,'L',23370.000,NULL),
(33920,'total',31890,'L',37069.000,NULL),
(33989,'total',31959,'KWH',1676.000,NULL),
(34061,'total',32031,'KWH',3025.000,NULL),
(53255,'total',47508,'L',47271.000,NULL),
(53327,'total',47580,'KWH',2840.000,NULL),
(53399,'total',47652,'KWH',10070.000,NULL),
(54433,'total',48680,'KWH',0.000,NULL),
(72566,'total',62829,'L',59487.000,NULL),
(72637,'total',62900,'KWH',3710.000,NULL),
(72707,'total',62970,'KWH',15904.000,NULL),
(132744,'total',119779,'L',77050.000,NULL),
(132816,'total',119851,'KWH',4529.000,NULL),
(132886,'total',119921,'KWH',20297.000,NULL),
(138251,'off_peak',125260,'KWH',144165.000,NULL),
(138252,'peak',125260,'KWH',138645.000,NULL),
(138253,'total',125260,'KWH',282810.000,NULL),
(138254,'peak',125261,'KWH',129490.000,NULL),
(138255,'total',125261,'KWH',272643.000,NULL),
(138256,'off_peak',125261,'KWH',143153.000,NULL),
(138257,'peak',125262,'KWH',116388.000,NULL),
(138258,'off_peak',125262,'KWH',109493.000,NULL),
(138259,'total',125262,'KWH',225881.000,NULL),
(138274,'total',125277,'KWH',909.000,NULL),
(149583,'total',134455,'KWH',283507.000,NULL),
(149584,'peak',134455,'KWH',139004.000,NULL),
(149585,'off_peak',134455,'KWH',144503.000,NULL),
(149586,'peak',134456,'KWH',129801.000,NULL),
(149587,'off_peak',134456,'KWH',143504.000,NULL),
(149588,'total',134456,'KWH',273305.000,NULL),
(149589,'peak',134457,'KWH',116649.000,NULL),
(149590,'off_peak',134457,'KWH',109718.000,NULL),
(149591,'total',134457,'KWH',226367.000,NULL),
(150229,'total',135059,'KL',909.000,NULL),
(159508,'peak',144312,'KWH',139352.000,NULL),
(159509,'total',144312,'KWH',284226.000,NULL),
(159510,'off_peak',144312,'KWH',144874.000,NULL),
(159511,'peak',144313,'KWH',130096.000,NULL),
(159512,'total',144313,'KWH',273987.000,NULL),
(159513,'off_peak',144313,'KWH',143891.000,NULL),
(159514,'off_peak',144314,'KWH',109928.000,NULL),
(159515,'total',144314,'KWH',226796.000,NULL),
(159516,'peak',144314,'KWH',116868.000,NULL),
(159534,'total',144332,'KL',982.000,NULL),
(180233,'off_peak',164089,'KWH',145269.000,NULL),
(180234,'peak',164089,'KWH',139761.000,NULL),
(180235,'total',164089,'KWH',285030.000,NULL),
(180236,'off_peak',164090,'KWH',144263.000,NULL),
(180237,'peak',164090,'KWH',130426.000,NULL),
(180238,'total',164090,'KWH',274689.000,NULL),
(180239,'peak',164091,'KWH',117097.000,NULL),
(180240,'total',164091,'KWH',227218.000,NULL),
(180241,'off_peak',164091,'KWH',110121.000,NULL),
(220379,'total',203123,'KWH',285963.000,NULL),
(220380,'peak',203123,'KWH',140194.000,NULL),
(220381,'off_peak',203123,'KWH',145769.000,NULL),
(220382,'peak',203124,'KWH',130745.000,NULL),
(220383,'total',203124,'KWH',275435.000,NULL),
(220384,'off_peak',203124,'KWH',144690.000,NULL),
(220385,'off_peak',203125,'KWH',110327.000,NULL),
(220386,'peak',203125,'KWH',117303.000,NULL),
(220387,'total',203125,'KWH',227630.000,NULL),
(227804,'total',210530,'KWH',5442.000,NULL),
(227838,'total',210564,'KWH',25622.000,NULL),
(227840,'total',210566,'L',91440.000,NULL),
(236319,'off_peak',216981,'KWH',146216.000,NULL),
(236320,'peak',216981,'KWH',140615.000,NULL),
(236321,'total',216981,'KWH',286831.000,NULL),
(236322,'total',216982,'KWH',276130.000,NULL),
(236323,'off_peak',216982,'KWH',145066.000,NULL),
(236324,'peak',216982,'KWH',131064.000,NULL),
(236325,'peak',216983,'KWH',117479.000,NULL),
(236326,'off_peak',216983,'KWH',110497.000,NULL),
(236327,'total',216983,'KWH',227976.000,NULL),
(236345,'total',217001,'kL',1051.000,NULL),
(263631,'off_peak',240278,'KWH',146710.000,NULL),
(263632,'total',240278,'KWH',287832.000,NULL),
(263633,'peak',240278,'KWH',141122.000,NULL),
(263634,'total',240279,'KWH',276818.000,NULL),
(263635,'off_peak',240279,'KWH',145409.000,NULL),
(263636,'peak',240279,'KWH',131409.000,NULL),
(263637,'off_peak',240280,'KWH',110656.000,NULL),
(263638,'total',240280,'KWH',228323.000,NULL),
(263639,'peak',240280,'KWH',117667.000,NULL),
(300434,'off_peak',275503,'KWH',147148.000,NULL),
(300435,'total',275503,'KWH',288717.000,NULL),
(300436,'peak',275503,'KWH',141569.000,NULL),
(300437,'peak',275504,'KWH',131716.000,NULL),
(300438,'total',275504,'KWH',277589.000,NULL),
(300439,'off_peak',275504,'KWH',145873.000,NULL),
(300440,'total',275505,'KWH',228640.000,NULL),
(300441,'peak',275505,'KWH',117840.000,NULL),
(300442,'off_peak',275505,'KWH',110800.000,NULL),
(303900,'total',278953,'KWH',6990.000,NULL),
(303972,'total',279025,'KWH',32593.000,NULL),
(304022,'total',279075,'L',103963.000,NULL),
(322422,'off_peak',296460,'KWH',147667.000,NULL),
(322423,'peak',296460,'KWH',142036.000,NULL),
(322424,'total',296460,'KWH',289703.000,NULL),
(322425,'peak',296461,'KWH',132032.000,NULL),
(322426,'total',296461,'KWH',278341.000,NULL),
(322427,'off_peak',296461,'KWH',146309.000,NULL),
(322428,'peak',296462,'KWH',118016.000,NULL),
(322429,'off_peak',296462,'KWH',110985.000,NULL),
(322430,'total',296462,'KWH',229001.000,NULL),
(368401,'total',340563,'KWH',290039.000,NULL),
(368402,'off_peak',340563,'KWH',147836.000,NULL),
(368403,'peak',340563,'KWH',142203.000,NULL),
(368404,'peak',340564,'KWH',132296.000,NULL),
(368405,'total',340564,'KWH',278923.000,NULL),
(368406,'off_peak',340564,'KWH',146627.000,NULL),
(368407,'total',340565,'KWH',229164.000,NULL),
(368408,'off_peak',340565,'KWH',111060.000,NULL),
(368409,'peak',340565,'KWH',118104.000,NULL),
(397994,'total',369684,'L',119118.000,NULL),
(398066,'total',369756,'KWH',7998.000,NULL),
(398138,'total',369828,'KWH',38056.000,NULL),
(403199,'peak',374805,'KWH',142548.000,NULL),
(403200,'off_peak',374805,'KWH',148220.000,NULL),
(403201,'total',374805,'KWH',290768.000,NULL),
(403202,'total',374806,'KWH',279582.000,NULL),
(403203,'off_peak',374806,'KWH',146980.000,NULL),
(403204,'peak',374806,'KWH',132602.000,NULL),
(403205,'off_peak',374807,'KWH',111269.000,NULL),
(403206,'peak',374807,'KWH',118319.000,NULL),
(403207,'total',374807,'KWH',229588.000,NULL),
(448154,'off_peak',418848,'KWH',148603.000,NULL),
(448155,'peak',418848,'KWH',142859.000,NULL),
(448156,'total',418848,'KWH',291462.000,NULL),
(448157,'peak',418849,'KWH',132809.000,NULL),
(448158,'off_peak',418849,'KWH',147349.000,NULL),
(448159,'total',418849,'KWH',280158.000,NULL),
(448160,'total',418850,'KWH',230048.000,NULL),
(448161,'off_peak',418850,'KWH',111497.000,NULL),
(448162,'peak',418850,'KWH',118551.000,NULL),
(449334,'total',419161,'KL',1126.000,NULL),
(449357,'total',419184,'KL',1188.000,NULL),
(492033,'total',461201,'kWh',3044.000,NULL),
(492090,'total',461258,'kWh',3728.000,NULL),
(495662,'total',463816,'KWH',292139.000,NULL),
(495663,'peak',463816,'KWH',143197.000,NULL),
(495664,'off_peak',463816,'KWH',148942.000,NULL),
(495665,'off_peak',463817,'KWH',147691.000,NULL),
(495666,'total',463817,'KWH',280893.000,NULL),
(495667,'peak',463817,'KWH',133202.000,NULL),
(495668,'total',463818,'KWH',230527.000,NULL),
(495669,'off_peak',463818,'KWH',111714.000,NULL),
(495670,'peak',463818,'KWH',118813.000,NULL),
(498621,'total',465918,'KL',1188.000,NULL),
(539190,'peak',506268,'KWH',143519.000,NULL),
(539191,'total',506268,'KWH',292847.000,NULL),
(539192,'off_peak',506268,'KWH',149328.000,NULL),
(539193,'peak',506269,'KWH',133496.000,NULL),
(539194,'off_peak',506269,'KWH',148071.000,NULL),
(539195,'total',506269,'KWH',281567.000,NULL),
(539196,'peak',506270,'KWH',119052.000,NULL),
(539197,'off_peak',506270,'KWH',111962.000,NULL),
(539198,'total',506270,'KWH',231014.000,NULL),
(575536,'total',541202,'L',138313.000,NULL),
(575608,'total',541274,'KWH',9125.000,NULL),
(575680,'total',541346,'KWH',42179.000,NULL),
(576356,'total',541638,'KWH',3728.000,NULL),
(576402,'total',541684,'kWh',3920.000,NULL),
(595930,'peak',560028,'KWH',143831.000,NULL),
(595931,'off_peak',560028,'KWH',149664.000,NULL),
(595932,'total',560028,'KWH',293495.000,NULL),
(595933,'off_peak',560029,'KWH',148390.000,NULL),
(595934,'total',560029,'KWH',282152.000,NULL),
(595935,'peak',560029,'KWH',133762.000,NULL),
(595936,'off_peak',560030,'KWH',112139.000,NULL),
(595937,'total',560030,'KWH',231391.000,NULL),
(595938,'peak',560030,'KWH',119252.000,NULL),
(595956,'total',560048,'KL',1262.000,NULL),
(650864,'total',610636,'KL',1289.000,NULL),
(657005,'total',615716,'KWH',294328.000,NULL),
(657006,'off_peak',615716,'KWH',150103.000,NULL),
(657007,'peak',615716,'KWH',144225.000,NULL),
(657008,'total',615717,'KWH',282865.000,NULL),
(657009,'off_peak',615717,'KWH',148772.000,NULL),
(657010,'peak',615717,'KWH',134093.000,NULL),
(657011,'peak',615718,'KWH',119477.000,NULL),
(657012,'off_peak',615718,'KWH',112338.000,NULL),
(657013,'total',615718,'KWH',231815.000,NULL),
(707427,'off_peak',665138,'KWH',150554.000,NULL),
(707428,'total',665138,'KWH',295227.000,NULL),
(707429,'peak',665138,'KWH',144673.000,NULL),
(707430,'peak',665139,'KWH',134403.000,NULL),
(707431,'total',665139,'KWH',283559.000,NULL),
(707432,'off_peak',665139,'KWH',149156.000,NULL),
(707433,'off_peak',665140,'KWH',112518.000,NULL),
(707434,'total',665140,'KWH',232194.000,NULL),
(707435,'peak',665140,'KWH',119676.000,NULL),
(709765,'total',667275,'kWh',4850.000,NULL),
(746651,'total',703523,'KWH',10307.000,NULL),
(746723,'total',703595,'KWH',47241.000,NULL),
(746725,'total',703597,'L',153123.000,NULL),
(776779,'total',728651,'kL',1344.000,NULL),
(776834,'peak',728682,'KWH',145131.000,NULL),
(776835,'off_peak',728682,'KWH',151095.000,NULL),
(776836,'total',728682,'KWH',296226.000,NULL),
(776837,'total',728683,'KWH',284315.000,NULL),
(776838,'peak',728683,'KWH',134719.000,NULL),
(776839,'off_peak',728683,'KWH',149596.000,NULL),
(776840,'off_peak',728684,'KWH',112722.000,NULL),
(776841,'total',728684,'KWH',232577.000,NULL),
(776842,'peak',728684,'KWH',119855.000,NULL),
(840706,'total',790093,'KWH',297292.000,NULL),
(840707,'off_peak',790093,'KWH',151630.000,NULL),
(840708,'peak',790093,'KWH',145662.000,NULL),
(840709,'off_peak',790094,'KWH',150000.000,NULL),
(840710,'peak',790094,'KWH',134719.000,NULL),
(840711,'total',790094,'KWH',284719.000,NULL),
(840712,'total',790095,'KWH',232952.000,NULL),
(840713,'off_peak',790095,'KWH',112905.000,NULL),
(840714,'peak',790095,'KWH',120047.000,NULL),
(840735,'total',790116,'KL',1371.000,NULL),
(905538,'total',849974,'KWH',6003.000,NULL),
(907764,'off_peak',852166,'KWH',152070.000,NULL),
(907765,'total',852166,'KWH',298146.000,NULL),
(907766,'peak',852166,'KWH',146076.000,NULL),
(907767,'total',852167,'KWH',285809.000,NULL),
(907768,'off_peak',852167,'KWH',150424.000,NULL),
(907769,'peak',852167,'KWH',135385.000,NULL),
(907770,'peak',852168,'KWH',120256.000,NULL),
(907771,'total',852168,'KWH',233351.000,NULL),
(907772,'off_peak',852168,'KWH',113095.000,NULL),
(907867,'total',852263,'kL',1399.000,NULL),
(942848,'total',886530,'L',165341.000,NULL),
(942920,'total',886602,'KWH',12102.000,NULL),
(954625,'total',898077,'KWH',54188.000,NULL),
(969265,'total',911612,'KWH',298792.000,NULL),
(969266,'peak',911612,'KWH',146370.000,NULL),
(969267,'off_peak',911612,'KWH',152422.000,NULL),
(969268,'off_peak',911613,'KWH',150794.000,NULL),
(969269,'total',911613,'KWH',286464.000,NULL),
(969270,'peak',911613,'KWH',135670.000,NULL),
(969271,'total',911614,'KWH',233704.000,NULL),
(969272,'peak',911614,'KWH',120436.000,NULL),
(969273,'off_peak',911614,'KWH',113268.000,NULL),
(969291,'total',911632,'kL',1419.000,NULL),
(1043672,'total',976936,'KWH',299386.000,NULL),
(1043673,'peak',976936,'KWH',146664.000,NULL),
(1043674,'off_peak',976936,'KWH',152722.000,NULL),
(1043675,'off_peak',976937,'KWH',151152.000,NULL),
(1043676,'peak',976937,'KWH',135956.000,NULL),
(1043677,'total',976937,'KWH',287108.000,NULL),
(1043678,'off_peak',976938,'KWH',113468.000,NULL),
(1043679,'total',976938,'KWH',234089.000,NULL),
(1043680,'peak',976938,'KWH',120621.000,NULL),
(1159544,'total',1092490,'KWH',7138.000,NULL),
(1187724,'off_peak',1110508,'KWH',152993.000,NULL),
(1187725,'total',1110508,'KWH',299938.000,NULL),
(1187726,'peak',1110508,'KWH',146945.000,NULL),
(1187727,'off_peak',1110509,'KWH',151495.000,NULL),
(1187728,'total',1110509,'KWH',287745.000,NULL),
(1187729,'peak',1110509,'KWH',136250.000,NULL),
(1187730,'total',1110510,'KWH',234525.000,NULL),
(1187731,'peak',1110510,'KWH',120847.000,NULL),
(1187732,'off_peak',1110510,'KWH',113678.000,NULL),
(1187750,'total',1110528,'kL',1466.000,NULL),
(1229173,'total',1150752,'L',179483.000,NULL),
(1245428,'total',1166549,'KWH',12861.000,NULL),
(1245499,'total',1166620,'KWH',59110.000,NULL),
(1292471,'total',1211603,'KWH',300499.000,NULL),
(1292472,'off_peak',1211603,'KWH',153291.000,NULL),
(1292473,'peak',1211603,'KWH',147208.000,NULL),
(1292474,'peak',1211604,'KWH',136530.000,NULL),
(1292475,'total',1211604,'KWH',288395.000,NULL),
(1292476,'off_peak',1211604,'KWH',151865.000,NULL),
(1292477,'off_peak',1211605,'KWH',113942.000,NULL),
(1292478,'total',1211605,'KWH',235006.000,NULL),
(1292479,'peak',1211605,'KWH',121064.000,NULL),
(1292497,'total',1211623,'kL',1493.000,NULL),
(1428451,'off_peak',1340587,'KWH',153564.000,NULL),
(1428452,'total',1340587,'KWH',301020.000,NULL),
(1428453,'peak',1340587,'KWH',147456.000,NULL),
(1428454,'off_peak',1340588,'KWH',152218.000,NULL),
(1428455,'peak',1340588,'KWH',136831.000,NULL),
(1428456,'total',1340588,'KWH',289049.000,NULL),
(1428457,'off_peak',1340589,'KWH',114215.000,NULL),
(1428458,'peak',1340589,'KWH',121283.000,NULL),
(1428459,'total',1340589,'KWH',235498.000,NULL),
(1428477,'total',1340607,'kL',1518.000,NULL),
(1507002,'total',1415641,'KWH',8599.000,NULL),
(1510770,'total',1418863,'KWH',759.000,NULL),
(1514070,'total',1421499,'KWH',2178.000,NULL),
(1514142,'total',1421571,'KWH',62970.000,NULL),
(1514144,'total',1421573,'L',195539.000,NULL),
(1548891,'peak',1455989,'KWH',147719.000,NULL),
(1548892,'off_peak',1455989,'KWH',153829.000,NULL),
(1548893,'total',1455989,'KWH',301548.000,NULL),
(1548894,'off_peak',1455990,'KWH',152572.000,NULL),
(1548895,'total',1455990,'KWH',289701.000,NULL),
(1548896,'peak',1455990,'KWH',137129.000,NULL),
(1548897,'peak',1455991,'KWH',121515.000,NULL),
(1548898,'total',1455991,'KWH',235981.000,NULL),
(1548899,'off_peak',1455991,'KWH',114466.000,NULL),
(1548917,'total',1456009,'kL',1542.000,NULL);

/*Data for the table `bbeng_meters` */

insert  into `bbeng_meters`(`id`,`type`,`version`,`serial_number`,`brand`,`model`,`phase`,`amps`,`multiplier`,`capability`,`default_tou_name`,`meter_provider`,`data_provider`,`meter_room`,`meter_panel`,`reading_group`,`reading_order`,`name`,`description`,`deleted`,`assigned_user_id`,`created_by`,`modified_user_id`,`team_id`,`team_set_id`,`date_entered`,`date_modified`) values 
(4541,'electricity','2017-06-21 02:02:03.000000','14541036-2',NULL,NULL,'SINGLE',80,1.00000000,'TYPE_6',NULL,NULL,NULL,NULL,NULL,0,0,NULL,NULL,0,NULL,'539a5869-27f1-d6d7-f32b-56957518718e','539a5869-27f1-d6d7-f32b-56957518718e',NULL,NULL,'2017-06-21 01:57:03','2017-06-21 02:02:03'),
(4613,'electricity','2020-08-31 06:22:29.000000','16242354',NULL,NULL,'SINGLE',80,1.00000000,'TYPE_6',NULL,NULL,'M2CREAD',NULL,NULL,0,0,NULL,NULL,0,NULL,'539a5869-27f1-d6d7-f32b-56957518718e','1d8a5690-2d46-4d78-d9bb-5b877e68ef54',NULL,NULL,'2017-06-21 01:57:05','2020-08-31 06:22:29'),
(4615,'water_hot','2017-06-21 02:02:06.000000','15016856',NULL,NULL,NULL,NULL,1.00000000,'TYPE_6',NULL,NULL,NULL,NULL,NULL,0,0,NULL,NULL,0,NULL,'539a5869-27f1-d6d7-f32b-56957518718e','539a5869-27f1-d6d7-f32b-56957518718e',NULL,NULL,'2017-06-21 02:02:06','2017-06-21 02:02:06'),
(19195,'water_hot','2018-09-07 06:39:23.000000','50803917',NULL,NULL,NULL,NULL,1.00000000,'TYPE_6',NULL,NULL,NULL,NULL,NULL,0,0,NULL,NULL,0,NULL,'4cd36760-cb33-1810-8c56-5abc7a75c882','4cd36760-cb33-1810-8c56-5abc7a75c882',NULL,NULL,'2018-08-30 05:08:14','2018-09-07 06:39:23'),
(19681,'electricity','2018-09-10 00:40:15.000000','ED071503652',NULL,NULL,'SINGLE',80,1.00000000,'TYPE_6',NULL,NULL,NULL,NULL,NULL,0,0,NULL,NULL,0,NULL,'4cd36760-cb33-1810-8c56-5abc7a75c882','4cd36760-cb33-1810-8c56-5abc7a75c882',NULL,NULL,'2018-09-07 06:39:12','2018-09-10 00:40:15'),
(20299,'electricity','2018-09-26 02:39:08.000000','842315',NULL,NULL,'THREE',80,1.00000000,'TYPE_6',NULL,NULL,NULL,NULL,NULL,0,0,NULL,NULL,0,NULL,'eab53a1a-65b8-9179-9a17-5a2895c6b1a6','eab53a1a-65b8-9179-9a17-5a2895c6b1a6',NULL,NULL,'2018-09-26 02:39:08','2018-09-26 02:39:08'),
(20300,'electricity','2018-09-26 02:39:08.000000','842316',NULL,NULL,'THREE',80,1.00000000,'TYPE_6',NULL,NULL,NULL,NULL,NULL,0,0,NULL,NULL,0,NULL,'eab53a1a-65b8-9179-9a17-5a2895c6b1a6','eab53a1a-65b8-9179-9a17-5a2895c6b1a6',NULL,NULL,'2018-09-26 02:39:08','2018-09-26 02:39:08'),
(20301,'electricity','2018-09-26 02:39:08.000000','842317',NULL,NULL,'THREE',80,1.00000000,'TYPE_6',NULL,NULL,NULL,NULL,NULL,0,0,NULL,NULL,0,NULL,'eab53a1a-65b8-9179-9a17-5a2895c6b1a6','eab53a1a-65b8-9179-9a17-5a2895c6b1a6',NULL,NULL,'2018-09-26 02:39:08','2018-09-26 02:39:08'),
(20319,'water_cold','2018-09-26 02:39:09.000000','14B088953',NULL,NULL,NULL,NULL,1.00000000,'TYPE_6',NULL,NULL,NULL,NULL,NULL,0,0,NULL,NULL,0,NULL,'eab53a1a-65b8-9179-9a17-5a2895c6b1a6','eab53a1a-65b8-9179-9a17-5a2895c6b1a6',NULL,NULL,'2018-09-26 02:39:09','2018-09-26 02:39:09'),
(22129,'electricity','2018-10-23 01:39:18.000000','21700751',NULL,NULL,'SINGLE',80,1.00000000,'TYPE_6',NULL,NULL,NULL,NULL,NULL,0,0,NULL,NULL,0,NULL,'4cd36760-cb33-1810-8c56-5abc7a75c882','4cd36760-cb33-1810-8c56-5abc7a75c882',NULL,NULL,'2018-10-23 01:39:18','2018-10-23 01:39:18'),
(24133,'electricity','2018-10-29 01:49:27.000000','FL10000760',NULL,NULL,'SINGLE',80,1.00000000,'TYPE_4',NULL,NULL,NULL,NULL,NULL,0,0,NULL,NULL,0,NULL,'f2a0ae41-c61b-974e-f36c-5949bb446189','f2a0ae41-c61b-974e-f36c-5949bb446189',NULL,NULL,'2018-10-29 01:49:27','2018-10-29 01:49:27'),
(35657,'electricity','2019-02-25 00:59:36.000000','AC30000416-0',NULL,NULL,'SINGLE',80,1.00000000,'TYPE_4',NULL,NULL,NULL,NULL,NULL,0,0,NULL,NULL,0,NULL,'f2a0ae41-c61b-974e-f36c-5949bb446189','f2a0ae41-c61b-974e-f36c-5949bb446189',NULL,NULL,'2019-02-25 00:59:36','2019-02-25 00:59:36'),
(51440,'water_chilled','2019-07-24 22:57:57.000000','AC30000416',NULL,NULL,NULL,NULL,1.00000000,'TYPE_6',NULL,NULL,NULL,NULL,NULL,0,0,NULL,NULL,0,NULL,'1d8a5690-2d46-4d78-d9bb-5b877e68ef54','1d8a5690-2d46-4d78-d9bb-5b877e68ef54',NULL,NULL,'2019-07-24 22:57:57','2019-07-24 22:57:57'),
(52844,'electricity','2019-07-30 03:27:06.000000','1506918',NULL,NULL,'SINGLE',80,1.00000000,'TYPE_6',NULL,NULL,NULL,'Read Sheet Order',NULL,0,23,NULL,NULL,0,NULL,'1d8a5690-2d46-4d78-d9bb-5b877e68ef54','1d8a5690-2d46-4d78-d9bb-5b877e68ef54',NULL,NULL,'2019-07-30 03:27:06','2019-07-30 03:27:06'),
(93214,'electricity','2020-08-31 05:51:03.000000','14541036',NULL,NULL,'SINGLE',80,1.00000000,'TYPE_6',NULL,NULL,NULL,NULL,NULL,0,0,NULL,NULL,0,NULL,'1d8a5690-2d46-4d78-d9bb-5b877e68ef54','1d8a5690-2d46-4d78-d9bb-5b877e68ef54',NULL,NULL,'2020-08-31 05:51:03','2020-08-31 05:51:03');

/*Data for the table `bbeng_service_points` */

insert  into `bbeng_service_points`(`id`,`type`,`version`,`site_profile_id`,`gate_meter`,`category_name`,`tenancy_number`,`tenancy_street_number`,`tenancy_street_name`,`tenancy_street_type`,`tenancy_suburb`,`tenancy_state`,`tenancy_postcode`,`tenancy_country`,`account_type`,`charge_profile_id`,`service_formula`,`use_parent_tni_dlf`,`dlf_code`,`tni_code`,`hash_code`,`snp_tenancy_address`,`snp_cnsmp_annual`,`snp_cnsmp_uom`,`snp_cnsmp_profile`,`snp_open_date`,`snp_close_date`,`snp_on_market_status`,`parent_id`,`snp_market_identifier`,`snp_data_provider`,`snp_service_points`,`snp_on_market_pnts`,`snp_life_support`,`snp_overall_supply_state`,`snp_overall_supply_state_from`,`name`,`description`,`deleted`,`assigned_user_id`,`created_by`,`modified_user_id`,`team_id`,`team_set_id`,`date_entered`,`date_modified`) values 
(2827,'electricity','2017-06-21 03:50:05.000000',113,'F',NULL,'102','39-41','Thomas','ST','Chermside','QLD','4031',NULL,NULL,NULL,NULL,'T',NULL,NULL,'e1b43dd01c13564100bdb69e15feb478879c4f2cd1ca40516e6614a3eb96cfd7','102 39-41 Thomas ST',0.000,NULL,NULL,'2017-03-09',NULL,'O',NULL,NULL,'M2CREAD',0,0,0,'UNKNOWN',NULL,NULL,NULL,0,NULL,'539a5869-27f1-d6d7-f32b-56957518718e','539a5869-27f1-d6d7-f32b-56957518718e',NULL,NULL,'2017-06-21 02:03:04','2017-06-21 03:50:05'),
(2899,'electricity','2018-04-12 03:52:34.000000',113,'F',NULL,'RET1','39-41','Thomas','ST','Chermside','QLD','4031',NULL,NULL,NULL,NULL,'T',NULL,NULL,'1d64b6b93ea4b2af5c79bdcbfdc47fe12da6f409e0ba5ab1ba1726d8150694bd','RET1 39-41 Thomas ST',0.000,NULL,NULL,'2017-03-09',NULL,'O',NULL,NULL,'M2CREAD',0,0,0,'UNKNOWN',NULL,NULL,NULL,0,NULL,'539a5869-27f1-d6d7-f32b-56957518718e','7eaaf9ef-84f6-631d-32b9-5a289530543e',NULL,NULL,'2017-06-21 02:03:28','2018-04-12 03:52:34'),
(2902,'water','2017-06-21 03:50:28.000000',115,'F',NULL,'102','39-41','Thomas','ST','Chermside','QLD','4031',NULL,NULL,NULL,NULL,'T',NULL,NULL,'e1b43dd01c13564100bdb69e15feb478879c4f2cd1ca40516e6614a3eb96cfd7','102 39-41 Thomas ST',0.000,NULL,NULL,'2017-03-09',NULL,'O',NULL,NULL,'M2CREAD',0,0,0,'UNKNOWN',NULL,NULL,NULL,0,NULL,'539a5869-27f1-d6d7-f32b-56957518718e','539a5869-27f1-d6d7-f32b-56957518718e',NULL,NULL,'2017-06-21 03:50:28','2017-06-21 03:50:28'),
(14472,'water','2018-09-03 01:26:24.000000',232,'F',NULL,'1210','37','Archer','ST','Toowong','QLD','4066',NULL,NULL,NULL,NULL,'T',NULL,NULL,'300e2259be896d251137026bf05406c3f9f736bdec8914b628a0be267bcf9840','1210 37 Archer ST',0.000,NULL,NULL,'2018-06-14',NULL,'C',NULL,NULL,'M2CREAD',0,0,0,'UNKNOWN',NULL,NULL,NULL,0,NULL,'4cd36760-cb33-1810-8c56-5abc7a75c882','1d8a5690-2d46-4d78-d9bb-5b877e68ef54',NULL,NULL,'2018-08-30 05:11:29','2018-09-03 01:26:24'),
(15029,'electricity','2018-10-23 01:39:33.000000',245,'F',NULL,'1210','37','Archer','ST','Toowong','QLD','4066',NULL,NULL,NULL,NULL,'T',NULL,NULL,'300e2259be896d251137026bf05406c3f9f736bdec8914b628a0be267bcf9840','1210 37 Archer ST',0.000,NULL,NULL,'2018-06-14',NULL,'C',NULL,NULL,'AI000001',0,0,0,'UNKNOWN',NULL,NULL,NULL,0,NULL,'4cd36760-cb33-1810-8c56-5abc7a75c882','4cd36760-cb33-1810-8c56-5abc7a75c882',NULL,NULL,'2018-09-07 06:40:31','2018-10-23 01:39:33'),
(15596,'electricity','2018-09-26 02:44:07.000000',251,'F',NULL,'12','128','Lae','DR','Runaway Bay','QLD','4216',NULL,NULL,NULL,NULL,'T',NULL,NULL,'e8203fdc73a559a50371267aa808f08c7919462e5f287f5c930b29814e8ff9e7','12 128 Lae DR',0.000,NULL,NULL,'2018-06-01',NULL,'O',NULL,NULL,'M2CREAD',0,0,0,'UNKNOWN',NULL,NULL,NULL,0,NULL,'eab53a1a-65b8-9179-9a17-5a2895c6b1a6','eab53a1a-65b8-9179-9a17-5a2895c6b1a6',NULL,NULL,'2018-09-26 02:44:07','2018-09-26 02:44:07'),
(15610,'water','2018-09-26 02:44:10.000000',252,'F',NULL,'12','128','Lae','DR','Runaway Bay','QLD','4216',NULL,NULL,NULL,NULL,'T',NULL,NULL,'e8203fdc73a559a50371267aa808f08c7919462e5f287f5c930b29814e8ff9e7','12 128 Lae DR',0.000,NULL,NULL,'2018-06-01',NULL,'O',NULL,NULL,'M2CREAD',0,0,0,'UNKNOWN',NULL,NULL,NULL,0,NULL,'eab53a1a-65b8-9179-9a17-5a2895c6b1a6','eab53a1a-65b8-9179-9a17-5a2895c6b1a6',NULL,NULL,'2018-09-26 02:44:10','2018-09-26 02:44:10'),
(17390,'electricity','2018-10-29 02:15:15.000000',268,'F',NULL,'Unit 6411','222','Margaret','ST','BRISBANE','QLD','4000',NULL,NULL,NULL,NULL,'T',NULL,NULL,'1a7f56e44ba0335c23256ad321063aef74c4c3a97a5fb5149e0c7bad61724aa1','Unit 6411 222 Margaret ST',0.000,NULL,NULL,'2018-08-01',NULL,'O',NULL,NULL,'AI000001',0,0,0,'UNKNOWN',NULL,NULL,NULL,0,NULL,'f2a0ae41-c61b-974e-f36c-5949bb446189','f2a0ae41-c61b-974e-f36c-5949bb446189',NULL,NULL,'2018-10-29 01:52:09','2018-10-29 02:15:15'),
(38097,'water','2019-07-24 23:23:16.000000',499,'F',NULL,'Unit 6411','222','Margaret','ST','BRISBANE','QLD','4000',NULL,NULL,NULL,NULL,'T',NULL,NULL,'1a7f56e44ba0335c23256ad321063aef74c4c3a97a5fb5149e0c7bad61724aa1','Unit 6411 222 Margaret ST',0.000,NULL,NULL,'2019-06-02',NULL,'O',NULL,NULL,'AI000001',0,0,0,'UNKNOWN',NULL,NULL,NULL,0,NULL,'1d8a5690-2d46-4d78-d9bb-5b877e68ef54','1d8a5690-2d46-4d78-d9bb-5b877e68ef54',NULL,NULL,'2019-07-24 23:23:16','2019-07-24 23:23:16'),
(39379,'electricity','2019-07-30 03:31:07.000000',86,'F',NULL,'Unit 118','9','Palm','ST','Maleny','QLD','4552',NULL,NULL,NULL,NULL,'T',NULL,NULL,'013ea338689f61da9a1a53c2fff8f5c9ab48a09febf67c6a2b499e8cabe27d7f','Unit 118 9 Palm ST',0.000,NULL,NULL,'2019-05-31',NULL,'O',NULL,NULL,'M2CREAD',0,0,0,'UNKNOWN',NULL,NULL,NULL,0,NULL,'1d8a5690-2d46-4d78-d9bb-5b877e68ef54','1d8a5690-2d46-4d78-d9bb-5b877e68ef54',NULL,NULL,'2019-07-30 03:31:07','2019-07-30 03:31:07');

/*Data for the table `bbeng_service_points_meters` */

insert  into `bbeng_service_points_meters`(`id`,`type`,`version`,`service_point_id`,`meter_id`,`description`,`within_network`,`parent_id`,`market_identifier`,`stream_number`,`on_market`,`consumption_ratio`,`formula_variable`,`recording_export`,`recording_import`,`open_date`,`close_date`,`cancelled`,`readings_type`,`snp_supply_state`,`snp_supply_state_from`,`name`,`deleted`,`assigned_user_id`,`created_by`,`modified_user_id`,`team_id`,`team_set_id`,`date_entered`,`date_modified`) values 
(6011,'electricity','2020-09-05 16:01:37.000000',2827,4541,NULL,'T',NULL,NULL,NULL,'F',1.00000000,NULL,'T','F','2017-03-09','2020-06-01','F','INDEXED_ONLY','UNKNOWN',NULL,NULL,0,NULL,'539a5869-27f1-d6d7-f32b-56957518718e','539a5869-27f1-d6d7-f32b-56957518718e',NULL,NULL,'2017-06-21 03:50:05','2017-06-21 03:50:05'),
(6083,'electricity','2020-09-07 16:01:43.000000',2899,4613,NULL,'T',NULL,NULL,NULL,'F',1.00000000,NULL,'T','F','2017-03-09',NULL,'F','INDEXED_ONLY','UNKNOWN',NULL,NULL,0,NULL,'539a5869-27f1-d6d7-f32b-56957518718e','539a5869-27f1-d6d7-f32b-56957518718e',NULL,NULL,'2017-06-21 03:50:28','2017-06-21 03:50:28'),
(6085,'water','2020-09-07 16:01:41.000000',2902,4615,NULL,'T',NULL,NULL,NULL,'F',1.00000000,NULL,'T','F','2017-03-09',NULL,'F','INDEXED_ONLY','UNKNOWN',NULL,NULL,0,NULL,'539a5869-27f1-d6d7-f32b-56957518718e','539a5869-27f1-d6d7-f32b-56957518718e',NULL,NULL,'2017-06-21 03:50:28','2017-06-21 03:50:28'),
(22508,'water','2021-01-31 16:08:54.088000',14472,19195,NULL,'F',NULL,NULL,NULL,'F',1.00000000,NULL,'T','F','2018-06-14',NULL,'F','INTERVAL_THEN_INDEXED','UNKNOWN',NULL,NULL,0,NULL,'1d8a5690-2d46-4d78-d9bb-5b877e68ef54','1d8a5690-2d46-4d78-d9bb-5b877e68ef54',NULL,NULL,'2018-09-03 01:26:24','2018-09-03 01:26:24'),
(23992,'electricity','2019-01-04 01:05:30.000000',15029,19681,NULL,'F',NULL,NULL,NULL,'F',1.00000000,NULL,'T','F','2018-06-14','2018-10-08','F','INTERVAL_THEN_INDEXED','UNKNOWN',NULL,NULL,0,NULL,'4cd36760-cb33-1810-8c56-5abc7a75c882','4cd36760-cb33-1810-8c56-5abc7a75c882',NULL,NULL,'2018-09-10 02:48:30','2018-10-23 01:39:33'),
(24638,'electricity','2020-08-27 16:02:45.000000',15596,20299,NULL,'T',NULL,NULL,NULL,'F',1.00000000,NULL,'T','F','2018-06-01',NULL,'F','INTERVAL_THEN_INDEXED','UNKNOWN',NULL,NULL,0,NULL,'eab53a1a-65b8-9179-9a17-5a2895c6b1a6','eab53a1a-65b8-9179-9a17-5a2895c6b1a6',NULL,NULL,'2018-09-26 02:44:07','2018-09-26 02:44:07'),
(24639,'electricity','2020-08-27 16:02:45.000000',15596,20300,NULL,'T',NULL,NULL,NULL,'F',1.00000000,NULL,'T','F','2018-06-01',NULL,'F','INTERVAL_THEN_INDEXED','UNKNOWN',NULL,NULL,0,NULL,'eab53a1a-65b8-9179-9a17-5a2895c6b1a6','eab53a1a-65b8-9179-9a17-5a2895c6b1a6',NULL,NULL,'2018-09-26 02:44:07','2018-09-26 02:44:07'),
(24640,'electricity','2020-08-27 16:02:45.000000',15596,20301,NULL,'T',NULL,NULL,NULL,'F',1.00000000,NULL,'T','F','2018-06-01',NULL,'F','INTERVAL_THEN_INDEXED','UNKNOWN',NULL,NULL,0,NULL,'eab53a1a-65b8-9179-9a17-5a2895c6b1a6','eab53a1a-65b8-9179-9a17-5a2895c6b1a6',NULL,NULL,'2018-09-26 02:44:07','2018-09-26 02:44:07'),
(24657,'water','2020-07-19 23:57:44.000000',15610,20319,NULL,'T',NULL,NULL,NULL,'F',1.00000000,NULL,'T','F','2018-06-01',NULL,'F','INTERVAL_THEN_INDEXED','UNKNOWN',NULL,NULL,0,NULL,'eab53a1a-65b8-9179-9a17-5a2895c6b1a6','eab53a1a-65b8-9179-9a17-5a2895c6b1a6',NULL,NULL,'2018-09-26 02:44:10','2018-09-26 02:44:10'),
(27180,'electricity','2021-01-31 16:08:54.088000',15029,22129,NULL,'F',NULL,NULL,NULL,'F',1.00000000,NULL,'T','F','2018-10-09',NULL,'F','INDEXED_THEN_INTERVAL','UNKNOWN',NULL,NULL,0,NULL,'4cd36760-cb33-1810-8c56-5abc7a75c882','4cd36760-cb33-1810-8c56-5abc7a75c882',NULL,NULL,'2018-10-23 01:39:25','2018-10-23 01:39:25'),
(29000,'electricity','2020-08-31 16:08:52.000000',17390,24133,NULL,'T',NULL,NULL,NULL,'F',1.00000000,NULL,'T','F','2018-08-01',NULL,'F','INTERVAL_THEN_INDEXED','UNKNOWN',NULL,NULL,0,NULL,'f2a0ae41-c61b-974e-f36c-5949bb446189','f2a0ae41-c61b-974e-f36c-5949bb446189',NULL,NULL,'2018-10-29 02:15:15','2018-10-29 02:15:15'),
(42760,'electricity','2019-06-30 16:18:25.000000',17390,35657,NULL,'T',NULL,NULL,NULL,'F',1.00000000,NULL,'T','F','2018-08-01','2019-06-01','F','INTERVAL_THEN_INDEXED','UNKNOWN',NULL,NULL,0,NULL,NULL,NULL,NULL,NULL,NULL,NULL),
(60737,'water','2020-08-31 16:08:52.000000',38097,51440,NULL,'T',NULL,NULL,NULL,'F',1.00000000,NULL,'T','F','2019-06-02',NULL,'F','INTERVAL_THEN_INDEXED','UNKNOWN',NULL,NULL,0,NULL,'1d8a5690-2d46-4d78-d9bb-5b877e68ef54','1d8a5690-2d46-4d78-d9bb-5b877e68ef54',NULL,NULL,'2019-07-24 23:23:16','2019-07-24 23:23:16'),
(62141,'electricity','2020-08-27 16:04:28.000000',39379,52844,NULL,'T',NULL,NULL,NULL,'F',1.00000000,NULL,'T','F','2019-05-31',NULL,'F','INTERVAL_THEN_INDEXED','UNKNOWN',NULL,NULL,0,NULL,'1d8a5690-2d46-4d78-d9bb-5b877e68ef54','1d8a5690-2d46-4d78-d9bb-5b877e68ef54',NULL,NULL,'2019-07-30 03:31:07','2019-07-30 03:31:07'),
(112961,'electricity','2020-09-07 16:01:41.000000',2827,93214,NULL,'T',NULL,NULL,NULL,'F',1.00000000,NULL,'T','F','2020-06-02',NULL,'F','INDEXED_ONLY','UNKNOWN',NULL,NULL,0,NULL,NULL,NULL,NULL,NULL,NULL,NULL);

/*Data for the table `bbeng_site_details` */

insert  into `bbeng_site_details`(`id`,`type`,`version`,`site_number`,`site_name`,`client_identifier`,`state`,`network_type`,`network_category`,`first_bill_date`,`cutover_date`,`agency_legal_name`,`agency_trading_name`,`agency_legal_id`,`last_invoice_number`,`last_account_number`,`snp_complex`,`snp_common_address`,`snp_common_suburb`,`snp_service_type`,`snp_open_date`,`snp_close_date`,`snp_gate_meters`,`snp_service_points`,`snp_on_market`,`snp_accounts`,`snp_life_support`,`name`,`description`,`deleted`,`assigned_user_id`,`created_by`,`modified_user_id`,`team_id`,`team_set_id`,`date_entered`,`date_modified`) values 
(91,'utility','2018-03-20 02:24:50.000000','30054','Evolve Apartments CTS 49806','M2C','QLD','EMBEDDED','RESI','2017-03-08','2017-03-01','Evolve Apartments CTS 49806',NULL,'25561233137',1161,162,'Evolve Apartments CTS 49806 (30054)','39-41 Thomas ST','Chermside','electricity,gas,water','2017-03-01',NULL,3,149,0,74,1,NULL,NULL,0,NULL,'539a5869-27f1-d6d7-f32b-56957518718e','539a5869-27f1-d6d7-f32b-56957518718e',NULL,NULL,'2017-06-21 01:21:47','2017-06-30 00:23:07'),
(211,'utility','2018-09-19 00:42:54.000000','30154','Centra Toowong CTS 49512','M2C','QLD','EMBEDDED','RESI','2018-05-01','2018-05-01','Body Corp Centra Toowong CTS 49512',NULL,'98594181031',1990,409,'Centra Toowong CTS 49512 (30154)','37 Archer ST','Toowong','electricity,water','2018-05-01',NULL,3,488,0,166,0,NULL,NULL,0,NULL,'4cd36760-cb33-1810-8c56-5abc7a75c882','4cd36760-cb33-1810-8c56-5abc7a75c882',NULL,NULL,'2018-08-29 01:59:38','2018-09-19 00:42:54'),
(217,'utility','2018-09-20 09:20:50.000000','30160','Oxley Circle CTS 3858','M2C','QLD','EMBEDDED','RET','2018-06-28','2018-08-01','OXLEY CIRCLE CTS 3858',NULL,'53 788 975 649',377,22,'Oxley Circle CTS 3858 (30160)','128 Lae DR','Runaway Bay','electricity,water','2018-06-01',NULL,2,29,0,13,0,NULL,NULL,0,NULL,'eab53a1a-65b8-9179-9a17-5a2895c6b1a6','eab53a1a-65b8-9179-9a17-5a2895c6b1a6',NULL,NULL,'2018-09-20 09:20:50','2018-09-20 09:20:50'),
(228,'utility','2019-02-18 05:33:40.000000','30165','Brisbane Skytower SkyCity','FS-ER','QLD','EMBEDDED','RESI','2018-08-01','2018-08-01',NULL,NULL,NULL,8169,692,'Brisbane Skytower SkyCity (30165)','222 Margaret ST','BRISBANE','electricity,water','2015-01-01',NULL,2,691,0,345,0,NULL,NULL,0,NULL,'f2a0ae41-c61b-974e-f36c-5949bb446189','7eaaf9ef-84f6-631d-32b9-5a289530543e',NULL,NULL,'2018-10-05 21:42:24','2019-02-18 05:33:40'),
(447,'utility','2019-09-26 06:28:32.000000','30332','Maleny Grove','M2C','QLD','EMBEDDED','RETVIL','2019-05-28','2019-06-01','MALENY GROVE PTY LTD','Live Life Villages Maleny Grove','43109829996',340,55,'Maleny Grove (30332)','9 Palm ST','Maleny','electricity','2016-11-30',NULL,1,50,0,45,0,NULL,NULL,0,NULL,'1d8a5690-2d46-4d78-d9bb-5b877e68ef54','c7a06ec4-a1aa-b106-53f5-593de0edbbc3',NULL,NULL,'2019-07-24 12:16:38','2019-09-26 06:28:32');

/*Data for the table `bbeng_site_profiles` */

insert  into `bbeng_site_profiles`(`id`,`type`,`version`,`site_id`,`billing_frequency`,`payment_period`,`payment_period_method`,`fault_name`,`fault_contact_hours`,`fault_contact_phone`,`fault_email`,`fault_fax`,`fault_website`,`default_data_provider`,`network_area`,`service_model`,`snp_gate_meters`,`snp_service_points`,`snp_on_market`,`snp_life_support`,`snp_open_date`,`snp_close_date`,`name`,`description`,`deleted`,`assigned_user_id`,`created_by`,`modified_user_id`,`team_id`,`team_set_id`,`date_entered`,`date_modified`) values 
(86,'electricity','2017-01-24 05:27:11.000000',447,'QUARTERLY',13,'BUSINESS','Energex','24 hours','13 19 62',NULL,NULL,NULL,'M2CREAD','ENRGX',NULL,1,50,0,0,'2016-11-30',NULL,NULL,NULL,0,NULL,'ae896e71-15b6-1175-a4d0-57fc322b11e5','ae896e71-15b6-1175-a4d0-57fc322b11e5',NULL,NULL,'2017-01-24 05:06:16','2017-01-24 05:27:11'),
(113,'electricity','2017-06-21 01:23:11.000000',91,'QUARTERLY',13,'BUSINESS','ENERGEX','24 Hrs','13 19 62',NULL,NULL,NULL,'M2CREAD','ENRGX',NULL,1,77,0,1,'2017-03-01',NULL,NULL,NULL,0,NULL,'539a5869-27f1-d6d7-f32b-56957518718e','539a5869-27f1-d6d7-f32b-56957518718e',NULL,NULL,'2017-06-21 01:23:11','2017-06-21 01:23:11'),
(115,'water','2017-06-21 03:47:22.000000',91,'QUARTERLY',13,'BUSINESS','Queensland Urban Utilities','24hrs','13 23 64',NULL,NULL,NULL,'M2CREAD','SEQW',NULL,1,72,0,0,'2017-03-01',NULL,NULL,NULL,0,NULL,'539a5869-27f1-d6d7-f32b-56957518718e','539a5869-27f1-d6d7-f32b-56957518718e',NULL,NULL,'2017-06-21 03:47:22','2017-06-21 03:47:22'),
(232,'water','2021-02-02 21:47:33.523000',211,'QUARTERLY',13,'BUSINESS','Urban Utilties','24hrs','13 23 64',NULL,NULL,NULL,'M2CREAD','SEQW',NULL,2,318,0,0,'2018-05-01',NULL,NULL,NULL,0,NULL,'4cd36760-cb33-1810-8c56-5abc7a75c882','4cd36760-cb33-1810-8c56-5abc7a75c882',NULL,NULL,'2018-08-29 02:38:41','2021-02-02 21:47:33'),
(245,'electricity','2021-02-02 21:47:39.427000',211,'QUARTERLY',13,'BUSINESS','Energex','24hrs','13 19 62',NULL,NULL,NULL,'AI000001','ENRGX',NULL,1,170,0,0,'2018-05-01',NULL,NULL,NULL,0,NULL,'4cd36760-cb33-1810-8c56-5abc7a75c882','4cd36760-cb33-1810-8c56-5abc7a75c882',NULL,NULL,'2018-09-07 06:05:55','2021-02-02 21:47:39'),
(251,'electricity','2018-09-20 09:23:43.000000',217,'MONTHLY',13,'BUSINESS','Energex','24hrs','13 19 62',NULL,NULL,NULL,'M2CREAD','ENRGX',NULL,1,15,0,0,'2018-06-01',NULL,NULL,NULL,0,NULL,'eab53a1a-65b8-9179-9a17-5a2895c6b1a6','eab53a1a-65b8-9179-9a17-5a2895c6b1a6',NULL,NULL,'2018-09-20 09:23:43','2018-09-20 09:23:43'),
(252,'water','2018-10-15 00:25:36.000000',217,'QUARTERLY',13,'BUSINESS','Gold Coast City Council','24hrs','1300 000 928',NULL,NULL,NULL,'M2CREAD','SEQW',NULL,1,14,0,0,'2018-06-01',NULL,NULL,NULL,0,NULL,'eab53a1a-65b8-9179-9a17-5a2895c6b1a6','eab53a1a-65b8-9179-9a17-5a2895c6b1a6',NULL,NULL,'2018-09-20 09:25:47','2018-10-15 00:25:36'),
(268,'electricity','2020-03-04 23:51:59.000000',228,'MONTHLY',14,'BUSINESS','Faults and Emergencies','Energex 24 Hours','131962',NULL,NULL,NULL,'AI000001','ENRGX',NULL,1,346,0,0,'2015-01-01',NULL,NULL,NULL,0,NULL,'f2a0ae41-c61b-974e-f36c-5949bb446189','f2a0ae41-c61b-974e-f36c-5949bb446189',NULL,NULL,'2018-10-05 22:15:58','2020-03-04 23:51:59'),
(499,'water','2019-07-24 07:26:35.000000',228,'MONTHLY',14,'BUSINESS','DO NOT SHOW','DO NOT SHOW','DO NOT SHOW',NULL,NULL,NULL,'AI000001','SEQW',NULL,1,345,0,0,'2019-06-01',NULL,NULL,NULL,0,NULL,'1d8a5690-2d46-4d78-d9bb-5b877e68ef54','1d8a5690-2d46-4d78-d9bb-5b877e68ef54',NULL,NULL,'2019-07-24 07:26:35','2019-07-24 07:26:35');

/*Data for the table `bbeng_template_properties` */

insert  into `bbeng_template_properties`(`id`,`version`,`site_id`,`format`,`name`,`description`,`deleted`,`assigned_user_id`,`created_by`,`modified_user_id`,`team_id`,`team_set_id`,`date_entered`,`date_modified`) values 
(154,'2019-04-04 05:04:56.000000',228,'engine',NULL,NULL,0,NULL,NULL,NULL,NULL,NULL,NULL,NULL),
(198,'2017-05-17 04:02:20.000000',91,'engine',NULL,NULL,0,NULL,NULL,NULL,NULL,NULL,NULL,NULL),
(228,'2019-08-06 08:09:16.000000',447,'engine',NULL,NULL,0,NULL,NULL,NULL,NULL,NULL,NULL,NULL);

/*Data for the table `bbeng_template_property_attributes` */

insert  into `bbeng_template_property_attributes`(`property_id`,`type`,`name`,`value`) values 
(154,'string','SERVICE_TYPE_WATER','Thermal'),
(198,'string','COMMON_BILL_ENM_NAME','Special Solutions Pty Ltd'),
(198,'string','COMMON_BILL_ENM_PHONE','(07) 3350 8800'),
(198,'string','SERVICE_TYPE_ELECTRICITY','Air Conditioning'),
(198,'string','SERVICE_TYPE_WATER','Hot Water'),
(228,'string','COMMON_BILL_ENM_NAME','Special Solutions Pty Ltd'),
(228,'string','COMMON_BILL_ENM_PHONE','(07) 3350 8800');

/*Data for the table `contacts` */

insert  into `contacts`(`id`,`date_entered`,`date_modified`,`modified_user_id`,`created_by`,`description`,`deleted`,`assigned_user_id`,`team_id`,`team_set_id`,`salutation`,`first_name`,`snp_first_name`,`last_name`,`snp_last_name`,`title`,`facebook`,`twitter`,`googleplus`,`department`,`do_not_call`,`phone_home`,`phone_mobile`,`snp_phone_mobile`,`phone_work`,`snp_phone_work`,`phone_other`,`phone_fax`,`primary_address_street`,`primary_address_city`,`primary_address_state`,`primary_address_postalcode`,`primary_address_country`,`alt_address_street`,`alt_address_city`,`alt_address_state`,`alt_address_postalcode`,`alt_address_country`,`assistant`,`assistant_phone`,`picture`,`lead_source`,`dnb_principal_id`,`reports_to_id`,`birthdate`,`campaign_id`,`mkto_sync`,`mkto_id`,`mkto_lead_score`,`phone_after_hours_valid`,`phone_mobile_valid`,`primary_contact_number`,`phone_work_valid`,`middle_initial`,`phone_after_hours`,`snp_phone_after_hours`,`primary_account_id`,`portal_access`,`phone_mobile_opt_out`,`phone_after_hours_opt_out`,`phone_work_opt_out`,`secret_code`,`portal_last_login`,`portal_jwt_expiry`,`portal_pwd_hash`,`portal_reset_token`,`portal_reset_attempts`,`portal_login_attempts`,`is_locked`,`assistance_last_login`,`assistance_jwt_expiry`,`assistance_user_id`) values 
('aa719ae2-3d91-d160-19f7-55ee4adde92a','2015-09-08 02:38:53','2021-03-23 08:29:56','52fb44da-36d7-1130-4e44-5508b4176df7','1',NULL,0,'52fb44da-36d7-1130-4e44-5508b4176df7','1','1',NULL,'Jossy','Jossy','Home','Home',NULL,NULL,NULL,NULL,NULL,0,NULL,'0417398072','61417398072',NULL,'',NULL,NULL,NULL,NULL,NULL,NULL,NULL,NULL,NULL,NULL,NULL,NULL,NULL,NULL,NULL,NULL,NULL,NULL,NULL,'',0,NULL,NULL,1,1,'phone_mobile',1,NULL,NULL,'','4b9fdfdb-33b0-a586-c0b0-5d4034956579','ACTIVE',0,0,0,NULL,NULL,NULL,'1619de44d8680111a14b2864a1da38d46796dccfedd7e24d047229bfbbc9dd00',NULL,0,0,'F',NULL,NULL,NULL);

/*Data for the table `email_addr_bean_rel` */

insert  into `email_addr_bean_rel`(`id`,`email_address_id`,`bean_id`,`bean_module`,`primary_address`,`reply_to_address`,`date_created`,`date_modified`,`deleted`) values 
('2c81c417-39a8-31eb-5c34-5fc498851a75','c902277c-121a-8b76-d51e-5f8e942792b1','aa719ae2-3d91-d160-19f7-55ee4adde92a','Contacts',1,0,'2020-11-30 07:01:13','2020-11-30 07:01:13',0),
('a120d6e5-6949-7494-f60c-5fc0557e42d1','a15f51d1-6f57-d43a-0158-5fc055b40433','aa719ae2-3d91-d160-19f7-55ee4adde92a','Contacts',1,0,'2020-11-27 01:26:43','2020-11-27 01:26:43',1),
('c8c25912-b85a-2e57-8124-5f8e94bc8060','c902277c-121a-8b76-d51e-5f8e942792b1','aa719ae2-3d91-d160-19f7-55ee4adde92a','Contacts',1,0,'2020-10-20 07:40:40','2020-10-20 07:40:40',1);

/*Data for the table `email_addresses` */

insert  into `email_addresses`(`id`,`email_address`,`email_address_caps`,`invalid_email`,`opt_out`,`date_created`,`date_modified`,`deleted`) values 
('c902277c-121a-8b76-d51e-5f8e942792b1','hi@hello.com.au','HI@HELLO.COM.AU',0,0,'2020-10-20 07:40:40','2020-10-20 07:40:40',0);

/*Data for the table `users` */

INSERT INTO `users` (`id`, `user_name`, `user_hash`, `system_generated_password`, `pwd_last_changed`, `authenticate_id`, `sugar_login`, `picture`, `first_name`, `last_name`, `is_admin`, `external_auth_only`, `receive_notifications`, `description`, `date_entered`, `date_modified`, `last_login`, `modified_user_id`, `created_by`, `title`, `department`, `phone_home`, `phone_mobile`, `phone_work`, `phone_other`, `phone_fax`, `status`, `address_street`, `address_city`, `address_state`, `address_country`, `address_postalcode`, `default_team`, `team_set_id`, `deleted`, `portal_only`, `show_on_employees`, `employee_status`, `messenger_id`, `messenger_type`, `reports_to_id`, `is_group`, `preferred_language`) VALUES ('1', 'sysadmin', 'aa2febb9226e9188f6c4a26e9b03e3bd', '0', '2015-09-28 05:09:00', NULL, '1', NULL, NULL, 'Administrator', '1', '0', '1', NULL, '2015-03-10 06:57:14', '2019-03-14 05:48:38', '2019-03-14 05:35:00', '1bbcf81e-eae2-77f1-471b-54fe9e97fab7', '', 'Administrator', NULL, '+61417398072', '+61417398072', '+61417398072', '+61417398072', '+61417398072', 'Active', 'Blossom St', 'Mitcham', 'Victoria', 'Australia', '3132', '1', '1', '0', '0', '1', 'Active', NULL, NULL, NULL, '0', NULL);
INSERT INTO `users` (`id`, `user_name`, `user_hash`, `system_generated_password`, `pwd_last_changed`, `authenticate_id`, `sugar_login`, `picture`, `first_name`, `last_name`, `is_admin`, `external_auth_only`, `receive_notifications`, `description`, `date_entered`, `date_modified`, `last_login`, `modified_user_id`, `created_by`, `title`, `department`, `phone_home`, `phone_mobile`, `phone_work`, `phone_other`, `phone_fax`, `status`, `address_street`, `address_city`, `address_state`, `address_country`, `address_postalcode`, `default_team`, `team_set_id`, `deleted`, `portal_only`, `show_on_employees`, `employee_status`, `messenger_id`, `messenger_type`, `reports_to_id`, `is_group`, `preferred_language`) VALUES ('19d537c6-c2db-fd96-4ce2-54fe95a0bae8', 'SNIPuser', 'aa2febb9226e9188f6c4a26e9b03e3bd', '0', NULL, 'f1afef32f70f', '1', NULL, NULL, 'Email Archiving user', '0', '1', '0', 'Email Archiving user', '2015-03-10 06:57:14', '2015-03-10 06:57:14', NULL, '1', '1', 'Email Archiving user', NULL, NULL, NULL, NULL, NULL, NULL, 'Reserved', NULL, NULL, NULL, NULL, NULL, '1', '1', '0', '0', '1', NULL, NULL, NULL, NULL, NULL, NULL);
INSERT INTO `users` (`id`, `user_name`, `user_hash`, `system_generated_password`, `pwd_last_changed`, `authenticate_id`, `sugar_login`, `picture`, `first_name`, `last_name`, `is_admin`, `external_auth_only`, `receive_notifications`, `description`, `date_entered`, `date_modified`, `last_login`, `modified_user_id`, `created_by`, `title`, `department`, `phone_home`, `phone_mobile`, `phone_work`, `phone_other`, `phone_fax`, `status`, `address_street`, `address_city`, `address_state`, `address_country`, `address_postalcode`, `default_team`, `team_set_id`, `deleted`, `portal_only`, `show_on_employees`, `employee_status`, `messenger_id`, `messenger_type`, `reports_to_id`, `is_group`, `preferred_language`) VALUES ('1bbcf81e-eae2-77f1-471b-54fe9e97fab7', 'meera', 'aa2febb9226e9188f6c4a26e9b03e3bd', '0', '2015-03-10 07:35:00', NULL, '1', NULL, 'Meera', 'Hans', '1', '0', '1', NULL, '2015-03-10 07:35:51', '2019-03-14 05:49:52', '2019-03-14 05:37:00', '1bbcf81e-eae2-77f1-471b-54fe9e97fab7', '1', NULL, NULL, NULL, NULL, NULL, NULL, NULL, 'Active', NULL, NULL, NULL, NULL, NULL, '1', '1', '0', '0', '1', 'Active', NULL, NULL, NULL, '0', NULL);
INSERT INTO `users` (`id`, `user_name`, `user_hash`, `system_generated_password`, `pwd_last_changed`, `authenticate_id`, `sugar_login`, `picture`, `first_name`, `last_name`, `is_admin`, `external_auth_only`, `receive_notifications`, `description`, `date_entered`, `date_modified`, `last_login`, `modified_user_id`, `created_by`, `title`, `department`, `phone_home`, `phone_mobile`, `phone_work`, `phone_other`, `phone_fax`, `status`, `address_street`, `address_city`, `address_state`, `address_country`, `address_postalcode`, `default_team`, `team_set_id`, `deleted`, `portal_only`, `show_on_employees`, `employee_status`, `messenger_id`, `messenger_type`, `reports_to_id`, `is_group`, `preferred_language`) VALUES ('25b2d28e-80a4-5e57-9a7d-5642c1ea2b68', 'support', 'aa2febb9226e9188f6c4a26e9b03e3bd', '1', '2015-11-11 04:16:00', NULL, '1', NULL, 'Support', 'Energy Intelligence', '0', '0', '1', NULL, '2015-11-11 04:16:06', '2015-11-11 04:20:05', NULL, '1', '1', NULL, NULL, NULL, NULL, NULL, NULL, NULL, 'Active', NULL, NULL, NULL, NULL, NULL, '1', '1', '1', '0', '1', 'Terminated', NULL, NULL, NULL, '0', NULL);
INSERT INTO `users` (`id`, `user_name`, `user_hash`, `system_generated_password`, `pwd_last_changed`, `authenticate_id`, `sugar_login`, `picture`, `first_name`, `last_name`, `is_admin`, `external_auth_only`, `receive_notifications`, `description`, `date_entered`, `date_modified`, `last_login`, `modified_user_id`, `created_by`, `title`, `department`, `phone_home`, `phone_mobile`, `phone_work`, `phone_other`, `phone_fax`, `status`, `address_street`, `address_city`, `address_state`, `address_country`, `address_postalcode`, `default_team`, `team_set_id`, `deleted`, `portal_only`, `show_on_employees`, `employee_status`, `messenger_id`, `messenger_type`, `reports_to_id`, `is_group`, `preferred_language`) VALUES ('28e00331-5e20-77ca-d748-5508b7a05aad', 'billing', 'aa2febb9226e9188f6c4a26e9b03e3bd', '0', '2015-05-14 01:57:00', NULL, '1', NULL, 'Billing', 'EnergyIntel', '0', '0', '1', NULL, '2015-03-17 23:25:19', '2015-11-11 04:42:38', '2015-12-20 22:56:29', '28e00331-5e20-77ca-d748-5508b7a05aad', '1', NULL, NULL, NULL, NULL, NULL, NULL, NULL, 'Active', NULL, NULL, NULL, NULL, NULL, '1', '1', '0', '0', '1', 'Active', NULL, NULL, NULL, '0', NULL);
INSERT INTO `users` (`id`, `user_name`, `user_hash`, `system_generated_password`, `pwd_last_changed`, `authenticate_id`, `sugar_login`, `picture`, `first_name`, `last_name`, `is_admin`, `external_auth_only`, `receive_notifications`, `description`, `date_entered`, `date_modified`, `last_login`, `modified_user_id`, `created_by`, `title`, `department`, `phone_home`, `phone_mobile`, `phone_work`, `phone_other`, `phone_fax`, `status`, `address_street`, `address_city`, `address_state`, `address_country`, `address_postalcode`, `default_team`, `team_set_id`, `deleted`, `portal_only`, `show_on_employees`, `employee_status`, `messenger_id`, `messenger_type`, `reports_to_id`, `is_group`, `preferred_language`) VALUES ('52fb44da-36d7-1130-4e44-5508b4176df7', 'accounts', 'aa2febb9226e9188f6c4a26e9b03e3bd', '0', '2015-03-17 23:24:00', NULL, '1', NULL, 'Accounts', 'EnergyIntel', '1', '0', '1', NULL, '2015-03-17 23:09:42', '2015-06-12 02:23:59', '2015-12-14 05:09:12', '1', '1', NULL, NULL, NULL, NULL, NULL, NULL, NULL, 'Active', NULL, NULL, NULL, NULL, NULL, '1', '1', '0', '0', '1', 'Active', NULL, NULL, NULL, '0', NULL);
INSERT INTO `users` (`id`, `user_name`, `user_hash`, `system_generated_password`, `pwd_last_changed`, `authenticate_id`, `sugar_login`, `picture`, `first_name`, `last_name`, `is_admin`, `external_auth_only`, `receive_notifications`, `description`, `date_entered`, `date_modified`, `last_login`, `modified_user_id`, `created_by`, `title`, `department`, `phone_home`, `phone_mobile`, `phone_work`, `phone_other`, `phone_fax`, `status`, `address_street`, `address_city`, `address_state`, `address_country`, `address_postalcode`, `default_team`, `team_set_id`, `deleted`, `portal_only`, `show_on_employees`, `employee_status`, `messenger_id`, `messenger_type`, `reports_to_id`, `is_group`, `preferred_language`) VALUES ('9a48e52f-b35d-e19e-2063-564cd065517d', 'edwin', 'aa2febb9226e9188f6c4a26e9b03e3bd', '0', '2015-12-06 21:44:00', NULL, '1', NULL, 'Edwin', 'Chan', '0', '0', '1', NULL, '2015-11-18 19:26:48', '2015-11-18 22:12:13', '2015-12-10 05:11:18', '9a48e52f-b35d-e19e-2063-564cd065517d', '1', NULL, NULL, NULL, NULL, NULL, NULL, NULL, 'Active', NULL, NULL, NULL, NULL, NULL, '1', '1', '0', '0', '1', 'Active', NULL, NULL, NULL, '0', NULL);
INSERT INTO `users` (`id`, `user_name`, `user_hash`, `system_generated_password`, `pwd_last_changed`, `authenticate_id`, `sugar_login`, `picture`, `first_name`, `last_name`, `is_admin`, `external_auth_only`, `receive_notifications`, `description`, `date_entered`, `date_modified`, `last_login`, `modified_user_id`, `created_by`, `title`, `department`, `phone_home`, `phone_mobile`, `phone_work`, `phone_other`, `phone_fax`, `status`, `address_street`, `address_city`, `address_state`, `address_country`, `address_postalcode`, `default_team`, `team_set_id`, `deleted`, `portal_only`, `show_on_employees`, `employee_status`, `messenger_id`, `messenger_type`, `reports_to_id`, `is_group`, `preferred_language`) VALUES ('9a4d3754-caaf-a78c-48a0-55f7334f6922', 'jean.vuong', 'aa2febb9226e9188f6c4a26e9b03e3bd', '0', '2015-09-22 23:22:00', NULL, '1', NULL, 'Jean', 'Vuong', '0', '0', '1', NULL, '2015-09-14 20:53:22', '2015-11-11 23:27:45', '2015-12-20 21:43:14', '9a4d3754-caaf-a78c-48a0-55f7334f6922', '1', NULL, NULL, NULL, NULL, NULL, NULL, NULL, 'Active', NULL, NULL, NULL, NULL, NULL, '1', '1', '0', '0', '1', 'Active', NULL, NULL, NULL, '0', NULL);
INSERT INTO `users` (`id`, `user_name`, `user_hash`, `system_generated_password`, `pwd_last_changed`, `authenticate_id`, `sugar_login`, `picture`, `first_name`, `last_name`, `is_admin`, `external_auth_only`, `receive_notifications`, `description`, `date_entered`, `date_modified`, `last_login`, `modified_user_id`, `created_by`, `title`, `department`, `phone_home`, `phone_mobile`, `phone_work`, `phone_other`, `phone_fax`, `status`, `address_street`, `address_city`, `address_state`, `address_country`, `address_postalcode`, `default_team`, `team_set_id`, `deleted`, `portal_only`, `show_on_employees`, `employee_status`, `messenger_id`, `messenger_type`, `reports_to_id`, `is_group`, `preferred_language`) VALUES ('a3d79684-217c-176f-b8f0-55ff1118da6a', 'melanie.james', 'aa2febb9226e9188f6c4a26e9b03e3bd', '0', '2015-11-06 05:29:42', NULL, '1', NULL, 'Melanie', 'James', '0', '0', '1', NULL, '2015-09-20 20:05:30', '2015-09-20 20:18:47', '2015-10-30 04:50:43', '1', '1', NULL, NULL, NULL, NULL, NULL, NULL, NULL, 'Active', NULL, NULL, NULL, NULL, NULL, '1', '1', '0', '0', '1', 'Active', NULL, NULL, NULL, '0', NULL);
INSERT INTO `users` (`id`, `user_name`, `user_hash`, `system_generated_password`, `pwd_last_changed`, `authenticate_id`, `sugar_login`, `picture`, `first_name`, `last_name`, `is_admin`, `external_auth_only`, `receive_notifications`, `description`, `date_entered`, `date_modified`, `last_login`, `modified_user_id`, `created_by`, `title`, `department`, `phone_home`, `phone_mobile`, `phone_work`, `phone_other`, `phone_fax`, `status`, `address_street`, `address_city`, `address_state`, `address_country`, `address_postalcode`, `default_team`, `team_set_id`, `deleted`, `portal_only`, `show_on_employees`, `employee_status`, `messenger_id`, `messenger_type`, `reports_to_id`, `is_group`, `preferred_language`) VALUES ('e062c6fe-14f6-208c-3f16-5598d76c90ef', 'mohsin', 'aa2febb9226e9188f6c4a26e9b03e3bd', '0', '2015-10-27 03:51:29', NULL, '1', NULL, 'Mohsin', 'Ali', '0', '0', '1', NULL, '2015-07-05 07:06:37', '2015-08-28 01:14:08', '2015-12-02 05:23:08', '1', '1', NULL, NULL, NULL, NULL, NULL, NULL, NULL, 'Active', NULL, NULL, NULL, NULL, NULL, '1', '1', '0', '0', '1', 'Active', NULL, NULL, NULL, '0', NULL);
INSERT INTO `users` (`id`, `user_name`, `user_hash`, `system_generated_password`, `pwd_last_changed`, `authenticate_id`, `sugar_login`, `picture`, `first_name`, `last_name`, `is_admin`, `external_auth_only`, `receive_notifications`, `description`, `date_entered`, `date_modified`, `last_login`, `modified_user_id`, `created_by`, `title`, `department`, `phone_home`, `phone_mobile`, `phone_work`, `phone_other`, `phone_fax`, `status`, `address_street`, `address_city`, `address_state`, `address_country`, `address_postalcode`, `default_team`, `team_set_id`, `deleted`, `portal_only`, `show_on_employees`, `employee_status`, `messenger_id`, `messenger_type`, `reports_to_id`, `is_group`, `preferred_language`) VALUES ('e4e16cef-3efd-b780-6c58-55f25c65a5b7', 'lisa.reuters', 'aa2febb9226e9188f6c4a26e9b03e3bd', '0', '2015-10-05 01:02:43', NULL, '1', NULL, 'Lisa', 'Reuters', '0', '0', '1', NULL, '2015-09-11 04:44:58', '2015-09-11 04:58:00', '2015-10-07 05:59:30', 'e4e16cef-3efd-b780-6c58-55f25c65a5b7', '1bbcf81e-eae2-77f1-471b-54fe9e97fab7', NULL, NULL, NULL, NULL, NULL, NULL, NULL, 'Active', NULL, NULL, NULL, NULL, NULL, '1', '1', '0', '0', '1', 'Active', NULL, NULL, NULL, '0', NULL);
INSERT INTO `users` (`id`, `user_name`, `user_hash`, `system_generated_password`, `pwd_last_changed`, `authenticate_id`, `sugar_login`, `picture`, `first_name`, `last_name`, `is_admin`, `external_auth_only`, `receive_notifications`, `description`, `date_entered`, `date_modified`, `last_login`, `modified_user_id`, `created_by`, `title`, `department`, `phone_home`, `phone_mobile`, `phone_work`, `phone_other`, `phone_fax`, `status`, `address_street`, `address_city`, `address_state`, `address_country`, `address_postalcode`, `default_team`, `team_set_id`, `deleted`, `portal_only`, `show_on_employees`, `employee_status`, `messenger_id`, `messenger_type`, `reports_to_id`, `is_group`, `preferred_language`) VALUES ('f0c4cd9d-53a7-d368-78cf-55ff110047d6', 'tom.mcgrath', 'aa2febb9226e9188f6c4a26e9b03e3bd', '0', '2015-10-01 05:23:39', NULL, '1', NULL, 'Tom', 'McGrath', '0', '0', '1', NULL, '2015-09-20 20:04:38', '2015-09-20 20:45:41', '2015-11-23 05:01:37', '1', '1', NULL, NULL, NULL, NULL, NULL, NULL, NULL, 'Active', NULL, NULL, NULL, NULL, NULL, '1', '1', '0', '0', '1', 'Active', NULL, NULL, NULL, '0', NULL);

/* Disable the MFA */
UPDATE `users` SET `mfa_enabled` = 'F';

/*Data for the table `user_preferences` */

INSERT INTO `user_preferences`(`id`, `category`, `deleted`, `date_entered`, `date_modified`, `assigned_user_id`, `contents`) VALUES ('122ca535-17c8-c6e3-b73b-55d3afb81863', 'Documents2_DOCUMENT', 0, '2015-08-18 22:18:25', '2015-08-18 22:18:25', '28e00331-5e20-77ca-d748-5508b7a05aad', 'YToxOntzOjEzOiJsaXN0dmlld09yZGVyIjthOjI6e3M6Nzoib3JkZXJCeSI7czoxMjoiZGF0ZV9lbnRlcmVkIjtzOjk6InNvcnRPcmRlciI7czo0OiJERVNDIjt9fQ==');
INSERT INTO `user_preferences`(`id`, `category`, `deleted`, `date_entered`, `date_modified`, `assigned_user_id`, `contents`) VALUES ('123b6c1c-f402-bc5a-cb2b-54fe9e22b0eb', 'Emails', 0, '2015-03-10 07:32:19', '2015-03-16 05:39:59', '1', 'YTozOntzOjE1OiJlbWFpbDJQcmVmbGlnaHQiO2I6MTtzOjExOiJmb2N1c0ZvbGRlciI7czoxMDE6ImE6Mjp7czo0OiJpZUlkIjtzOjM2OiIxNjdkODQ1ZS00MmYyLTUyNDMtMTNkYy01NTA2NmI2NmUwMWYiO3M6NjoiZm9sZGVyIjtzOjE5OiJTVUdBUi5NeSBTZW50IEVtYWlsIjt9IjtzOjEzOiJlbWFpbFNldHRpbmdzIjthOjU6e3M6MTg6ImVtYWlsQ2hlY2tJbnRlcnZhbCI7czoyOiItMSI7czoxODoiYWx3YXlzU2F2ZU91dGJvdW5kIjtzOjE6IjEiO3M6MTM6InNlbmRQbGFpblRleHQiO3M6MToiMCI7czoxMzoic2hvd051bUluTGlzdCI7czoyOiIyMCI7czoyMjoiZGVmYXVsdE91dGJvdW5kQ2hhcnNldCI7czo1OiJVVEYtOCI7fX0=');
INSERT INTO `user_preferences`(`id`, `category`, `deleted`, `date_entered`, `date_modified`, `assigned_user_id`, `contents`) VALUES ('1a3009f6-3a5b-c4b8-3c2f-5c89e8c7fdad', 'sq_SchedulersQ', 0, '2019-03-14 05:36:47', '2019-03-14 05:36:49', '1', 'YToxOntzOjExOiJTY2hlZHVsZXJzUSI7YTo2OntzOjY6Im1vZHVsZSI7czoxMDoiU2NoZWR1bGVycyI7czo2OiJhY3Rpb24iO3M6NToiaW5kZXgiO3M6MTM6InNlYXJjaEZvcm1UYWIiO3M6MTI6ImJhc2ljX3NlYXJjaCI7czo1OiJxdWVyeSI7czo0OiJ0cnVlIjtzOjEwOiJuYW1lX2Jhc2ljIjtzOjEzOiIoQmx1ZUJpbGxpbmcpIjtzOjY6ImJ1dHRvbiI7czo2OiJTZWFyY2giO319');
INSERT INTO `user_preferences`(`id`, `category`, `deleted`, `date_entered`, `date_modified`, `assigned_user_id`, `contents`) VALUES ('1bbb4824-2ff7-e248-843f-54fe95b5fd6b', 'global', 0, '2015-03-10 06:57:14', '2015-03-10 06:57:14', '19d537c6-c2db-fd96-4ce2-54fe95a0bae8', 'YToyOntzOjEzOiJyZW1pbmRlcl90aW1lIjtpOjE4MDA7czoyMDoiY2FsZW5kYXJfcHVibGlzaF9rZXkiO3M6MzY6IjFiOTQwNmQwLWY5YjctM2ZhYS00Mzk1LTU0ZmU5NWQzMzYwMyI7fQ==');
INSERT INTO `user_preferences`(`id`, `category`, `deleted`, `date_entered`, `date_modified`, `assigned_user_id`, `contents`) VALUES ('201c40b2-deeb-bae3-dcbf-55ff110c269d', 'global', 0, '2015-09-20 20:04:38', '2015-10-01 05:23:39', 'f0c4cd9d-53a7-d368-78cf-55ff110047d6', 'YTozODp7czoxMjoibWFpbG1lcmdlX29uIjtzOjM6Im9mZiI7czoxNjoic3dhcF9sYXN0X3ZpZXdlZCI7czowOiIiO3M6MTQ6InN3YXBfc2hvcnRjdXRzIjtzOjA6IiI7czoxNDoibW9kdWxlX2Zhdmljb24iO3M6MDoiIjtzOjEyOiJkaXNwbGF5X3RhYnMiO2E6MTY6e2k6MDtzOjQ6IkhvbWUiO2k6MTtzOjg6IkFjY291bnRzIjtpOjI7czo4OiJDb250YWN0cyI7aTozO3M6NzoiUmVwb3J0cyI7aTo0O3M6OToiRG9jdW1lbnRzIjtpOjU7czo2OiJFbWFpbHMiO2k6NjtzOjU6IkNhbGxzIjtpOjc7czo1OiJOb3RlcyI7aTo4O3M6NToiQ2FzZXMiO2k6OTtzOjExOiJiYmNybV9TaXRlcyI7aToxMDtzOjE3OiJiYmNybV9TTVNNZXNzYWdlcyI7aToxMTtzOjI0OiJiYmNybV9BY2NvdW50Q29sbGVjdGlvbnMiO2k6MTI7czo4OiJNZWV0aW5ncyI7aToxMztzOjEzOiJiYmNybV9CYW5raW5nIjtpOjE0O3M6MjQ6ImJiY3JtX0RpcmVjdERlYml0SGlzdG9yeSI7aToxNTtzOjE4OiJiYmNybV9NZXRlcmluZ0RhdGEiO31zOjk6ImhpZGVfdGFicyI7YTowOnt9czoxMToicmVtb3ZlX3RhYnMiO2E6MDp7fXM6Nzoibm9fb3BwcyI7czozOiJvZmYiO3M6MTM6InJlbWluZGVyX3RpbWUiO3M6NDoiMTgwMCI7czoxOToiZW1haWxfcmVtaW5kZXJfdGltZSI7aTotMTtzOjg6InRpbWV6b25lIjtzOjE5OiJBdXN0cmFsaWEvTWVsYm91cm5lIjtzOjI6InV0IjtzOjE6IjEiO3M6ODoiY3VycmVuY3kiO3M6MzoiLTk5IjtzOjM1OiJkZWZhdWx0X2N1cnJlbmN5X3NpZ25pZmljYW50X2RpZ2l0cyI7czoxOiIyIjtzOjIzOiJjdXJyZW5jeV9zaG93X3ByZWZlcnJlZCI7YjowO3M6MTE6Im51bV9ncnBfc2VwIjtzOjE6IiwiO3M6NzoiZGVjX3NlcCI7czoxOiIuIjtzOjQ6ImZkb3ciO3M6MToiMCI7czo1OiJkYXRlZiI7czo1OiJkL20vWSI7czo1OiJ0aW1lZiI7czo0OiJoOmlhIjtzOjI2OiJkZWZhdWx0X2xvY2FsZV9uYW1lX2Zvcm1hdCI7czo1OiJzIGYgbCI7czoxNjoiZXhwb3J0X2RlbGltaXRlciI7czoxOiIsIjtzOjIyOiJkZWZhdWx0X2V4cG9ydF9jaGFyc2V0IjtzOjU6IlVURi04IjtzOjE0OiJ1c2VfcmVhbF9uYW1lcyI7czoyOiJvbiI7czoxNzoibWFpbF9zbXRwYXV0aF9yZXEiO3M6MDoiIjtzOjEyOiJtYWlsX3NtdHBzc2wiO2k6MDtzOjI3OiJzdWdhcnBkZl9wZGZfZm9udF9uYW1lX21haW4iO3M6OToiaGVsdmV0aWNhIjtzOjI3OiJzdWdhcnBkZl9wZGZfZm9udF9zaXplX21haW4iO3M6MToiOCI7czoyNzoic3VnYXJwZGZfcGRmX2ZvbnRfbmFtZV9kYXRhIjtzOjk6ImhlbHZldGljYSI7czoyNzoic3VnYXJwZGZfcGRmX2ZvbnRfc2l6ZV9kYXRhIjtzOjE6IjgiO3M6MTU6ImVtYWlsX2xpbmtfdHlwZSI7czo1OiJzdWdhciI7czoxNzoiZW1haWxfc2hvd19jb3VudHMiO2k6MDtzOjIwOiJjYWxlbmRhcl9wdWJsaXNoX2tleSI7czozNjoiMmE2MDUxNGItNWUwMS0xYzQ3LWUwOGMtNTVmZjExYjcxZTM1IjtzOjE1OiJsb2dpbmV4cGlyYXRpb24iO3M6MToiMCI7czo3OiJsb2Nrb3V0IjtzOjA6IiI7czoxMToibG9naW5mYWlsZWQiO3M6MToiMCI7czoxMToiX19zdWdhcl91cmwiO3M6MTg6InYxMC9tZS9wcmVmZXJlbmNlcyI7czoxMDoidXNlcl90aGVtZSI7czo2OiJSYWNlclgiO30=');
INSERT INTO `user_preferences`(`id`, `category`, `deleted`, `date_entered`, `date_modified`, `assigned_user_id`, `contents`) VALUES ('2bd712ca-79f3-5949-58af-5f801bbaed10', 'sq_SchedulersQ', 0, '2020-10-09 08:12:46', '2020-10-10 06:05:39', '52fb44da-36d7-1130-4e44-5508b4176df7', 'YToxOntzOjExOiJTY2hlZHVsZXJzUSI7YTo2OntzOjY6Im1vZHVsZSI7czoxMDoiU2NoZWR1bGVycyI7czo2OiJhY3Rpb24iO3M6NToiaW5kZXgiO3M6MTM6InNlYXJjaEZvcm1UYWIiO3M6MTI6ImJhc2ljX3NlYXJjaCI7czo1OiJxdWVyeSI7czo0OiJ0cnVlIjtzOjEwOiJuYW1lX2Jhc2ljIjtzOjIwOiIoQmx1ZUJpbGxpbmcpIE9ubGluZSI7czo2OiJidXR0b24iO3M6NjoiU2VhcmNoIjt9fQ==');
INSERT INTO `user_preferences`(`id`, `category`, `deleted`, `date_entered`, `date_modified`, `assigned_user_id`, `contents`) VALUES ('2f11f7bb-74bc-0619-8073-54fe9e6a5be4', 'global', 0, '2015-03-10 07:35:51', '2019-03-14 05:49:52', '1bbcf81e-eae2-77f1-471b-54fe9e97fab7', 'YTo0Mzp7czoxMzoicmVtaW5kZXJfdGltZSI7czo0OiIxODAwIjtzOjIwOiJjYWxlbmRhcl9wdWJsaXNoX2tleSI7czozNjoiMzFiNzg5MzktYmNlZS0xMTEwLWM0MDQtNTRmZTllMmUzMGMxIjtzOjg6InRpbWV6b25lIjtzOjE5OiJBdXN0cmFsaWEvTWVsYm91cm5lIjtzOjEwOiJ1c2VyX3RoZW1lIjtzOjY6IlJhY2VyWCI7czo1OiJ0aW1lZiI7czo0OiJoOmlhIjtzOjU6ImRhdGVmIjtzOjU6ImQvbS9ZIjtzOjI2OiJkZWZhdWx0X2xvY2FsZV9uYW1lX2Zvcm1hdCI7czo1OiJzIGYgbCI7czoyOiJ1dCI7czoxOiIxIjtzOjExOiJfX3N1Z2FyX3VybCI7czoxODoidjEwL21lL3ByZWZlcmVuY2VzIjtzOjM0OiJJbmJvdW5kRW1haWxfSW5ib3VuZEVtYWlsX09SREVSX0JZIjtzOjEyOiJkYXRlX2VudGVyZWQiO3M6MTc6InNpZ25hdHVyZV9kZWZhdWx0IjtzOjA6IiI7czoxNzoic2lnbmF0dXJlX3ByZXBlbmQiO2I6MDtzOjEyOiJtYWlsbWVyZ2Vfb24iO3M6Mzoib2ZmIjtzOjE2OiJzd2FwX2xhc3Rfdmlld2VkIjtzOjA6IiI7czoxNDoic3dhcF9zaG9ydGN1dHMiO3M6MDoiIjtzOjE0OiJtb2R1bGVfZmF2aWNvbiI7czowOiIiO3M6MTI6ImRpc3BsYXlfdGFicyI7YToxNjp7aTowO3M6NDoiSG9tZSI7aToxO3M6ODoiQWNjb3VudHMiO2k6MjtzOjg6IkNvbnRhY3RzIjtpOjM7czo3OiJSZXBvcnRzIjtpOjQ7czo5OiJEb2N1bWVudHMiO2k6NTtzOjY6IkVtYWlscyI7aTo2O3M6NToiQ2FsbHMiO2k6NztzOjU6Ik5vdGVzIjtpOjg7czo1OiJDYXNlcyI7aTo5O3M6MTE6ImJiY3JtX1NpdGVzIjtpOjEwO3M6MTc6ImJiY3JtX1NNU01lc3NhZ2VzIjtpOjExO3M6MjQ6ImJiY3JtX0FjY291bnRDb2xsZWN0aW9ucyI7aToxMjtzOjEzOiJiYmNybV9CYW5raW5nIjtpOjEzO3M6MjQ6ImJiY3JtX0RpcmVjdERlYml0SGlzdG9yeSI7aToxNDtzOjE4OiJiYmNybV9NZXRlcmluZ0RhdGEiO2k6MTU7czoxMzoiYmJjcm1fQmlsbGluZyI7fXM6OToiaGlkZV90YWJzIjthOjA6e31zOjExOiJyZW1vdmVfdGFicyI7YTowOnt9czo3OiJub19vcHBzIjtzOjM6Im9mZiI7czoxOToiZW1haWxfcmVtaW5kZXJfdGltZSI7aTotMTtzOjg6ImN1cnJlbmN5IjtzOjM6Ii05OSI7czozNToiZGVmYXVsdF9jdXJyZW5jeV9zaWduaWZpY2FudF9kaWdpdHMiO3M6MToiMiI7czoyMzoiY3VycmVuY3lfc2hvd19wcmVmZXJyZWQiO2I6MDtzOjExOiJudW1fZ3JwX3NlcCI7czoxOiIsIjtzOjc6ImRlY19zZXAiO3M6MToiLiI7czo0OiJmZG93IjtzOjE6IjAiO3M6MTY6ImV4cG9ydF9kZWxpbWl0ZXIiO3M6MToiLCI7czoyMjoiZGVmYXVsdF9leHBvcnRfY2hhcnNldCI7czo1OiJVVEYtOCI7czoxNDoidXNlX3JlYWxfbmFtZXMiO3M6Mjoib24iO3M6MTc6Im1haWxfc210cGF1dGhfcmVxIjtzOjA6IiI7czoxMjoibWFpbF9zbXRwc3NsIjtpOjA7czoyNzoic3VnYXJwZGZfcGRmX2ZvbnRfbmFtZV9tYWluIjtzOjk6ImhlbHZldGljYSI7czoyNzoic3VnYXJwZGZfcGRmX2ZvbnRfc2l6ZV9tYWluIjtzOjE6IjgiO3M6Mjc6InN1Z2FycGRmX3BkZl9mb250X25hbWVfZGF0YSI7czo5OiJoZWx2ZXRpY2EiO3M6Mjc6InN1Z2FycGRmX3BkZl9mb250X3NpemVfZGF0YSI7czoxOiI4IjtzOjE1OiJlbWFpbF9saW5rX3R5cGUiO3M6NjoibWFpbHRvIjtzOjE3OiJlbWFpbF9zaG93X2NvdW50cyI7aTowO3M6MTE6ImxvZ2luZmFpbGVkIjtzOjE6IjAiO3M6MjU6IlRheFJhdGVzX1RBWFJBVEVfT1JERVJfQlkiO3M6MTA6Imxpc3Rfb3JkZXIiO3M6MTI6InVzZXJQcml2R3VpZCI7czozNjoiNDUyNjBmOGItZTZiZS1iZjMxLTYxYmYtNTVmMDk2ZTg1MDc3IjtzOjE1OiJsb2dpbmV4cGlyYXRpb24iO3M6MToiMCI7czo3OiJsb2Nrb3V0IjtzOjA6IiI7fQ==');
INSERT INTO `user_preferences`(`id`, `category`, `deleted`, `date_entered`, `date_modified`, `assigned_user_id`, `contents`) VALUES ('35fd0201-0951-6a1c-1328-55f25d5c1911', 'Emails', 0, '2015-09-11 04:51:58', '2015-09-16 01:37:21', 'e4e16cef-3efd-b780-6c58-55f25c65a5b7', 'YTozOntzOjE1OiJlbWFpbDJQcmVmbGlnaHQiO2I6MTtzOjExOiJmb2N1c0ZvbGRlciI7czo5NjoiYToyOntzOjQ6ImllSWQiO3M6MzY6ImRhNjg0ZjEzLTg0ZWUtODg0OS0yYjgwLTU1ZjI1ZDdmM2U2ZCI7czo2OiJmb2xkZXIiO3M6MTQ6IlNVR0FSLk15IEVtYWlsIjt9IjtzOjEzOiJlbWFpbFNldHRpbmdzIjthOjU6e3M6MTg6ImVtYWlsQ2hlY2tJbnRlcnZhbCI7czoyOiItMSI7czoxODoiYWx3YXlzU2F2ZU91dGJvdW5kIjtzOjE6IjEiO3M6MTM6InNlbmRQbGFpblRleHQiO3M6MToiMCI7czoxMzoic2hvd051bUluTGlzdCI7czoyOiIyMCI7czoyMjoiZGVmYXVsdE91dGJvdW5kQ2hhcnNldCI7czo1OiJVVEYtOCI7fX0=');
INSERT INTO `user_preferences`(`id`, `category`, `deleted`, `date_entered`, `date_modified`, `assigned_user_id`, `contents`) VALUES ('362b6cd2-75ab-534f-d073-55066b802628', 'EmailMan2_EMAILMAN', 0, '2015-03-16 05:32:48', '2015-03-16 05:32:48', '1', 'YToxOntzOjEzOiJsaXN0dmlld09yZGVyIjthOjI6e3M6Nzoib3JkZXJCeSI7czoxMjoiZGF0ZV9lbnRlcmVkIjtzOjk6InNvcnRPcmRlciI7czo0OiJERVNDIjt9fQ==');
INSERT INTO `user_preferences`(`id`, `category`, `deleted`, `date_entered`, `date_modified`, `assigned_user_id`, `contents`) VALUES ('36700293-17b5-7ba1-19f6-54fe9d52607f', 'Users2_USER', 0, '2015-03-10 07:30:37', '2015-03-10 07:32:19', '1', 'YToxOntzOjEzOiJsaXN0dmlld09yZGVyIjthOjI6e3M6Nzoib3JkZXJCeSI7czoxMjoiZGF0ZV9lbnRlcmVkIjtzOjk6InNvcnRPcmRlciI7czo0OiJERVNDIjt9fQ==');
INSERT INTO `user_preferences`(`id`, `category`, `deleted`, `date_entered`, `date_modified`, `assigned_user_id`, `contents`) VALUES ('3a231fc0-6bcd-7711-7a95-55f25f51aac3', 'ETag', 0, '2015-09-11 04:58:00', '2015-09-11 04:58:00', 'e4e16cef-3efd-b780-6c58-55f25c65a5b7', 'YToxOntzOjEyOiJtYWluTWVudUVUYWciO2k6MTt9');
INSERT INTO `user_preferences`(`id`, `category`, `deleted`, `date_entered`, `date_modified`, `assigned_user_id`, `contents`) VALUES ('3b39020e-e8af-9f78-f783-5508b76f01da', 'global', 0, '2015-03-17 23:25:19', '2015-11-11 04:42:38', '28e00331-5e20-77ca-d748-5508b7a05aad', 'YTozODp7czoxMjoibWFpbG1lcmdlX29uIjtzOjM6Im9mZiI7czoxNjoic3dhcF9sYXN0X3ZpZXdlZCI7czowOiIiO3M6MTQ6InN3YXBfc2hvcnRjdXRzIjtzOjA6IiI7czoxNDoibW9kdWxlX2Zhdmljb24iO3M6MDoiIjtzOjEyOiJkaXNwbGF5X3RhYnMiO2E6MTY6e2k6MDtzOjQ6IkhvbWUiO2k6MTtzOjg6IkFjY291bnRzIjtpOjI7czo4OiJDb250YWN0cyI7aTozO3M6NzoiUmVwb3J0cyI7aTo0O3M6OToiRG9jdW1lbnRzIjtpOjU7czo2OiJFbWFpbHMiO2k6NjtzOjU6IkNhbGxzIjtpOjc7czo1OiJOb3RlcyI7aTo4O3M6NToiQ2FzZXMiO2k6OTtzOjExOiJiYmNybV9TaXRlcyI7aToxMDtzOjE3OiJiYmNybV9TTVNNZXNzYWdlcyI7aToxMTtzOjg6Ik1lZXRpbmdzIjtpOjEyO3M6MjQ6ImJiY3JtX0FjY291bnRDb2xsZWN0aW9ucyI7aToxMztzOjEzOiJiYmNybV9CYW5raW5nIjtpOjE0O3M6MjQ6ImJiY3JtX0RpcmVjdERlYml0SGlzdG9yeSI7aToxNTtzOjE4OiJiYmNybV9NZXRlcmluZ0RhdGEiO31zOjk6ImhpZGVfdGFicyI7YTowOnt9czoxMToicmVtb3ZlX3RhYnMiO2E6MDp7fXM6Nzoibm9fb3BwcyI7czozOiJvZmYiO3M6MTM6InJlbWluZGVyX3RpbWUiO3M6NDoiMTgwMCI7czoxOToiZW1haWxfcmVtaW5kZXJfdGltZSI7aTotMTtzOjg6InRpbWV6b25lIjtzOjE5OiJBdXN0cmFsaWEvTWVsYm91cm5lIjtzOjI6InV0IjtzOjE6IjEiO3M6ODoiY3VycmVuY3kiO3M6MzoiLTk5IjtzOjM1OiJkZWZhdWx0X2N1cnJlbmN5X3NpZ25pZmljYW50X2RpZ2l0cyI7czoxOiIyIjtzOjIzOiJjdXJyZW5jeV9zaG93X3ByZWZlcnJlZCI7YjowO3M6MTE6Im51bV9ncnBfc2VwIjtzOjE6IiwiO3M6NzoiZGVjX3NlcCI7czoxOiIuIjtzOjQ6ImZkb3ciO3M6MToiMCI7czo1OiJkYXRlZiI7czo1OiJkL20vWSI7czo1OiJ0aW1lZiI7czo0OiJoOmlhIjtzOjI2OiJkZWZhdWx0X2xvY2FsZV9uYW1lX2Zvcm1hdCI7czo1OiJzIGYgbCI7czoxNjoiZXhwb3J0X2RlbGltaXRlciI7czoxOiIsIjtzOjIyOiJkZWZhdWx0X2V4cG9ydF9jaGFyc2V0IjtzOjU6IlVURi04IjtzOjE0OiJ1c2VfcmVhbF9uYW1lcyI7czoyOiJvbiI7czoxNzoibWFpbF9zbXRwYXV0aF9yZXEiO3M6MDoiIjtzOjEyOiJtYWlsX3NtdHBzc2wiO2k6MDtzOjI3OiJzdWdhcnBkZl9wZGZfZm9udF9uYW1lX21haW4iO3M6OToiaGVsdmV0aWNhIjtzOjI3OiJzdWdhcnBkZl9wZGZfZm9udF9zaXplX21haW4iO3M6MToiOCI7czoyNzoic3VnYXJwZGZfcGRmX2ZvbnRfbmFtZV9kYXRhIjtzOjk6ImhlbHZldGljYSI7czoyNzoic3VnYXJwZGZfcGRmX2ZvbnRfc2l6ZV9kYXRhIjtzOjE6IjgiO3M6MTU6ImVtYWlsX2xpbmtfdHlwZSI7czo1OiJzdWdhciI7czoxNzoiZW1haWxfc2hvd19jb3VudHMiO2k6MDtzOjIwOiJjYWxlbmRhcl9wdWJsaXNoX2tleSI7czozNjoiNDBmYjBiNjYtMmM5Mi0xYWRkLWY3ZDctNTUwOGI3Y2Q5M2U3IjtzOjE1OiJsb2dpbmV4cGlyYXRpb24iO3M6MToiMCI7czo3OiJsb2Nrb3V0IjtzOjA6IiI7czoxMToibG9naW5mYWlsZWQiO3M6MToiMCI7czoxMToiX19zdWdhcl91cmwiO3M6MTg6InYxMC9tZS9wcmVmZXJlbmNlcyI7czoxMDoidXNlcl90aGVtZSI7czo2OiJSYWNlclgiO30=');
INSERT INTO `user_preferences`(`id`, `category`, `deleted`, `date_entered`, `date_modified`, `assigned_user_id`, `contents`) VALUES ('3d705e0d-0dae-f12f-7f9e-5588c9ac8aec', 'Reports2_SAVEDREPORT', 0, '2015-06-23 02:50:47', '2015-08-27 04:47:53', '28e00331-5e20-77ca-d748-5508b7a05aad', 'YToxOntzOjEzOiJsaXN0dmlld09yZGVyIjthOjI6e3M6Nzoib3JkZXJCeSI7czo0OiJuYW1lIjtzOjk6InNvcnRPcmRlciI7czozOiJBU0MiO319');
INSERT INTO `user_preferences`(`id`, `category`, `deleted`, `date_entered`, `date_modified`, `assigned_user_id`, `contents`) VALUES ('3f6a9e48-ff2e-3bc1-6183-5507a0a8cd99', 'Schedulers2_SCHEDULER', 0, '2015-03-17 03:32:04', '2015-03-17 03:40:51', '1bbcf81e-eae2-77f1-471b-54fe9e97fab7', 'YToxOntzOjEzOiJsaXN0dmlld09yZGVyIjthOjI6e3M6Nzoib3JkZXJCeSI7czo2OiJzdGF0dXMiO3M6OToic29ydE9yZGVyIjtzOjM6IkFTQyI7fX0=');
INSERT INTO `user_preferences`(`id`, `category`, `deleted`, `date_entered`, `date_modified`, `assigned_user_id`, `contents`) VALUES ('41c7a303-99c6-5f5a-6508-5642c1b5a89d', 'global', 0, '2015-11-11 04:16:06', '2015-11-11 04:20:05', '25b2d28e-80a4-5e57-9a7d-5642c1ea2b68', 'YTozNjp7czoxMjoibWFpbG1lcmdlX29uIjtzOjM6Im9mZiI7czoxNjoic3dhcF9sYXN0X3ZpZXdlZCI7czowOiIiO3M6MTQ6InN3YXBfc2hvcnRjdXRzIjtzOjA6IiI7czoxNDoibW9kdWxlX2Zhdmljb24iO3M6MDoiIjtzOjEyOiJkaXNwbGF5X3RhYnMiO2E6MTY6e2k6MDtzOjQ6IkhvbWUiO2k6MTtzOjg6IkFjY291bnRzIjtpOjI7czo4OiJDb250YWN0cyI7aTozO3M6NzoiUmVwb3J0cyI7aTo0O3M6OToiRG9jdW1lbnRzIjtpOjU7czo2OiJFbWFpbHMiO2k6NjtzOjU6IkNhbGxzIjtpOjc7czo1OiJOb3RlcyI7aTo4O3M6NToiQ2FzZXMiO2k6OTtzOjg6Ik1lZXRpbmdzIjtpOjEwO3M6MTE6ImJiY3JtX1NpdGVzIjtpOjExO3M6MTc6ImJiY3JtX1NNU01lc3NhZ2VzIjtpOjEyO3M6MjQ6ImJiY3JtX0FjY291bnRDb2xsZWN0aW9ucyI7aToxMztzOjEzOiJiYmNybV9CYW5raW5nIjtpOjE0O3M6MjQ6ImJiY3JtX0RpcmVjdERlYml0SGlzdG9yeSI7aToxNTtzOjE4OiJiYmNybV9NZXRlcmluZ0RhdGEiO31zOjk6ImhpZGVfdGFicyI7YTowOnt9czoxMToicmVtb3ZlX3RhYnMiO2E6MDp7fXM6Nzoibm9fb3BwcyI7czozOiJvZmYiO3M6MTM6InJlbWluZGVyX3RpbWUiO3M6NDoiMTgwMCI7czoxOToiZW1haWxfcmVtaW5kZXJfdGltZSI7aTotMTtzOjg6InRpbWV6b25lIjtzOjE5OiJBdXN0cmFsaWEvTWVsYm91cm5lIjtzOjI6InV0IjtzOjE6IjAiO3M6ODoiY3VycmVuY3kiO3M6MzoiLTk5IjtzOjM1OiJkZWZhdWx0X2N1cnJlbmN5X3NpZ25pZmljYW50X2RpZ2l0cyI7czoxOiIyIjtzOjIzOiJjdXJyZW5jeV9zaG93X3ByZWZlcnJlZCI7YjowO3M6MTE6Im51bV9ncnBfc2VwIjtzOjE6IiwiO3M6NzoiZGVjX3NlcCI7czoxOiIuIjtzOjQ6ImZkb3ciO3M6MToiMCI7czo1OiJkYXRlZiI7czo1OiJkL20vWSI7czo1OiJ0aW1lZiI7czo0OiJoOmlhIjtzOjI2OiJkZWZhdWx0X2xvY2FsZV9uYW1lX2Zvcm1hdCI7czo1OiJzIGYgbCI7czoxNjoiZXhwb3J0X2RlbGltaXRlciI7czoxOiIsIjtzOjIyOiJkZWZhdWx0X2V4cG9ydF9jaGFyc2V0IjtzOjU6IlVURi04IjtzOjE0OiJ1c2VfcmVhbF9uYW1lcyI7czoyOiJvbiI7czoxNzoibWFpbF9zbXRwYXV0aF9yZXEiO3M6MDoiIjtzOjEyOiJtYWlsX3NtdHBzc2wiO2k6MDtzOjI3OiJzdWdhcnBkZl9wZGZfZm9udF9uYW1lX21haW4iO3M6OToiaGVsdmV0aWNhIjtzOjI3OiJzdWdhcnBkZl9wZGZfZm9udF9zaXplX21haW4iO3M6MToiOCI7czoyNzoic3VnYXJwZGZfcGRmX2ZvbnRfbmFtZV9kYXRhIjtzOjk6ImhlbHZldGljYSI7czoyNzoic3VnYXJwZGZfcGRmX2ZvbnRfc2l6ZV9kYXRhIjtzOjE6IjgiO3M6MTU6ImVtYWlsX2xpbmtfdHlwZSI7czo1OiJzdWdhciI7czoxNzoiZW1haWxfc2hvd19jb3VudHMiO2k6MDtzOjIwOiJjYWxlbmRhcl9wdWJsaXNoX2tleSI7czozNjoiNDk4YzJiYjktZmRmZC0yNDhlLTkzZWItNTY0MmMxNmJhYTRmIjtzOjE1OiJsb2dpbmV4cGlyYXRpb24iO3M6MToiMCI7czo3OiJsb2Nrb3V0IjtzOjA6IiI7czoxMToibG9naW5mYWlsZWQiO3M6MToiMCI7fQ==');
INSERT INTO `user_preferences`(`id`, `category`, `deleted`, `date_entered`, `date_modified`, `assigned_user_id`, `contents`) VALUES ('47b05812-3c81-5d5b-07ef-5599fa07509f', 'Documents2_DOCUMENT', 0, '2015-07-06 03:46:35', '2015-07-06 03:46:35', 'e062c6fe-14f6-208c-3f16-5598d76c90ef', 'YToxOntzOjEzOiJsaXN0dmlld09yZGVyIjthOjI6e3M6Nzoib3JkZXJCeSI7czoxMjoiZGF0ZV9lbnRlcmVkIjtzOjk6InNvcnRPcmRlciI7czo0OiJERVNDIjt9fQ==');
INSERT INTO `user_preferences`(`id`, `category`, `deleted`, `date_entered`, `date_modified`, `assigned_user_id`, `contents`) VALUES ('4a7c0203-5a59-7884-fa60-55f25d7e506a', 'Reports2_SAVEDREPORT', 0, '2015-09-11 04:52:11', '2015-11-02 01:30:31', 'e4e16cef-3efd-b780-6c58-55f25c65a5b7', 'YToxOntzOjEzOiJsaXN0dmlld09yZGVyIjthOjI6e3M6Nzoib3JkZXJCeSI7czo0OiJuYW1lIjtzOjk6InNvcnRPcmRlciI7czozOiJBU0MiO319');
INSERT INTO `user_preferences`(`id`, `category`, `deleted`, `date_entered`, `date_modified`, `assigned_user_id`, `contents`) VALUES ('4ff1057d-f9ab-d3a4-3bcf-5599fad6dce4', 'Calls2_CALL', 0, '2015-07-06 03:46:41', '2015-07-06 03:46:41', 'e062c6fe-14f6-208c-3f16-5598d76c90ef', 'YToxOntzOjEzOiJsaXN0dmlld09yZGVyIjthOjI6e3M6Nzoib3JkZXJCeSI7czoxMjoiZGF0ZV9lbnRlcmVkIjtzOjk6InNvcnRPcmRlciI7czo0OiJERVNDIjt9fQ==');
INSERT INTO `user_preferences`(`id`, `category`, `deleted`, `date_entered`, `date_modified`, `assigned_user_id`, `contents`) VALUES ('589cafc6-0383-fbc7-75f3-5578d74571c8', 'sq_EmployeesQ', 0, '2015-06-11 00:33:07', '2015-06-11 00:33:07', '52fb44da-36d7-1130-4e44-5508b4176df7', 'YToxOntzOjEwOiJFbXBsb3llZXNRIjthOjQ6e3M6NjoibW9kdWxlIjtzOjk6IkVtcGxveWVlcyI7czo2OiJhY3Rpb24iO3M6NToiaW5kZXgiO3M6NToicXVlcnkiO3M6NDoidHJ1ZSI7czo4OiJid2NGcmFtZSI7czoxOiIxIjt9fQ==');
INSERT INTO `user_preferences`(`id`, `category`, `deleted`, `date_entered`, `date_modified`, `assigned_user_id`, `contents`) VALUES ('5b2fed5c-2345-6a12-5f9d-55f25f591ddc', 'sq_EmployeesQ', 0, '2015-09-11 04:58:25', '2015-09-11 04:58:25', 'e4e16cef-3efd-b780-6c58-55f25c65a5b7', 'YToxOntzOjEwOiJFbXBsb3llZXNRIjthOjQ6e3M6NjoibW9kdWxlIjtzOjk6IkVtcGxveWVlcyI7czo2OiJhY3Rpb24iO3M6NToiaW5kZXgiO3M6NToicXVlcnkiO3M6NDoidHJ1ZSI7czo4OiJid2NGcmFtZSI7czoxOiIxIjt9fQ==');
INSERT INTO `user_preferences`(`id`, `category`, `deleted`, `date_entered`, `date_modified`, `assigned_user_id`, `contents`) VALUES ('5b5b0bd0-7797-745b-ea8a-5598d7caf84a', 'global', 0, '2015-07-05 07:06:37', '2015-10-27 03:51:29', 'e062c6fe-14f6-208c-3f16-5598d76c90ef', 'YTozOTp7czoxMjoibWFpbG1lcmdlX29uIjtzOjM6Im9mZiI7czoxNjoic3dhcF9sYXN0X3ZpZXdlZCI7czowOiIiO3M6MTQ6InN3YXBfc2hvcnRjdXRzIjtzOjA6IiI7czoxNDoibW9kdWxlX2Zhdmljb24iO3M6MDoiIjtzOjEyOiJkaXNwbGF5X3RhYnMiO2E6MTU6e2k6MDtzOjQ6IkhvbWUiO2k6MTtzOjg6IkFjY291bnRzIjtpOjI7czo4OiJDb250YWN0cyI7aTozO3M6NzoiUmVwb3J0cyI7aTo0O3M6OToiRG9jdW1lbnRzIjtpOjU7czo2OiJFbWFpbHMiO2k6NjtzOjU6IkNhbGxzIjtpOjc7czo1OiJOb3RlcyI7aTo4O3M6NToiQ2FzZXMiO2k6OTtzOjExOiJiYmNybV9TaXRlcyI7aToxMDtzOjE3OiJiYmNybV9TTVNNZXNzYWdlcyI7aToxMTtzOjI0OiJiYmNybV9BY2NvdW50Q29sbGVjdGlvbnMiO2k6MTI7czoxMzoiYmJjcm1fQmFua2luZyI7aToxMztzOjI0OiJiYmNybV9EaXJlY3REZWJpdEhpc3RvcnkiO2k6MTQ7czoxODoiYmJjcm1fTWV0ZXJpbmdEYXRhIjt9czo5OiJoaWRlX3RhYnMiO2E6MDp7fXM6MTE6InJlbW92ZV90YWJzIjthOjA6e31zOjc6Im5vX29wcHMiO3M6Mzoib2ZmIjtzOjEzOiJyZW1pbmRlcl90aW1lIjtzOjQ6IjE4MDAiO3M6MTk6ImVtYWlsX3JlbWluZGVyX3RpbWUiO2k6LTE7czo4OiJ0aW1lem9uZSI7czoxOToiQXVzdHJhbGlhL01lbGJvdXJuZSI7czoyOiJ1dCI7czoxOiIxIjtzOjg6ImN1cnJlbmN5IjtzOjM6Ii05OSI7czozNToiZGVmYXVsdF9jdXJyZW5jeV9zaWduaWZpY2FudF9kaWdpdHMiO3M6MToiMiI7czoyMzoiY3VycmVuY3lfc2hvd19wcmVmZXJyZWQiO2I6MDtzOjExOiJudW1fZ3JwX3NlcCI7czoxOiIsIjtzOjc6ImRlY19zZXAiO3M6MToiLiI7czo0OiJmZG93IjtzOjE6IjAiO3M6NToiZGF0ZWYiO3M6NToiZC9tL1kiO3M6NToidGltZWYiO3M6NDoiaDppYSI7czoyNjoiZGVmYXVsdF9sb2NhbGVfbmFtZV9mb3JtYXQiO3M6NToicyBmIGwiO3M6MTY6ImV4cG9ydF9kZWxpbWl0ZXIiO3M6MToiLCI7czoyMjoiZGVmYXVsdF9leHBvcnRfY2hhcnNldCI7czo1OiJVVEYtOCI7czoxNDoidXNlX3JlYWxfbmFtZXMiO3M6Mjoib24iO3M6MTc6Im1haWxfc210cGF1dGhfcmVxIjtzOjA6IiI7czoxMjoibWFpbF9zbXRwc3NsIjtpOjA7czoyNzoic3VnYXJwZGZfcGRmX2ZvbnRfbmFtZV9tYWluIjtzOjk6ImhlbHZldGljYSI7czoyNzoic3VnYXJwZGZfcGRmX2ZvbnRfc2l6ZV9tYWluIjtzOjE6IjgiO3M6Mjc6InN1Z2FycGRmX3BkZl9mb250X25hbWVfZGF0YSI7czo5OiJoZWx2ZXRpY2EiO3M6Mjc6InN1Z2FycGRmX3BkZl9mb250X3NpemVfZGF0YSI7czoxOiI4IjtzOjE1OiJlbWFpbF9saW5rX3R5cGUiO3M6NToic3VnYXIiO3M6MTc6ImVtYWlsX3Nob3dfY291bnRzIjtpOjA7czoyMDoiY2FsZW5kYXJfcHVibGlzaF9rZXkiO3M6MzY6ImQ3NmQwZjAxLTBhNDYtMWQ2NS0zYzNmLTU1OThkN2U1MjAzNCI7czoxNToibG9naW5leHBpcmF0aW9uIjtzOjE6IjAiO3M6NzoibG9ja291dCI7czowOiIiO3M6MTE6ImxvZ2luZmFpbGVkIjtzOjE6IjAiO3M6MTE6Il9fc3VnYXJfdXJsIjtzOjE4OiJ2MTAvbWUvcHJlZmVyZW5jZXMiO3M6MTA6InVzZXJfdGhlbWUiO3M6NjoiUmFjZXJYIjtzOjEyOiJ1c2VyUHJpdkd1aWQiO3M6MzY6Ijc2MTVhYzdmLTgzMTQtYzZhNS1iOWQ1LTU1OTljNmY2MjMxMiI7fQ==');
INSERT INTO `user_preferences`(`id`, `category`, `deleted`, `date_entered`, `date_modified`, `assigned_user_id`, `contents`) VALUES ('5bd02a29-2415-f371-12a7-5578d7bdf61f', 'Employees2_EMPLOYEE', 0, '2015-06-11 00:33:07', '2015-06-11 00:33:07', '52fb44da-36d7-1130-4e44-5508b4176df7', 'YToxOntzOjEzOiJsaXN0dmlld09yZGVyIjthOjI6e3M6Nzoib3JkZXJCeSI7czoxMjoiZGF0ZV9lbnRlcmVkIjtzOjk6InNvcnRPcmRlciI7czo0OiJERVNDIjt9fQ==');
INSERT INTO `user_preferences`(`id`, `category`, `deleted`, `date_entered`, `date_modified`, `assigned_user_id`, `contents`) VALUES ('5dfe5cc0-e3bb-5944-1a99-55f25f54cd91', 'Employees2_EMPLOYEE', 0, '2015-09-11 04:58:25', '2015-09-11 04:58:25', 'e4e16cef-3efd-b780-6c58-55f25c65a5b7', 'YToxOntzOjEzOiJsaXN0dmlld09yZGVyIjthOjI6e3M6Nzoib3JkZXJCeSI7czoxMjoiZGF0ZV9lbnRlcmVkIjtzOjk6InNvcnRPcmRlciI7czo0OiJERVNDIjt9fQ==');
INSERT INTO `user_preferences`(`id`, `category`, `deleted`, `date_entered`, `date_modified`, `assigned_user_id`, `contents`) VALUES ('64b15139-a84b-3cbb-5d92-54fe95eff8b6', 'global', 0, '2015-03-10 06:57:14', '2020-10-12 03:18:16', '1', 'YTo0Mzp7czoxMzoicmVtaW5kZXJfdGltZSI7czo0OiIxODAwIjtzOjIwOiJjYWxlbmRhcl9wdWJsaXNoX2tleSI7czozNjoiNjQ4YTQ2MDktZGQ0Yy04OTk5LWYyZjQtNTRmZTk1ZjM2N2Y2IjtzOjg6InRpbWV6b25lIjtzOjE5OiJBdXN0cmFsaWEvTWVsYm91cm5lIjtzOjEwOiJ1c2VyX3RoZW1lIjtzOjY6IlJhY2VyWCI7czo1OiJ0aW1lZiI7czo0OiJoOmlBIjtzOjU6ImRhdGVmIjtzOjU6ImQtbS1ZIjtzOjI2OiJkZWZhdWx0X2xvY2FsZV9uYW1lX2Zvcm1hdCI7czo1OiJzIGYgbCI7czoyOiJ1dCI7czoxOiIxIjtzOjExOiJfX3N1Z2FyX3VybCI7czoxODoidjEwL21lL3ByZWZlcmVuY2VzIjtzOjM0OiJJbmJvdW5kRW1haWxfSW5ib3VuZEVtYWlsX09SREVSX0JZIjtzOjEyOiJkYXRlX2VudGVyZWQiO3M6MTc6InNpZ25hdHVyZV9kZWZhdWx0IjtzOjA6IiI7czoxNzoic2lnbmF0dXJlX3ByZXBlbmQiO2I6MDtzOjEyOiJtYWlsbWVyZ2Vfb24iO3M6Mzoib2ZmIjtzOjE2OiJzd2FwX2xhc3Rfdmlld2VkIjtzOjA6IiI7czoxNDoic3dhcF9zaG9ydGN1dHMiO3M6MDoiIjtzOjE0OiJtb2R1bGVfZmF2aWNvbiI7czowOiIiO3M6MTI6ImRpc3BsYXlfdGFicyI7YToxODp7aTowO3M6NDoiSG9tZSI7aToxO3M6ODoiQWNjb3VudHMiO2k6MjtzOjg6IkNvbnRhY3RzIjtpOjM7czo3OiJSZXBvcnRzIjtpOjQ7czo5OiJEb2N1bWVudHMiO2k6NTtzOjY6IkVtYWlscyI7aTo2O3M6NToiQ2FsbHMiO2k6NztzOjU6Ik5vdGVzIjtpOjg7czo1OiJDYXNlcyI7aTo5O3M6MTE6ImJiY3JtX1NpdGVzIjtpOjEwO3M6MTc6ImJiY3JtX1NNU01lc3NhZ2VzIjtpOjExO3M6MjQ6ImJiY3JtX0FjY291bnRDb2xsZWN0aW9ucyI7aToxMjtzOjEzOiJiYmNybV9CYW5raW5nIjtpOjEzO3M6MjQ6ImJiY3JtX0RpcmVjdERlYml0SGlzdG9yeSI7aToxNDtzOjE4OiJiYmNybV9NZXRlcmluZ0RhdGEiO2k6MTU7czoxMzoiYmJjcm1fQmlsbGluZyI7aToxNjtzOjU6IlRhc2tzIjtpOjE3O3M6MjA6ImJiY3JtX09ubGluZVJlcXVlc3RzIjt9czo5OiJoaWRlX3RhYnMiO2E6MDp7fXM6MTE6InJlbW92ZV90YWJzIjthOjA6e31zOjc6Im5vX29wcHMiO3M6Mzoib2ZmIjtzOjE5OiJlbWFpbF9yZW1pbmRlcl90aW1lIjtpOi0xO3M6ODoiY3VycmVuY3kiO3M6MzY6ImFkOWM4NTNkLTE1NTItNTYyZS0yMzI5LTVjODllODhhMzA1ZSI7czozNToiZGVmYXVsdF9jdXJyZW5jeV9zaWduaWZpY2FudF9kaWdpdHMiO3M6MToiNiI7czoyMzoiY3VycmVuY3lfc2hvd19wcmVmZXJyZWQiO2I6MDtzOjExOiJudW1fZ3JwX3NlcCI7czoxOiI7IjtzOjc6ImRlY19zZXAiO3M6MToiKiI7czo0OiJmZG93IjtzOjE6IjAiO3M6MTY6ImV4cG9ydF9kZWxpbWl0ZXIiO3M6MToiLCI7czoyMjoiZGVmYXVsdF9leHBvcnRfY2hhcnNldCI7czo1OiJVVEYtOCI7czoxNDoidXNlX3JlYWxfbmFtZXMiO3M6Mjoib24iO3M6MTc6Im1haWxfc210cGF1dGhfcmVxIjtzOjA6IiI7czoxMjoibWFpbF9zbXRwc3NsIjtpOjA7czoyNzoic3VnYXJwZGZfcGRmX2ZvbnRfbmFtZV9tYWluIjtzOjk6ImhlbHZldGljYSI7czoyNzoic3VnYXJwZGZfcGRmX2ZvbnRfc2l6ZV9tYWluIjtzOjE6IjgiO3M6Mjc6InN1Z2FycGRmX3BkZl9mb250X25hbWVfZGF0YSI7czo5OiJoZWx2ZXRpY2EiO3M6Mjc6InN1Z2FycGRmX3BkZl9mb250X3NpemVfZGF0YSI7czoxOiI4IjtzOjE1OiJlbWFpbF9saW5rX3R5cGUiO3M6NToic3VnYXIiO3M6MTc6ImVtYWlsX3Nob3dfY291bnRzIjtpOjA7czoxMToibG9naW5mYWlsZWQiO3M6MToiMCI7czoyNToiVGF4UmF0ZXNfVEFYUkFURV9PUkRFUl9CWSI7czoxMDoibGlzdF9vcmRlciI7czoxMjoidXNlclByaXZHdWlkIjtzOjM2OiI0NTI2MGY4Yi1lNmJlLWJmMzEtNjFiZi01NWYwOTZlODUwNzciO3M6MTU6ImxvZ2luZXhwaXJhdGlvbiI7czoxOiIwIjtzOjc6ImxvY2tvdXQiO3M6MDoiIjt9');
INSERT INTO `user_preferences`(`id`, `category`, `deleted`, `date_entered`, `date_modified`, `assigned_user_id`, `contents`) VALUES ('64b71336-20f9-dcb8-f07f-5508b4177d82', 'global', 0, '2015-03-17 23:09:42', '2015-12-16 01:22:21', '52fb44da-36d7-1130-4e44-5508b4176df7', 'YTozOTp7czoxMjoibWFpbG1lcmdlX29uIjtzOjM6Im9mZiI7czoxNjoic3dhcF9sYXN0X3ZpZXdlZCI7czowOiIiO3M6MTQ6InN3YXBfc2hvcnRjdXRzIjtzOjA6IiI7czoxNDoibW9kdWxlX2Zhdmljb24iO3M6MDoiIjtzOjEyOiJkaXNwbGF5X3RhYnMiO2E6MTQ6e2k6MDtzOjQ6IkhvbWUiO2k6MTtzOjg6IkFjY291bnRzIjtpOjI7czo4OiJDb250YWN0cyI7aTozO3M6NzoiUmVwb3J0cyI7aTo0O3M6OToiRG9jdW1lbnRzIjtpOjU7czo2OiJFbWFpbHMiO2k6NjtzOjU6IkNhbGxzIjtpOjc7czo1OiJOb3RlcyI7aTo4O3M6NToiQ2FzZXMiO2k6OTtzOjExOiJiYmNybV9TaXRlcyI7aToxMDtzOjE3OiJiYmNybV9TTVNNZXNzYWdlcyI7aToxMTtzOjI0OiJiYmNybV9BY2NvdW50Q29sbGVjdGlvbnMiO2k6MTI7czoxMzoiYmJjcm1fQmFua2luZyI7aToxMztzOjI0OiJiYmNybV9EaXJlY3REZWJpdEhpc3RvcnkiO31zOjk6ImhpZGVfdGFicyI7YTowOnt9czoxMToicmVtb3ZlX3RhYnMiO2E6MDp7fXM6Nzoibm9fb3BwcyI7czozOiJvZmYiO3M6MTM6InJlbWluZGVyX3RpbWUiO3M6NDoiMTgwMCI7czoxOToiZW1haWxfcmVtaW5kZXJfdGltZSI7aTotMTtzOjg6InRpbWV6b25lIjtzOjE5OiJBdXN0cmFsaWEvTWVsYm91cm5lIjtzOjI6InV0IjtzOjE6IjEiO3M6ODoiY3VycmVuY3kiO3M6MzoiLTk5IjtzOjM1OiJkZWZhdWx0X2N1cnJlbmN5X3NpZ25pZmljYW50X2RpZ2l0cyI7czoxOiIyIjtzOjIzOiJjdXJyZW5jeV9zaG93X3ByZWZlcnJlZCI7YjowO3M6MTE6Im51bV9ncnBfc2VwIjtzOjE6IiwiO3M6NzoiZGVjX3NlcCI7czoxOiIuIjtzOjQ6ImZkb3ciO3M6MToiMCI7czo1OiJkYXRlZiI7czo1OiJkL20vWSI7czo1OiJ0aW1lZiI7czo0OiJoOmlhIjtzOjI2OiJkZWZhdWx0X2xvY2FsZV9uYW1lX2Zvcm1hdCI7czo1OiJzIGYgbCI7czoxNjoiZXhwb3J0X2RlbGltaXRlciI7czoxOiIsIjtzOjIyOiJkZWZhdWx0X2V4cG9ydF9jaGFyc2V0IjtzOjU6IlVURi04IjtzOjE0OiJ1c2VfcmVhbF9uYW1lcyI7czoyOiJvbiI7czoxNzoibWFpbF9zbXRwYXV0aF9yZXEiO3M6MDoiIjtzOjEyOiJtYWlsX3NtdHBzc2wiO2k6MDtzOjI3OiJzdWdhcnBkZl9wZGZfZm9udF9uYW1lX21haW4iO3M6OToiaGVsdmV0aWNhIjtzOjI3OiJzdWdhcnBkZl9wZGZfZm9udF9zaXplX21haW4iO3M6MToiOCI7czoyNzoic3VnYXJwZGZfcGRmX2ZvbnRfbmFtZV9kYXRhIjtzOjk6ImhlbHZldGljYSI7czoyNzoic3VnYXJwZGZfcGRmX2ZvbnRfc2l6ZV9kYXRhIjtzOjE6IjgiO3M6MTU6ImVtYWlsX2xpbmtfdHlwZSI7czo1OiJzdWdhciI7czoxNzoiZW1haWxfc2hvd19jb3VudHMiO2k6MDtzOjIwOiJjYWxlbmRhcl9wdWJsaXNoX2tleSI7czozNjoiNmE3MWI5OTctMzk0Mi1hYzYzLTdiNzItNTUwOGI0Y2IwOTUyIjtzOjE1OiJsb2dpbmV4cGlyYXRpb24iO3M6MToiMCI7czo3OiJsb2Nrb3V0IjtzOjA6IiI7czoxMToibG9naW5mYWlsZWQiO3M6MToiMCI7czoxMToiX19zdWdhcl91cmwiO3M6MTg6InYxMC9tZS9wcmVmZXJlbmNlcyI7czoxMDoidXNlcl90aGVtZSI7czo2OiJSYWNlclgiO3M6MjQ6IkVtYWlsc19ET0NVTUVOVF9PUkRFUl9CWSI7czoxMzoiZG9jdW1lbnRfbmFtZSI7fQ==');
INSERT INTO `user_preferences`(`id`, `category`, `deleted`, `date_entered`, `date_modified`, `assigned_user_id`, `contents`) VALUES ('667000c2-2d3c-e72f-79f1-5608d2d46e87', 'Reports2_SAVEDREPORT', 0, '2015-09-28 05:40:27', '2015-09-28 05:40:27', '9a4d3754-caaf-a78c-48a0-55f7334f6922', 'YToxOntzOjEzOiJsaXN0dmlld09yZGVyIjthOjI6e3M6Nzoib3JkZXJCeSI7czoyNjoic2F2ZWRfcmVwb3J0cy5kYXRlX2VudGVyZWQiO3M6OToic29ydE9yZGVyIjtzOjQ6IkRFU0MiO319');
INSERT INTO `user_preferences`(`id`, `category`, `deleted`, `date_entered`, `date_modified`, `assigned_user_id`, `contents`) VALUES ('6791fe93-77a0-600a-486a-55f735802c8a', 'EmailTemplates2_EMAILTEMPLATE', 0, '2015-09-14 21:02:48', '2015-09-14 21:02:48', '1', 'YToxOntzOjEzOiJsaXN0dmlld09yZGVyIjthOjI6e3M6Nzoib3JkZXJCeSI7czoxMjoiZGF0ZV9lbnRlcmVkIjtzOjk6InNvcnRPcmRlciI7czo0OiJERVNDIjt9fQ==');
INSERT INTO `user_preferences`(`id`, `category`, `deleted`, `date_entered`, `date_modified`, `assigned_user_id`, `contents`) VALUES ('69480290-04dd-b5af-2f80-55ff5ab0ab44', 'Reports2_SAVEDREPORT', 0, '2015-09-21 01:17:46', '2015-09-21 01:17:46', 'a3d79684-217c-176f-b8f0-55ff1118da6a', 'YToxOntzOjEzOiJsaXN0dmlld09yZGVyIjthOjI6e3M6Nzoib3JkZXJCeSI7czoyNjoic2F2ZWRfcmVwb3J0cy5kYXRlX2VudGVyZWQiO3M6OToic29ydE9yZGVyIjtzOjQ6IkRFU0MiO319');
INSERT INTO `user_preferences`(`id`, `category`, `deleted`, `date_entered`, `date_modified`, `assigned_user_id`, `contents`) VALUES ('6a024eeb-3dd2-8e3e-bed9-564cf710f154', 'ETag', 0, '2015-11-18 22:12:13', '2015-11-18 22:12:13', '9a48e52f-b35d-e19e-2063-564cd065517d', 'YToxOntzOjEyOiJtYWluTWVudUVUYWciO2k6MTt9');
INSERT INTO `user_preferences`(`id`, `category`, `deleted`, `date_entered`, `date_modified`, `assigned_user_id`, `contents`) VALUES ('6a32969b-4b63-abbf-3259-5598d9b63207', 'ETag', 0, '2015-07-05 07:16:02', '2015-07-05 07:53:02', 'e062c6fe-14f6-208c-3f16-5598d76c90ef', 'YToxOntzOjEyOiJtYWluTWVudUVUYWciO2k6Mzt9');
INSERT INTO `user_preferences`(`id`, `category`, `deleted`, `date_entered`, `date_modified`, `assigned_user_id`, `contents`) VALUES ('6a9e0a86-8c2b-f342-70cb-55f735be15bd', 'ETag', 0, '2015-09-14 21:00:15', '2015-11-11 23:27:45', '9a4d3754-caaf-a78c-48a0-55f7334f6922', 'YToxOntzOjEyOiJtYWluTWVudUVUYWciO2k6NTt9');
INSERT INTO `user_preferences`(`id`, `category`, `deleted`, `date_entered`, `date_modified`, `assigned_user_id`, `contents`) VALUES ('6c8cec1e-1e52-1cdd-0fac-562066252afe', 'sq_CallsQ', 0, '2015-10-16 02:54:55', '2015-10-16 02:55:29', '1', 'YToxOntzOjY6IkNhbGxzUSI7YTo5OntzOjY6Im1vZHVsZSI7czo1OiJDYWxscyI7czo2OiJhY3Rpb24iO3M6NToiaW5kZXgiO3M6MTM6InNlYXJjaEZvcm1UYWIiO3M6MTI6ImJhc2ljX3NlYXJjaCI7czo1OiJxdWVyeSI7czo0OiJ0cnVlIjtzOjEwOiJuYW1lX2Jhc2ljIjtzOjA6IiI7czoyMzoiY3VycmVudF91c2VyX29ubHlfYmFzaWMiO3M6MToiMCI7czoyMDoiZmF2b3JpdGVzX29ubHlfYmFzaWMiO3M6MToiMCI7czoxNToib3Blbl9vbmx5X2Jhc2ljIjtzOjE6IjAiO3M6NjoiYnV0dG9uIjtzOjY6IlNlYXJjaCI7fX0=');
INSERT INTO `user_preferences`(`id`, `category`, `deleted`, `date_entered`, `date_modified`, `assigned_user_id`, `contents`) VALUES ('6cf5c9a7-47bb-1493-a3f7-55f0c868f1a3', 'sq_ReportsQ', 0, '2015-09-10 00:00:06', '2015-09-10 00:04:23', '1bbcf81e-eae2-77f1-471b-54fe9e97fab7', 'YToxOntzOjg6IlJlcG9ydHNRIjthOjE2OntzOjEzOiJzZWFyY2hGb3JtVGFiIjtzOjE1OiJhZHZhbmNlZF9zZWFyY2giO3M6NjoibW9kdWxlIjtzOjc6IlJlcG9ydHMiO3M6NjoiYWN0aW9uIjtzOjU6ImluZGV4IjtzOjU6InF1ZXJ5IjtzOjQ6InRydWUiO3M6NDoibmFtZSI7czowOiIiO3M6MTM6InJlcG9ydF9tb2R1bGUiO2E6MTp7aTowO3M6NToiQ2FsbHMiO31zOjk6InNob3dTU0RJViI7czoyOiJubyI7czoxNzoic2F2ZWRfc2VhcmNoX25hbWUiO3M6MDoiIjtzOjEzOiJzZWFyY2hfbW9kdWxlIjtzOjA6IiI7czoxOToic2F2ZWRfc2VhcmNoX2FjdGlvbiI7czowOiIiO3M6MTQ6ImRpc3BsYXlDb2x1bW5zIjtzOjc0OiJOQU1FfE1PRFVMRXxSRVBPUlRfVFlQRV9UUkFOU3xBU1NJR05FRF9VU0VSX05BTUV8SVNfU0NIRURVTEVEfERBVEVfRU5URVJFRCI7czo4OiJoaWRlVGFicyI7czo5OiJURUFNX05BTUUiO3M6Nzoib3JkZXJCeSI7czo0OiJOQU1FIjtzOjk6InNvcnRPcmRlciI7czozOiJBU0MiO3M6NjoiYnV0dG9uIjtzOjY6IlNlYXJjaCI7czoxOToic2F2ZWRfc2VhcmNoX3NlbGVjdCI7czo1OiJfbm9uZSI7fX0=');
INSERT INTO `user_preferences`(`id`, `category`, `deleted`, `date_entered`, `date_modified`, `assigned_user_id`, `contents`) VALUES ('6cf6a8b5-f8f5-2689-e82e-5508bb8c2cce', 'sq_EmployeesQ', 0, '2015-03-17 23:39:02', '2015-03-17 23:39:02', '28e00331-5e20-77ca-d748-5508b7a05aad', 'YToxOntzOjEwOiJFbXBsb3llZXNRIjthOjQ6e3M6NjoibW9kdWxlIjtzOjk6IkVtcGxveWVlcyI7czo2OiJhY3Rpb24iO3M6NToiaW5kZXgiO3M6NToicXVlcnkiO3M6NDoidHJ1ZSI7czo4OiJid2NGcmFtZSI7czoxOiIxIjt9fQ==');
INSERT INTO `user_preferences`(`id`, `category`, `deleted`, `date_entered`, `date_modified`, `assigned_user_id`, `contents`) VALUES ('6e825298-2397-3c5c-ce56-55c96a1bc9dd', 'OAuthKeys2_OAUTHKEY', 0, '2015-08-11 03:23:50', '2015-08-11 03:23:50', '1', 'YToxOntzOjEzOiJsaXN0dmlld09yZGVyIjthOjI6e3M6Nzoib3JkZXJCeSI7czoxMjoiZGF0ZV9lbnRlcmVkIjtzOjk6InNvcnRPcmRlciI7czo0OiJERVNDIjt9fQ==');
INSERT INTO `user_preferences`(`id`, `category`, `deleted`, `date_entered`, `date_modified`, `assigned_user_id`, `contents`) VALUES ('6f8519c7-1170-836a-e8b6-55ee5538bc25', 'Meetings2_MEETING', 0, '2015-09-08 03:26:45', '2015-09-08 03:26:45', '1bbcf81e-eae2-77f1-471b-54fe9e97fab7', 'YToxOntzOjEzOiJsaXN0dmlld09yZGVyIjthOjI6e3M6Nzoib3JkZXJCeSI7czoxMjoiZGF0ZV9lbnRlcmVkIjtzOjk6InNvcnRPcmRlciI7czo0OiJERVNDIjt9fQ==');
INSERT INTO `user_preferences`(`id`, `category`, `deleted`, `date_entered`, `date_modified`, `assigned_user_id`, `contents`) VALUES ('6fc11566-97d4-93ea-369d-5508bb17f1b1', 'Employees2_EMPLOYEE', 0, '2015-03-17 23:39:02', '2015-03-17 23:39:02', '28e00331-5e20-77ca-d748-5508b7a05aad', 'YToxOntzOjEzOiJsaXN0dmlld09yZGVyIjthOjI6e3M6Nzoib3JkZXJCeSI7czoxMjoiZGF0ZV9lbnRlcmVkIjtzOjk6InNvcnRPcmRlciI7czo0OiJERVNDIjt9fQ==');
INSERT INTO `user_preferences`(`id`, `category`, `deleted`, `date_entered`, `date_modified`, `assigned_user_id`, `contents`) VALUES ('7002e8a7-9e8c-1165-c0c6-5598df8b5b35', 'sq_EmployeesQ', 0, '2015-07-05 07:40:23', '2015-07-05 07:40:23', 'e062c6fe-14f6-208c-3f16-5598d76c90ef', 'YToxOntzOjEwOiJFbXBsb3llZXNRIjthOjQ6e3M6NjoibW9kdWxlIjtzOjk6IkVtcGxveWVlcyI7czo2OiJhY3Rpb24iO3M6NToiaW5kZXgiO3M6NToicXVlcnkiO3M6NDoidHJ1ZSI7czo4OiJid2NGcmFtZSI7czoxOiIxIjt9fQ==');
INSERT INTO `user_preferences`(`id`, `category`, `deleted`, `date_entered`, `date_modified`, `assigned_user_id`, `contents`) VALUES ('700c0957-5f01-b002-7a61-55ce98bc02f0', 'Documents2_DOCUMENT', 0, '2015-08-15 01:39:03', '2015-08-15 01:39:03', '1', 'YToxOntzOjEzOiJsaXN0dmlld09yZGVyIjthOjI6e3M6Nzoib3JkZXJCeSI7czoxMjoiZGF0ZV9lbnRlcmVkIjtzOjk6InNvcnRPcmRlciI7czo0OiJERVNDIjt9fQ==');
INSERT INTO `user_preferences`(`id`, `category`, `deleted`, `date_entered`, `date_modified`, `assigned_user_id`, `contents`) VALUES ('7139ab81-2bc3-5300-5ffc-5598df04688a', 'Employees2_EMPLOYEE', 0, '2015-07-05 07:40:23', '2015-07-05 07:40:23', 'e062c6fe-14f6-208c-3f16-5598d76c90ef', 'YToxOntzOjEzOiJsaXN0dmlld09yZGVyIjthOjI6e3M6Nzoib3JkZXJCeSI7czoxMjoiZGF0ZV9lbnRlcmVkIjtzOjk6InNvcnRPcmRlciI7czo0OiJERVNDIjt9fQ==');
INSERT INTO `user_preferences`(`id`, `category`, `deleted`, `date_entered`, `date_modified`, `assigned_user_id`, `contents`) VALUES ('71ec1472-44b2-fbc9-d2a7-562c62d47118', 'PdfManager2_PDFMANAGER', 0, '2015-10-25 05:04:52', '2015-10-25 05:04:52', '1', 'YToxOntzOjEzOiJsaXN0dmlld09yZGVyIjthOjI6e3M6Nzoib3JkZXJCeSI7czoxMjoiZGF0ZV9lbnRlcmVkIjtzOjk6InNvcnRPcmRlciI7czo0OiJERVNDIjt9fQ==');
INSERT INTO `user_preferences`(`id`, `category`, `deleted`, `date_entered`, `date_modified`, `assigned_user_id`, `contents`) VALUES ('73eea6fd-306e-b73e-1023-564cf780fc53', 'Reports2_SAVEDREPORT', 0, '2015-11-18 22:10:03', '2015-11-18 22:10:03', '9a48e52f-b35d-e19e-2063-564cd065517d', 'YToxOntzOjEzOiJsaXN0dmlld09yZGVyIjthOjI6e3M6Nzoib3JkZXJCeSI7czoyNjoic2F2ZWRfcmVwb3J0cy5kYXRlX2VudGVyZWQiO3M6OToic29ydE9yZGVyIjtzOjQ6IkRFU0MiO319');
INSERT INTO `user_preferences`(`id`, `category`, `deleted`, `date_entered`, `date_modified`, `assigned_user_id`, `contents`) VALUES ('73f66b98-e95e-20ae-5918-5616089064ac', 'Users2_USER', 0, '2015-10-08 06:08:52', '2015-10-08 06:08:52', 'e062c6fe-14f6-208c-3f16-5598d76c90ef', 'YToxOntzOjEzOiJsaXN0dmlld09yZGVyIjthOjI6e3M6Nzoib3JkZXJCeSI7czoxMjoiZGF0ZV9lbnRlcmVkIjtzOjk6InNvcnRPcmRlciI7czo0OiJERVNDIjt9fQ==');
INSERT INTO `user_preferences`(`id`, `category`, `deleted`, `date_entered`, `date_modified`, `assigned_user_id`, `contents`) VALUES ('765dedc1-e029-6d29-4c87-5f801bb75bd0', 'Schedulers2_SCHEDULER', 0, '2020-10-09 08:12:31', '2020-10-09 08:12:31', '52fb44da-36d7-1130-4e44-5508b4176df7', 'YToxOntzOjEzOiJsaXN0dmlld09yZGVyIjthOjI6e3M6Nzoib3JkZXJCeSI7czoxMjoiZGF0ZV9lbnRlcmVkIjtzOjk6InNvcnRPcmRlciI7czo0OiJERVNDIjt9fQ==');
INSERT INTO `user_preferences`(`id`, `category`, `deleted`, `date_entered`, `date_modified`, `assigned_user_id`, `contents`) VALUES ('79040c31-2865-4fd2-52e4-55ff1a158974', 'ETag', 0, '2015-09-20 20:45:41', '2015-09-20 20:45:46', 'f0c4cd9d-53a7-d368-78cf-55ff110047d6', 'YToxOntzOjEyOiJtYWluTWVudUVUYWciO2k6MTt9');
INSERT INTO `user_preferences`(`id`, `category`, `deleted`, `date_entered`, `date_modified`, `assigned_user_id`, `contents`) VALUES ('79e20fd9-a72e-492a-dfd9-55fa0d95345b', 'Accounts2_ACCOUNT', 0, '2015-09-17 00:46:45', '2015-09-17 00:46:45', 'e4e16cef-3efd-b780-6c58-55f25c65a5b7', 'YToxOntzOjEzOiJsaXN0dmlld09yZGVyIjthOjI6e3M6Nzoib3JkZXJCeSI7czoxMjoiZGF0ZV9lbnRlcmVkIjtzOjk6InNvcnRPcmRlciI7czo0OiJERVNDIjt9fQ==');
INSERT INTO `user_preferences`(`id`, `category`, `deleted`, `date_entered`, `date_modified`, `assigned_user_id`, `contents`) VALUES ('7bf4afd2-d5d3-d417-0c69-56305294249d', 'Emails', 0, '2015-10-28 04:42:56', '2015-12-14 22:20:53', 'a3d79684-217c-176f-b8f0-55ff1118da6a', 'YToyOntzOjE1OiJlbWFpbDJQcmVmbGlnaHQiO2I6MTtzOjExOiJmb2N1c0ZvbGRlciI7czo2MjoiYToyOntzOjQ6ImllSWQiO3M6OToidW5kZWZpbmVkIjtzOjY6ImZvbGRlciI7czo5OiJ1bmRlZmluZWQiO30iO30=');
INSERT INTO `user_preferences`(`id`, `category`, `deleted`, `date_entered`, `date_modified`, `assigned_user_id`, `contents`) VALUES ('7f0f8108-e34d-8c38-ebe8-5508b9e72659', 'ETag', 0, '2015-03-17 23:32:28', '2015-11-11 04:42:38', '28e00331-5e20-77ca-d748-5508b7a05aad', 'YToxOntzOjEyOiJtYWluTWVudUVUYWciO2k6Mzt9');
INSERT INTO `user_preferences`(`id`, `category`, `deleted`, `date_entered`, `date_modified`, `assigned_user_id`, `contents`) VALUES ('8013498c-e538-647b-0f24-5508b4a3dfa3', 'ETag', 0, '2015-03-17 23:11:22', '2015-06-12 01:24:33', '52fb44da-36d7-1130-4e44-5508b4176df7', 'YToxOntzOjEyOiJtYWluTWVudUVUYWciO2k6NDt9');
INSERT INTO `user_preferences`(`id`, `category`, `deleted`, `date_entered`, `date_modified`, `assigned_user_id`, `contents`) VALUES ('87d96ef0-5b44-fd40-9e51-5508b89d1558', 'Emails', 0, '2015-03-17 23:26:56', '2015-08-06 02:51:26', '28e00331-5e20-77ca-d748-5508b7a05aad', 'YToyOntzOjE1OiJlbWFpbDJQcmVmbGlnaHQiO2I6MTtzOjExOiJmb2N1c0ZvbGRlciI7czoxMDE6ImE6Mjp7czo0OiJpZUlkIjtzOjM2OiI3MjA3ODY2Mi03ZWE5LTRlN2ItOGRkMC01NTA4Yjg4NjcxNjgiO3M6NjoiZm9sZGVyIjtzOjE5OiJTVUdBUi5NeSBTZW50IEVtYWlsIjt9Ijt9');
INSERT INTO `user_preferences`(`id`, `category`, `deleted`, `date_entered`, `date_modified`, `assigned_user_id`, `contents`) VALUES ('899eb3a9-a28e-e9d1-a2c8-550884988576', 'sq_EmployeesQ', 0, '2015-03-17 19:46:31', '2015-03-17 19:46:31', '1', 'YToxOntzOjEwOiJFbXBsb3llZXNRIjthOjQ6e3M6NjoibW9kdWxlIjtzOjk6IkVtcGxveWVlcyI7czo2OiJhY3Rpb24iO3M6NToiaW5kZXgiO3M6NToicXVlcnkiO3M6NDoidHJ1ZSI7czo4OiJid2NGcmFtZSI7czoxOiIxIjt9fQ==');
INSERT INTO `user_preferences`(`id`, `category`, `deleted`, `date_entered`, `date_modified`, `assigned_user_id`, `contents`) VALUES ('8b5505a6-f168-c01b-18f8-55f25cdd9dfd', 'global', 0, '2015-09-11 04:44:58', '2015-10-07 05:24:42', 'e4e16cef-3efd-b780-6c58-55f25c65a5b7', 'YTo0Mjp7czoxMjoibWFpbG1lcmdlX29uIjtzOjM6Im9mZiI7czoxNjoic3dhcF9sYXN0X3ZpZXdlZCI7czowOiIiO3M6MTQ6InN3YXBfc2hvcnRjdXRzIjtzOjA6IiI7czoxNDoibW9kdWxlX2Zhdmljb24iO3M6MDoiIjtzOjEyOiJkaXNwbGF5X3RhYnMiO2E6MTY6e2k6MDtzOjQ6IkhvbWUiO2k6MTtzOjg6IkFjY291bnRzIjtpOjI7czo4OiJDb250YWN0cyI7aTozO3M6NzoiUmVwb3J0cyI7aTo0O3M6OToiRG9jdW1lbnRzIjtpOjU7czo2OiJFbWFpbHMiO2k6NjtzOjU6IkNhbGxzIjtpOjc7czo1OiJOb3RlcyI7aTo4O3M6NToiQ2FzZXMiO2k6OTtzOjExOiJiYmNybV9TaXRlcyI7aToxMDtzOjE3OiJiYmNybV9TTVNNZXNzYWdlcyI7aToxMTtzOjI0OiJiYmNybV9BY2NvdW50Q29sbGVjdGlvbnMiO2k6MTI7czo4OiJNZWV0aW5ncyI7aToxMztzOjEzOiJiYmNybV9CYW5raW5nIjtpOjE0O3M6MjQ6ImJiY3JtX0RpcmVjdERlYml0SGlzdG9yeSI7aToxNTtzOjE4OiJiYmNybV9NZXRlcmluZ0RhdGEiO31zOjk6ImhpZGVfdGFicyI7YTowOnt9czoxMToicmVtb3ZlX3RhYnMiO2E6MDp7fXM6Nzoibm9fb3BwcyI7czozOiJvZmYiO3M6MTM6InJlbWluZGVyX3RpbWUiO2k6MTgwMDtzOjE5OiJlbWFpbF9yZW1pbmRlcl90aW1lIjtpOi0xO3M6ODoidGltZXpvbmUiO3M6MTk6IkF1c3RyYWxpYS9NZWxib3VybmUiO3M6MjoidXQiO2I6MTtzOjg6ImN1cnJlbmN5IjtzOjM6Ii05OSI7czozNToiZGVmYXVsdF9jdXJyZW5jeV9zaWduaWZpY2FudF9kaWdpdHMiO3M6MToiMiI7czoyMzoiY3VycmVuY3lfc2hvd19wcmVmZXJyZWQiO2I6MDtzOjExOiJudW1fZ3JwX3NlcCI7czoxOiIsIjtzOjc6ImRlY19zZXAiO3M6MToiLiI7czo0OiJmZG93IjtzOjE6IjAiO3M6NToiZGF0ZWYiO3M6NToiZC9tL1kiO3M6NToidGltZWYiO3M6NDoiaDppYSI7czoyNjoiZGVmYXVsdF9sb2NhbGVfbmFtZV9mb3JtYXQiO3M6NToicyBmIGwiO3M6MTY6ImV4cG9ydF9kZWxpbWl0ZXIiO3M6MToiLCI7czoyMjoiZGVmYXVsdF9leHBvcnRfY2hhcnNldCI7czo1OiJVVEYtOCI7czoxNDoidXNlX3JlYWxfbmFtZXMiO3M6Mjoib24iO3M6MTc6Im1haWxfc210cGF1dGhfcmVxIjtzOjA6IiI7czoxMjoibWFpbF9zbXRwc3NsIjtpOjA7czoyNzoic3VnYXJwZGZfcGRmX2ZvbnRfbmFtZV9tYWluIjtzOjk6ImhlbHZldGljYSI7czoyNzoic3VnYXJwZGZfcGRmX2ZvbnRfc2l6ZV9tYWluIjtzOjE6IjgiO3M6Mjc6InN1Z2FycGRmX3BkZl9mb250X25hbWVfZGF0YSI7czo5OiJoZWx2ZXRpY2EiO3M6Mjc6InN1Z2FycGRmX3BkZl9mb250X3NpemVfZGF0YSI7czoxOiI4IjtzOjE1OiJlbWFpbF9saW5rX3R5cGUiO3M6NToic3VnYXIiO3M6MTc6ImVtYWlsX3Nob3dfY291bnRzIjtpOjA7czoyMDoiY2FsZW5kYXJfcHVibGlzaF9rZXkiO3M6MzY6IjEwYTExNjc2LTIwMDktOWIzYy0wY2ZjLTU1ZjI1Y2Y4OWQ5OSI7czoxNToibG9naW5leHBpcmF0aW9uIjtzOjE6IjAiO3M6NzoibG9ja291dCI7czowOiIiO3M6MTE6ImxvZ2luZmFpbGVkIjtzOjE6IjAiO3M6MTE6Il9fc3VnYXJfdXJsIjtzOjE4OiJ2MTAvbWUvcHJlZmVyZW5jZXMiO3M6MTA6InVzZXJfdGhlbWUiO3M6NjoiUmFjZXJYIjtzOjE3OiJzaWduYXR1cmVfZGVmYXVsdCI7czozNjoiOWRkNGY5MWYtOTlhMC0wNDMwLWIwMWUtNTVmNzM2MWIwODI1IjtzOjE3OiJzaWduYXR1cmVfcHJlcGVuZCI7YjowO3M6MjQ6IkVtYWlsc19ET0NVTUVOVF9PUkRFUl9CWSI7czoxMzoiZG9jdW1lbnRfbmFtZSI7czoyNzoiRG9jdW1lbnRzX0RPQ1VNRU5UX09SREVSX0JZIjtzOjEzOiJkb2N1bWVudF9uYW1lIjt9');
INSERT INTO `user_preferences`(`id`, `category`, `deleted`, `date_entered`, `date_modified`, `assigned_user_id`, `contents`) VALUES ('8c56694d-6d8d-b837-82c2-55ff14e58bc5', 'ETag', 0, '2015-09-20 20:18:47', '2015-09-20 20:18:52', 'a3d79684-217c-176f-b8f0-55ff1118da6a', 'YToxOntzOjEyOiJtYWluTWVudUVUYWciO2k6MTt9');
INSERT INTO `user_preferences`(`id`, `category`, `deleted`, `date_entered`, `date_modified`, `assigned_user_id`, `contents`) VALUES ('8c71b9eb-95e1-9f04-15c3-55088447d10f', 'Employees2_EMPLOYEE', 0, '2015-03-17 19:46:31', '2015-03-17 19:46:31', '1', 'YToxOntzOjEzOiJsaXN0dmlld09yZGVyIjthOjI6e3M6Nzoib3JkZXJCeSI7czoxMjoiZGF0ZV9lbnRlcmVkIjtzOjk6InNvcnRPcmRlciI7czo0OiJERVNDIjt9fQ==');
INSERT INTO `user_preferences`(`id`, `category`, `deleted`, `date_entered`, `date_modified`, `assigned_user_id`, `contents`) VALUES ('902a10c4-f98c-5388-2e9c-564948c59af7', 'Emails', 0, '2015-11-16 03:09:24', '2015-11-18 01:11:52', '9a4d3754-caaf-a78c-48a0-55f7334f6922', 'YToyOntzOjE1OiJlbWFpbDJQcmVmbGlnaHQiO2I6MTtzOjExOiJmb2N1c0ZvbGRlciI7czo5NjoiYToyOntzOjQ6ImllSWQiO3M6MzY6IjYxYmE5M2I2LTg3YTAtZWE5MC05MDY3LTU2NDk0ODQ1MmM2MyI7czo2OiJmb2xkZXIiO3M6MTQ6IlNVR0FSLk15IEVtYWlsIjt9Ijt9');
INSERT INTO `user_preferences`(`id`, `category`, `deleted`, `date_entered`, `date_modified`, `assigned_user_id`, `contents`) VALUES ('911fdda3-cfc4-2b8d-eaad-5f8010494abc', 'PdfManager2_PDFMANAGER', 0, '2020-10-09 07:27:15', '2020-10-09 07:27:15', '52fb44da-36d7-1130-4e44-5508b4176df7', 'YToxOntzOjEzOiJsaXN0dmlld09yZGVyIjthOjI6e3M6Nzoib3JkZXJCeSI7czoxMjoiZGF0ZV9lbnRlcmVkIjtzOjk6InNvcnRPcmRlciI7czo0OiJERVNDIjt9fQ==');
INSERT INTO `user_preferences`(`id`, `category`, `deleted`, `date_entered`, `date_modified`, `assigned_user_id`, `contents`) VALUES ('93402e3b-34c5-8763-a08a-55f0c7ae4cf3', 'Reports2_SAVEDREPORT', 0, '2015-09-09 23:59:51', '2015-09-10 00:00:06', '1bbcf81e-eae2-77f1-471b-54fe9e97fab7', 'YToxOntzOjEzOiJsaXN0dmlld09yZGVyIjthOjI6e3M6Nzoib3JkZXJCeSI7czo0OiJuYW1lIjtzOjk6InNvcnRPcmRlciI7czozOiJBU0MiO319');
INSERT INTO `user_preferences`(`id`, `category`, `deleted`, `date_entered`, `date_modified`, `assigned_user_id`, `contents`) VALUES ('953f9e1a-dd2b-e5e7-dc1f-56109b50b8cb', 'Schedulers2_SCHEDULER', 0, '2015-10-04 03:24:10', '2015-10-04 03:24:10', '1', 'YToxOntzOjEzOiJsaXN0dmlld09yZGVyIjthOjI6e3M6Nzoib3JkZXJCeSI7czoxMjoiZGF0ZV9lbnRlcmVkIjtzOjk6InNvcnRPcmRlciI7czo0OiJERVNDIjt9fQ==');
INSERT INTO `user_preferences`(`id`, `category`, `deleted`, `date_entered`, `date_modified`, `assigned_user_id`, `contents`) VALUES ('95497dd0-8065-867e-4d40-55664e5ebaa2', 'sq_ReportsQ', 0, '2015-05-27 23:09:22', '2015-12-07 23:27:17', '1', 'YToxOntzOjg6IlJlcG9ydHNRIjthOjE2OntzOjEzOiJzZWFyY2hGb3JtVGFiIjtzOjE1OiJhZHZhbmNlZF9zZWFyY2giO3M6NjoibW9kdWxlIjtzOjc6IlJlcG9ydHMiO3M6NjoiYWN0aW9uIjtzOjU6ImluZGV4IjtzOjU6InF1ZXJ5IjtzOjQ6InRydWUiO3M6NDoibmFtZSI7czowOiIiO3M6MTM6InJlcG9ydF9tb2R1bGUiO2E6MTp7aTowO3M6ODoiQWNjb3VudHMiO31zOjk6InNob3dTU0RJViI7czoyOiJubyI7czoxNzoic2F2ZWRfc2VhcmNoX25hbWUiO3M6MDoiIjtzOjEzOiJzZWFyY2hfbW9kdWxlIjtzOjA6IiI7czoxOToic2F2ZWRfc2VhcmNoX2FjdGlvbiI7czowOiIiO3M6MTQ6ImRpc3BsYXlDb2x1bW5zIjtzOjc0OiJOQU1FfE1PRFVMRXxSRVBPUlRfVFlQRV9UUkFOU3xBU1NJR05FRF9VU0VSX05BTUV8SVNfU0NIRURVTEVEfERBVEVfRU5URVJFRCI7czo4OiJoaWRlVGFicyI7czo5OiJURUFNX05BTUUiO3M6Nzoib3JkZXJCeSI7czo0OiJOQU1FIjtzOjk6InNvcnRPcmRlciI7czozOiJBU0MiO3M6NjoiYnV0dG9uIjtzOjY6IlNlYXJjaCI7czoxOToic2F2ZWRfc2VhcmNoX3NlbGVjdCI7czo1OiJfbm9uZSI7fX0=');
INSERT INTO `user_preferences`(`id`, `category`, `deleted`, `date_entered`, `date_modified`, `assigned_user_id`, `contents`) VALUES ('98045071-ba99-9252-91f6-55664e704f9f', 'Reports2_SAVEDREPORT', 0, '2015-05-27 23:09:22', '2015-09-09 20:27:18', '1', 'YToxOntzOjEzOiJsaXN0dmlld09yZGVyIjthOjI6e3M6Nzoib3JkZXJCeSI7czo0OiJuYW1lIjtzOjk6InNvcnRPcmRlciI7czozOiJBU0MiO319');
INSERT INTO `user_preferences`(`id`, `category`, `deleted`, `date_entered`, `date_modified`, `assigned_user_id`, `contents`) VALUES ('9e160c33-bd73-11b6-fb91-5507a1a2b6d2', 'sq_SchedulersQ', 0, '2015-03-17 03:38:31', '2020-10-08 06:27:34', '1bbcf81e-eae2-77f1-471b-54fe9e97fab7', 'YToxOntzOjExOiJTY2hlZHVsZXJzUSI7YTo2OntzOjY6Im1vZHVsZSI7czoxMDoiU2NoZWR1bGVycyI7czo2OiJhY3Rpb24iO3M6NToiaW5kZXgiO3M6MTM6InNlYXJjaEZvcm1UYWIiO3M6MTI6ImJhc2ljX3NlYXJjaCI7czo1OiJxdWVyeSI7czo0OiJ0cnVlIjtzOjEwOiJuYW1lX2Jhc2ljIjtzOjA6IiI7czo2OiJidXR0b24iO3M6NjoiU2VhcmNoIjt9fQ==');
INSERT INTO `user_preferences`(`id`, `category`, `deleted`, `date_entered`, `date_modified`, `assigned_user_id`, `contents`) VALUES ('9e369b4d-8c9e-8e46-c030-55f25d141b57', 'Documents2_DOCUMENT', 0, '2015-09-11 04:52:09', '2015-09-11 04:52:09', 'e4e16cef-3efd-b780-6c58-55f25c65a5b7', 'YToxOntzOjEzOiJsaXN0dmlld09yZGVyIjthOjI6e3M6Nzoib3JkZXJCeSI7czoxMjoiZGF0ZV9lbnRlcmVkIjtzOjk6InNvcnRPcmRlciI7czo0OiJERVNDIjt9fQ==');
INSERT INTO `user_preferences`(`id`, `category`, `deleted`, `date_entered`, `date_modified`, `assigned_user_id`, `contents`) VALUES ('a1e9b472-ddc0-51a3-40bd-5599fa8f2c02', 'Emails', 0, '2015-07-06 03:46:13', '2015-07-06 03:46:25', 'e062c6fe-14f6-208c-3f16-5598d76c90ef', 'YToyOntzOjE1OiJlbWFpbDJQcmVmbGlnaHQiO2I6MTtzOjExOiJmb2N1c0ZvbGRlciI7czoxMDE6ImE6Mjp7czo0OiJpZUlkIjtzOjM2OiI4ZTcxNDZiZC02MzRkLTY0OWItMGNlNS01NTk5ZmE0ZTNiNDgiO3M6NjoiZm9sZGVyIjtzOjE5OiJTVUdBUi5NeSBTZW50IEVtYWlsIjt9Ijt9');
INSERT INTO `user_preferences`(`id`, `category`, `deleted`, `date_entered`, `date_modified`, `assigned_user_id`, `contents`) VALUES ('a6b80bf0-b1dd-9553-1d7c-5600ac55ac2b', 'Calls2_CALL', 0, '2015-09-22 01:18:19', '2015-09-22 01:18:19', 'f0c4cd9d-53a7-d368-78cf-55ff110047d6', 'YToxOntzOjEzOiJsaXN0dmlld09yZGVyIjthOjI6e3M6Nzoib3JkZXJCeSI7czoxMjoiZGF0ZV9lbnRlcmVkIjtzOjk6InNvcnRPcmRlciI7czo0OiJERVNDIjt9fQ==');
INSERT INTO `user_preferences`(`id`, `category`, `deleted`, `date_entered`, `date_modified`, `assigned_user_id`, `contents`) VALUES ('ad005bb0-8316-a786-e676-5578d3bc664a', 'Documents2_DOCUMENT', 0, '2015-06-11 00:18:37', '2015-06-11 00:18:37', '52fb44da-36d7-1130-4e44-5508b4176df7', 'YToxOntzOjEzOiJsaXN0dmlld09yZGVyIjthOjI6e3M6Nzoib3JkZXJCeSI7czoxMjoiZGF0ZV9lbnRlcmVkIjtzOjk6InNvcnRPcmRlciI7czo0OiJERVNDIjt9fQ==');
INSERT INTO `user_preferences`(`id`, `category`, `deleted`, `date_entered`, `date_modified`, `assigned_user_id`, `contents`) VALUES ('adffce74-3ff0-8d49-a5df-5625b41ee88d', 'sq_ReportsQ', 0, '2015-10-20 03:26:06', '2015-11-05 06:01:08', 'e4e16cef-3efd-b780-6c58-55f25c65a5b7', 'YToxOntzOjg6IlJlcG9ydHNRIjthOjY6e3M6NjoibW9kdWxlIjtzOjc6IlJlcG9ydHMiO3M6NjoiYWN0aW9uIjtzOjU6ImluZGV4IjtzOjQ6InZpZXciO3M6ODoiQWNjb3VudHMiO3M6NToicXVlcnkiO3M6NDoidHJ1ZSI7czoxMzoicmVwb3J0X21vZHVsZSI7czo4OiJBY2NvdW50cyI7czo4OiJid2NGcmFtZSI7czoxOiIxIjt9fQ==');
INSERT INTO `user_preferences`(`id`, `category`, `deleted`, `date_entered`, `date_modified`, `assigned_user_id`, `contents`) VALUES ('b36f045e-6baa-d5bd-8169-550671019b46', 'ETag', 0, '2015-03-16 05:59:32', '2020-10-12 03:18:16', '1', 'YToxOntzOjEyOiJtYWluTWVudUVUYWciO2k6OTt9');
INSERT INTO `user_preferences`(`id`, `category`, `deleted`, `date_entered`, `date_modified`, `assigned_user_id`, `contents`) VALUES ('b3bfee77-492c-b2d7-eae3-55f7331db30f', 'global', 0, '2015-09-14 20:53:22', '2015-09-22 23:22:07', '9a4d3754-caaf-a78c-48a0-55f7334f6922', 'YTozODp7czoxMjoibWFpbG1lcmdlX29uIjtzOjM6Im9mZiI7czoxNjoic3dhcF9sYXN0X3ZpZXdlZCI7czowOiIiO3M6MTQ6InN3YXBfc2hvcnRjdXRzIjtzOjA6IiI7czoxNDoibW9kdWxlX2Zhdmljb24iO3M6MDoiIjtzOjEyOiJkaXNwbGF5X3RhYnMiO2E6MTY6e2k6MDtzOjQ6IkhvbWUiO2k6MTtzOjg6IkFjY291bnRzIjtpOjI7czo4OiJDb250YWN0cyI7aTozO3M6NzoiUmVwb3J0cyI7aTo0O3M6OToiRG9jdW1lbnRzIjtpOjU7czo2OiJFbWFpbHMiO2k6NjtzOjU6IkNhbGxzIjtpOjc7czo1OiJOb3RlcyI7aTo4O3M6NToiQ2FzZXMiO2k6OTtzOjExOiJiYmNybV9TaXRlcyI7aToxMDtzOjE3OiJiYmNybV9TTVNNZXNzYWdlcyI7aToxMTtzOjI0OiJiYmNybV9BY2NvdW50Q29sbGVjdGlvbnMiO2k6MTI7czo4OiJNZWV0aW5ncyI7aToxMztzOjEzOiJiYmNybV9CYW5raW5nIjtpOjE0O3M6MjQ6ImJiY3JtX0RpcmVjdERlYml0SGlzdG9yeSI7aToxNTtzOjE4OiJiYmNybV9NZXRlcmluZ0RhdGEiO31zOjk6ImhpZGVfdGFicyI7YTowOnt9czoxMToicmVtb3ZlX3RhYnMiO2E6MDp7fXM6Nzoibm9fb3BwcyI7czozOiJvZmYiO3M6MTM6InJlbWluZGVyX3RpbWUiO3M6NDoiMTgwMCI7czoxOToiZW1haWxfcmVtaW5kZXJfdGltZSI7aTotMTtzOjg6InRpbWV6b25lIjtzOjE5OiJBdXN0cmFsaWEvTWVsYm91cm5lIjtzOjI6InV0IjtzOjE6IjEiO3M6ODoiY3VycmVuY3kiO3M6MzoiLTk5IjtzOjM1OiJkZWZhdWx0X2N1cnJlbmN5X3NpZ25pZmljYW50X2RpZ2l0cyI7czoxOiIyIjtzOjIzOiJjdXJyZW5jeV9zaG93X3ByZWZlcnJlZCI7YjowO3M6MTE6Im51bV9ncnBfc2VwIjtzOjE6IiwiO3M6NzoiZGVjX3NlcCI7czoxOiIuIjtzOjQ6ImZkb3ciO3M6MToiMCI7czo1OiJkYXRlZiI7czo1OiJkL20vWSI7czo1OiJ0aW1lZiI7czo0OiJoOmlhIjtzOjI2OiJkZWZhdWx0X2xvY2FsZV9uYW1lX2Zvcm1hdCI7czo1OiJzIGYgbCI7czoxNjoiZXhwb3J0X2RlbGltaXRlciI7czoxOiIsIjtzOjIyOiJkZWZhdWx0X2V4cG9ydF9jaGFyc2V0IjtzOjU6IlVURi04IjtzOjE0OiJ1c2VfcmVhbF9uYW1lcyI7czoyOiJvbiI7czoxNzoibWFpbF9zbXRwYXV0aF9yZXEiO3M6MDoiIjtzOjEyOiJtYWlsX3NtdHBzc2wiO2k6MDtzOjI3OiJzdWdhcnBkZl9wZGZfZm9udF9uYW1lX21haW4iO3M6OToiaGVsdmV0aWNhIjtzOjI3OiJzdWdhcnBkZl9wZGZfZm9udF9zaXplX21haW4iO3M6MToiOCI7czoyNzoic3VnYXJwZGZfcGRmX2ZvbnRfbmFtZV9kYXRhIjtzOjk6ImhlbHZldGljYSI7czoyNzoic3VnYXJwZGZfcGRmX2ZvbnRfc2l6ZV9kYXRhIjtzOjE6IjgiO3M6MTU6ImVtYWlsX2xpbmtfdHlwZSI7czo1OiJzdWdhciI7czoxNzoiZW1haWxfc2hvd19jb3VudHMiO2k6MDtzOjIwOiJjYWxlbmRhcl9wdWJsaXNoX2tleSI7czozNjoiYmJiMjQxMGItNDE0MC01ODdmLTlhNmEtNTVmNzMzMGI2ZjNjIjtzOjE1OiJsb2dpbmV4cGlyYXRpb24iO3M6MToiMCI7czo3OiJsb2Nrb3V0IjtzOjA6IiI7czoxMToibG9naW5mYWlsZWQiO3M6MToiMCI7czoxMToiX19zdWdhcl91cmwiO3M6MTg6InYxMC9tZS9wcmVmZXJlbmNlcyI7czoxMDoidXNlcl90aGVtZSI7czo2OiJSYWNlclgiO30=');
INSERT INTO `user_preferences`(`id`, `category`, `deleted`, `date_entered`, `date_modified`, `assigned_user_id`, `contents`) VALUES ('b4c08453-f48c-974f-e144-564cd009786c', 'global', 0, '2015-11-18 19:26:48', '2015-12-06 21:44:00', '9a48e52f-b35d-e19e-2063-564cd065517d', 'YTozODp7czoxMjoibWFpbG1lcmdlX29uIjtzOjM6Im9mZiI7czoxNjoic3dhcF9sYXN0X3ZpZXdlZCI7czowOiIiO3M6MTQ6InN3YXBfc2hvcnRjdXRzIjtzOjA6IiI7czoxNDoibW9kdWxlX2Zhdmljb24iO3M6MDoiIjtzOjEyOiJkaXNwbGF5X3RhYnMiO2E6MTY6e2k6MDtzOjQ6IkhvbWUiO2k6MTtzOjg6IkFjY291bnRzIjtpOjI7czo4OiJDb250YWN0cyI7aTozO3M6NzoiUmVwb3J0cyI7aTo0O3M6OToiRG9jdW1lbnRzIjtpOjU7czo2OiJFbWFpbHMiO2k6NjtzOjU6IkNhbGxzIjtpOjc7czo1OiJOb3RlcyI7aTo4O3M6NToiQ2FzZXMiO2k6OTtzOjg6Ik1lZXRpbmdzIjtpOjEwO3M6MTE6ImJiY3JtX1NpdGVzIjtpOjExO3M6MTc6ImJiY3JtX1NNU01lc3NhZ2VzIjtpOjEyO3M6MjQ6ImJiY3JtX0FjY291bnRDb2xsZWN0aW9ucyI7aToxMztzOjEzOiJiYmNybV9CYW5raW5nIjtpOjE0O3M6MjQ6ImJiY3JtX0RpcmVjdERlYml0SGlzdG9yeSI7aToxNTtzOjE4OiJiYmNybV9NZXRlcmluZ0RhdGEiO31zOjk6ImhpZGVfdGFicyI7YTowOnt9czoxMToicmVtb3ZlX3RhYnMiO2E6MDp7fXM6Nzoibm9fb3BwcyI7czozOiJvZmYiO3M6MTM6InJlbWluZGVyX3RpbWUiO2k6MTgwMDtzOjE5OiJlbWFpbF9yZW1pbmRlcl90aW1lIjtpOi0xO3M6ODoidGltZXpvbmUiO3M6MTk6IkF1c3RyYWxpYS9NZWxib3VybmUiO3M6MjoidXQiO2I6MTtzOjg6ImN1cnJlbmN5IjtzOjM6Ii05OSI7czozNToiZGVmYXVsdF9jdXJyZW5jeV9zaWduaWZpY2FudF9kaWdpdHMiO3M6MToiMiI7czoyMzoiY3VycmVuY3lfc2hvd19wcmVmZXJyZWQiO2I6MDtzOjExOiJudW1fZ3JwX3NlcCI7czoxOiIsIjtzOjc6ImRlY19zZXAiO3M6MToiLiI7czo0OiJmZG93IjtzOjE6IjAiO3M6NToiZGF0ZWYiO3M6NToiZC9tL1kiO3M6NToidGltZWYiO3M6NDoiaDppYSI7czoyNjoiZGVmYXVsdF9sb2NhbGVfbmFtZV9mb3JtYXQiO3M6NToicyBmIGwiO3M6MTY6ImV4cG9ydF9kZWxpbWl0ZXIiO3M6MToiLCI7czoyMjoiZGVmYXVsdF9leHBvcnRfY2hhcnNldCI7czo1OiJVVEYtOCI7czoxNDoidXNlX3JlYWxfbmFtZXMiO3M6Mjoib24iO3M6MTc6Im1haWxfc210cGF1dGhfcmVxIjtzOjA6IiI7czoxMjoibWFpbF9zbXRwc3NsIjtpOjA7czoyNzoic3VnYXJwZGZfcGRmX2ZvbnRfbmFtZV9tYWluIjtzOjk6ImhlbHZldGljYSI7czoyNzoic3VnYXJwZGZfcGRmX2ZvbnRfc2l6ZV9tYWluIjtzOjE6IjgiO3M6Mjc6InN1Z2FycGRmX3BkZl9mb250X25hbWVfZGF0YSI7czo5OiJoZWx2ZXRpY2EiO3M6Mjc6InN1Z2FycGRmX3BkZl9mb250X3NpemVfZGF0YSI7czoxOiI4IjtzOjE1OiJlbWFpbF9saW5rX3R5cGUiO3M6NToic3VnYXIiO3M6MTc6ImVtYWlsX3Nob3dfY291bnRzIjtpOjA7czoyMDoiY2FsZW5kYXJfcHVibGlzaF9rZXkiO3M6MzY6ImJkNWI5ZmJkLTdjYzQtZGJhZC0wYjdkLTU2NGNkMDI1NzY2NSI7czoxNToibG9naW5leHBpcmF0aW9uIjtzOjE6IjAiO3M6NzoibG9ja291dCI7czowOiIiO3M6MTE6ImxvZ2luZmFpbGVkIjtzOjE6IjAiO3M6MTE6Il9fc3VnYXJfdXJsIjtzOjE4OiJ2MTAvbWUvcHJlZmVyZW5jZXMiO3M6MTA6InVzZXJfdGhlbWUiO3M6NjoiUmFjZXJYIjt9');
INSERT INTO `user_preferences`(`id`, `category`, `deleted`, `date_entered`, `date_modified`, `assigned_user_id`, `contents`) VALUES ('b8550a63-70b6-1a37-39bc-5508b8acf02d', 'Calls2_CALL', 0, '2015-03-17 23:27:10', '2015-03-17 23:27:10', '28e00331-5e20-77ca-d748-5508b7a05aad', 'YToxOntzOjEzOiJsaXN0dmlld09yZGVyIjthOjI6e3M6Nzoib3JkZXJCeSI7czoxMjoiZGF0ZV9lbnRlcmVkIjtzOjk6InNvcnRPcmRlciI7czo0OiJERVNDIjt9fQ==');
INSERT INTO `user_preferences`(`id`, `category`, `deleted`, `date_entered`, `date_modified`, `assigned_user_id`, `contents`) VALUES ('bbe6df0b-44ae-4dc0-66c6-5599c5fb06d1', 'Reports2_SAVEDREPORT', 0, '2015-07-06 00:03:47', '2015-07-06 00:03:47', 'e062c6fe-14f6-208c-3f16-5598d76c90ef', 'YToxOntzOjEzOiJsaXN0dmlld09yZGVyIjthOjI6e3M6Nzoib3JkZXJCeSI7czoyNjoic2F2ZWRfcmVwb3J0cy5kYXRlX2VudGVyZWQiO3M6OToic29ydE9yZGVyIjtzOjQ6IkRFU0MiO319');
INSERT INTO `user_preferences`(`id`, `category`, `deleted`, `date_entered`, `date_modified`, `assigned_user_id`, `contents`) VALUES ('bd458ccc-5f47-0636-4848-55ff110e0033', 'global', 0, '2015-09-20 20:05:30', '2015-11-06 05:29:42', 'a3d79684-217c-176f-b8f0-55ff1118da6a', 'YTozOTp7czoxMjoibWFpbG1lcmdlX29uIjtzOjM6Im9mZiI7czoxNjoic3dhcF9sYXN0X3ZpZXdlZCI7czowOiIiO3M6MTQ6InN3YXBfc2hvcnRjdXRzIjtzOjA6IiI7czoxNDoibW9kdWxlX2Zhdmljb24iO3M6MDoiIjtzOjEyOiJkaXNwbGF5X3RhYnMiO2E6MTY6e2k6MDtzOjQ6IkhvbWUiO2k6MTtzOjg6IkFjY291bnRzIjtpOjI7czo4OiJDb250YWN0cyI7aTozO3M6NzoiUmVwb3J0cyI7aTo0O3M6OToiRG9jdW1lbnRzIjtpOjU7czo2OiJFbWFpbHMiO2k6NjtzOjU6IkNhbGxzIjtpOjc7czo1OiJOb3RlcyI7aTo4O3M6NToiQ2FzZXMiO2k6OTtzOjExOiJiYmNybV9TaXRlcyI7aToxMDtzOjE3OiJiYmNybV9TTVNNZXNzYWdlcyI7aToxMTtzOjI0OiJiYmNybV9BY2NvdW50Q29sbGVjdGlvbnMiO2k6MTI7czo4OiJNZWV0aW5ncyI7aToxMztzOjEzOiJiYmNybV9CYW5raW5nIjtpOjE0O3M6MjQ6ImJiY3JtX0RpcmVjdERlYml0SGlzdG9yeSI7aToxNTtzOjE4OiJiYmNybV9NZXRlcmluZ0RhdGEiO31zOjk6ImhpZGVfdGFicyI7YTowOnt9czoxMToicmVtb3ZlX3RhYnMiO2E6MDp7fXM6Nzoibm9fb3BwcyI7czozOiJvZmYiO3M6MTM6InJlbWluZGVyX3RpbWUiO3M6NDoiMTgwMCI7czoxOToiZW1haWxfcmVtaW5kZXJfdGltZSI7aTotMTtzOjg6InRpbWV6b25lIjtzOjE5OiJBdXN0cmFsaWEvTWVsYm91cm5lIjtzOjI6InV0IjtzOjE6IjEiO3M6ODoiY3VycmVuY3kiO3M6MzoiLTk5IjtzOjM1OiJkZWZhdWx0X2N1cnJlbmN5X3NpZ25pZmljYW50X2RpZ2l0cyI7czoxOiIyIjtzOjIzOiJjdXJyZW5jeV9zaG93X3ByZWZlcnJlZCI7YjowO3M6MTE6Im51bV9ncnBfc2VwIjtzOjE6IiwiO3M6NzoiZGVjX3NlcCI7czoxOiIuIjtzOjQ6ImZkb3ciO3M6MToiMCI7czo1OiJkYXRlZiI7czo1OiJkL20vWSI7czo1OiJ0aW1lZiI7czo0OiJoOmlhIjtzOjI2OiJkZWZhdWx0X2xvY2FsZV9uYW1lX2Zvcm1hdCI7czo1OiJzIGYgbCI7czoxNjoiZXhwb3J0X2RlbGltaXRlciI7czoxOiIsIjtzOjIyOiJkZWZhdWx0X2V4cG9ydF9jaGFyc2V0IjtzOjU6IlVURi04IjtzOjE0OiJ1c2VfcmVhbF9uYW1lcyI7czoyOiJvbiI7czoxNzoibWFpbF9zbXRwYXV0aF9yZXEiO3M6MDoiIjtzOjEyOiJtYWlsX3NtdHBzc2wiO2k6MDtzOjI3OiJzdWdhcnBkZl9wZGZfZm9udF9uYW1lX21haW4iO3M6OToiaGVsdmV0aWNhIjtzOjI3OiJzdWdhcnBkZl9wZGZfZm9udF9zaXplX21haW4iO3M6MToiOCI7czoyNzoic3VnYXJwZGZfcGRmX2ZvbnRfbmFtZV9kYXRhIjtzOjk6ImhlbHZldGljYSI7czoyNzoic3VnYXJwZGZfcGRmX2ZvbnRfc2l6ZV9kYXRhIjtzOjE6IjgiO3M6MTU6ImVtYWlsX2xpbmtfdHlwZSI7czo1OiJzdWdhciI7czoxNzoiZW1haWxfc2hvd19jb3VudHMiO2k6MDtzOjIwOiJjYWxlbmRhcl9wdWJsaXNoX2tleSI7czozNjoiYzVmMWFkYWQtZDJkNi1kOTE3LTQ3YjctNTVmZjExNjM5OTc4IjtzOjE1OiJsb2dpbmV4cGlyYXRpb24iO3M6MToiMCI7czo3OiJsb2Nrb3V0IjtzOjA6IiI7czoxMToibG9naW5mYWlsZWQiO3M6MToiMCI7czoxMToiX19zdWdhcl91cmwiO3M6MTg6InYxMC9tZS9wcmVmZXJlbmNlcyI7czoxMDoidXNlcl90aGVtZSI7czo2OiJSYWNlclgiO3M6Mjc6IkRvY3VtZW50c19ET0NVTUVOVF9PUkRFUl9CWSI7czoxMzoiZG9jdW1lbnRfbmFtZSI7fQ==');
INSERT INTO `user_preferences`(`id`, `category`, `deleted`, `date_entered`, `date_modified`, `assigned_user_id`, `contents`) VALUES ('bda06aef-1fff-33d0-6e0c-564cf652e25f', 'sq_EmployeesQ', 0, '2015-11-18 22:07:14', '2015-11-18 22:07:14', '9a48e52f-b35d-e19e-2063-564cd065517d', 'YToxOntzOjEwOiJFbXBsb3llZXNRIjthOjQ6e3M6NjoibW9kdWxlIjtzOjk6IkVtcGxveWVlcyI7czo2OiJhY3Rpb24iO3M6NToiaW5kZXgiO3M6NToicXVlcnkiO3M6NDoidHJ1ZSI7czo4OiJid2NGcmFtZSI7czoxOiIxIjt9fQ==');
INSERT INTO `user_preferences`(`id`, `category`, `deleted`, `date_entered`, `date_modified`, `assigned_user_id`, `contents`) VALUES ('bf73eb06-2ba9-ad78-3372-54feab1a1bbe', 'ETag', 0, '2015-03-10 08:29:52', '2019-03-14 05:49:52', '1bbcf81e-eae2-77f1-471b-54fe9e97fab7', 'YToxOntzOjEyOiJtYWluTWVudUVUYWciO2k6OTt9');
INSERT INTO `user_preferences`(`id`, `category`, `deleted`, `date_entered`, `date_modified`, `assigned_user_id`, `contents`) VALUES ('c0628367-fa63-8b28-8ffd-564cf6c3d5c6', 'Employees2_EMPLOYEE', 0, '2015-11-18 22:07:14', '2015-11-18 22:07:14', '9a48e52f-b35d-e19e-2063-564cd065517d', 'YToxOntzOjEzOiJsaXN0dmlld09yZGVyIjthOjI6e3M6Nzoib3JkZXJCeSI7czoxMjoiZGF0ZV9lbnRlcmVkIjtzOjk6InNvcnRPcmRlciI7czo0OiJERVNDIjt9fQ==');
INSERT INTO `user_preferences`(`id`, `category`, `deleted`, `date_entered`, `date_modified`, `assigned_user_id`, `contents`) VALUES ('c563d42d-b318-114a-42a9-5508b577cea7', 'Calls2_CALL', 0, '2015-03-17 23:14:14', '2015-03-17 23:14:14', '52fb44da-36d7-1130-4e44-5508b4176df7', 'YToxOntzOjEzOiJsaXN0dmlld09yZGVyIjthOjI6e3M6Nzoib3JkZXJCeSI7czoxMjoiZGF0ZV9lbnRlcmVkIjtzOjk6InNvcnRPcmRlciI7czo0OiJERVNDIjt9fQ==');
INSERT INTO `user_preferences`(`id`, `category`, `deleted`, `date_entered`, `date_modified`, `assigned_user_id`, `contents`) VALUES ('d18038d0-f6bb-f94f-e91b-5642c1c74542', 'ETag', 0, '2015-11-11 04:17:51', '2015-11-11 04:20:05', '25b2d28e-80a4-5e57-9a7d-5642c1ea2b68', 'YToxOntzOjEyOiJtYWluTWVudUVUYWciO2k6MTt9');
INSERT INTO `user_preferences`(`id`, `category`, `deleted`, `date_entered`, `date_modified`, `assigned_user_id`, `contents`) VALUES ('d51d072b-89c2-9ef9-297c-55f0e7d6708d', 'Calls2_CALL', 0, '2015-09-10 02:12:42', '2015-09-10 02:15:04', '1', 'YToxOntzOjEzOiJsaXN0dmlld09yZGVyIjthOjI6e3M6Nzoib3JkZXJCeSI7czoxMDoiZGF0ZV9zdGFydCI7czo5OiJzb3J0T3JkZXIiO3M6MzoiQVNDIjt9fQ==');
INSERT INTO `user_preferences`(`id`, `category`, `deleted`, `date_entered`, `date_modified`, `assigned_user_id`, `contents`) VALUES ('d8625203-8f93-ff7d-7493-558cbe413e8b', 'sq_ReportsQ', 0, '2015-06-26 02:50:59', '2015-11-05 20:42:46', '28e00331-5e20-77ca-d748-5508b7a05aad', 'YToxOntzOjg6IlJlcG9ydHNRIjthOjE4OntzOjEzOiJzZWFyY2hGb3JtVGFiIjtzOjE1OiJhZHZhbmNlZF9zZWFyY2giO3M6NjoibW9kdWxlIjtzOjc6IlJlcG9ydHMiO3M6NjoiYWN0aW9uIjtzOjU6ImluZGV4IjtzOjU6InF1ZXJ5IjtzOjQ6InRydWUiO3M6NDoibmFtZSI7czowOiIiO3M6MTM6InJlcG9ydF9tb2R1bGUiO2E6MTp7aTowO3M6MjI6ImJiY3JtX0ludGVydmFsUmVhZGluZ3MiO31zOjExOiJyZXBvcnRfdHlwZSI7YToxOntpOjA7czo3OiJ0YWJ1bGFyIjt9czoxNjoiYXNzaWduZWRfdXNlcl9pZCI7YToxOntpOjA7czozNjoiMjhlMDAzMzEtNWUyMC03N2NhLWQ3NDgtNTUwOGI3YTA1YWFkIjt9czo3OiJ0ZWFtX2lkIjthOjE6e2k6MDtzOjM2OiIzMzcxYTA2OS1jOGQyLTRjZjUtMDM0Ni01NTA4YjdkNTNkMDciO31zOjk6InNob3dTU0RJViI7czoyOiJubyI7czoxNzoic2F2ZWRfc2VhcmNoX25hbWUiO3M6MTk6InN0b2NrbGFuZCB3ZXRoZXJpbGwiO3M6MTM6InNlYXJjaF9tb2R1bGUiO3M6MDoiIjtzOjE5OiJzYXZlZF9zZWFyY2hfYWN0aW9uIjtzOjA6IiI7czoxNDoiZGlzcGxheUNvbHVtbnMiO3M6NzQ6Ik5BTUV8TU9EVUxFfFJFUE9SVF9UWVBFX1RSQU5TfEFTU0lHTkVEX1VTRVJfTkFNRXxJU19TQ0hFRFVMRUR8REFURV9FTlRFUkVEIjtzOjg6ImhpZGVUYWJzIjtzOjk6IlRFQU1fTkFNRSI7czo5OiJzb3J0T3JkZXIiO3M6MzoiQVNDIjtzOjY6ImJ1dHRvbiI7czo2OiJTZWFyY2giO3M6MTk6InNhdmVkX3NlYXJjaF9zZWxlY3QiO3M6NToiX25vbmUiO319');
INSERT INTO `user_preferences`(`id`, `category`, `deleted`, `date_entered`, `date_modified`, `assigned_user_id`, `contents`) VALUES ('d86e2e1d-60ea-6a76-7c68-55ee5094e491', 'EmailTemplates2_EMAILTEMPLATE', 0, '2015-09-08 03:03:35', '2015-09-08 03:03:35', '52fb44da-36d7-1130-4e44-5508b4176df7', 'YToxOntzOjEzOiJsaXN0dmlld09yZGVyIjthOjI6e3M6Nzoib3JkZXJCeSI7czoxMjoiZGF0ZV9lbnRlcmVkIjtzOjk6InNvcnRPcmRlciI7czo0OiJERVNDIjt9fQ==');
INSERT INTO `user_preferences`(`id`, `category`, `deleted`, `date_entered`, `date_modified`, `assigned_user_id`, `contents`) VALUES ('db5540b9-8463-0acd-3978-5578d31dd387', 'Reports2_SAVEDREPORT', 0, '2015-06-11 00:16:39', '2015-06-11 00:16:39', '52fb44da-36d7-1130-4e44-5508b4176df7', 'YToxOntzOjEzOiJsaXN0dmlld09yZGVyIjthOjI6e3M6Nzoib3JkZXJCeSI7czoyNjoic2F2ZWRfcmVwb3J0cy5kYXRlX2VudGVyZWQiO3M6OToic29ydE9yZGVyIjtzOjQ6IkRFU0MiO319');
INSERT INTO `user_preferences`(`id`, `category`, `deleted`, `date_entered`, `date_modified`, `assigned_user_id`, `contents`) VALUES ('db84dfae-900f-25e6-ebda-55f0d29c1de5', 'Users2_USER', 0, '2015-09-10 00:46:30', '2015-09-10 00:46:30', '1bbcf81e-eae2-77f1-471b-54fe9e97fab7', 'YToxOntzOjEzOiJsaXN0dmlld09yZGVyIjthOjI6e3M6Nzoib3JkZXJCeSI7czoxMjoiZGF0ZV9lbnRlcmVkIjtzOjk6InNvcnRPcmRlciI7czo0OiJERVNDIjt9fQ==');
INSERT INTO `user_preferences`(`id`, `category`, `deleted`, `date_entered`, `date_modified`, `assigned_user_id`, `contents`) VALUES ('e32f66c0-8acd-f4ba-184a-5647e9918b8a', 'PdfManager2_PDFMANAGER', 0, '2015-11-15 02:12:02', '2015-11-15 02:12:02', '1bbcf81e-eae2-77f1-471b-54fe9e97fab7', 'YToxOntzOjEzOiJsaXN0dmlld09yZGVyIjthOjI6e3M6Nzoib3JkZXJCeSI7czoxMjoiZGF0ZV9lbnRlcmVkIjtzOjk6InNvcnRPcmRlciI7czo0OiJERVNDIjt9fQ==');
INSERT INTO `user_preferences`(`id`, `category`, `deleted`, `date_entered`, `date_modified`, `assigned_user_id`, `contents`) VALUES ('e5bac477-4cfd-ddbe-4cf6-55caccca815e', 'ACLRoles2_ACLROLE', 0, '2015-08-12 04:31:00', '2015-08-12 04:31:00', '1', 'YToxOntzOjEzOiJsaXN0dmlld09yZGVyIjthOjI6e3M6Nzoib3JkZXJCeSI7czoxMjoiZGF0ZV9lbnRlcmVkIjtzOjk6InNvcnRPcmRlciI7czo0OiJERVNDIjt9fQ==');
INSERT INTO `user_preferences`(`id`, `category`, `deleted`, `date_entered`, `date_modified`, `assigned_user_id`, `contents`) VALUES ('ef05071b-9d24-365e-6a82-5508b516ec77', 'Emails', 0, '2015-03-17 23:14:01', '2015-07-13 03:00:34', '52fb44da-36d7-1130-4e44-5508b4176df7', 'YTozOntzOjE1OiJlbWFpbDJQcmVmbGlnaHQiO2I6MTtzOjExOiJmb2N1c0ZvbGRlciI7czoxMDE6ImE6Mjp7czo0OiJpZUlkIjtzOjM2OiJlMjA0YTc3Yy1hZjg2LTZhMTMtNTY3NC01NTA4YjUyYTA0N2EiO3M6NjoiZm9sZGVyIjtzOjE5OiJTVUdBUi5NeSBTZW50IEVtYWlsIjt9IjtzOjE1OiJmb2xkZXJTb3J0T3JkZXIiO3M6MTUyOiJhOjE6e3M6MzY6ImUyMDRhNzdjLWFmODYtNmExMy01Njc0LTU1MDhiNTJhMDQ3YSI7YToxOntzOjEzOiJNeSBTZW50IEVtYWlsIjthOjE6e3M6NzoiY3VycmVudCI7YToyOntzOjQ6InNvcnQiO3M6NDoiZGF0ZSI7czo5OiJkaXJlY3Rpb24iO3M6NDoiZGVzYyI7fX19fSI7fQ==');
INSERT INTO `user_preferences`(`id`, `category`, `deleted`, `date_entered`, `date_modified`, `assigned_user_id`, `contents`) VALUES ('f566055b-a9fb-8bc4-7257-54fe9e1acf05', 'sq_UsersQ', 0, '2015-03-10 07:32:19', '2015-03-10 07:32:19', '1', 'YTowOnt9');

-- ensure the latest ATB details are calculated
CALL sp_snp_account_atb_all(NOW());

-- ensure that the transaction snapshot are recalculated for all accounts
CALL sp_snp_account_transactions_all("1970-01-01");



SET SQL_MODE=@OLD_SQL_MODE ;
SET FOREIGN_KEY_CHECKS=@OLD_FOREIGN_KEY_CHECKS ;
SET UNIQUE_CHECKS=@OLD_UNIQUE_CHECKS ;
SET SQL_NOTES=@OLD_SQL_NOTES ;
