/* README
	
	Make sure you delete the engine and crm tables before inserting this data.
	Clean up scripts located at \tests\selenium\test_data\clean_up
*/

/*

SOURCE: LPE Environment

Login:
    U: hi@hello.com.au
    P: BlueOak4$

300080010691
    - no transactions
    
302510003197
    - single service point
    - a large number of bills were cancelled and then rebilled on a single bill
	
302540009891
    - multiple service points
    - both import and export meters are involved
    - cancelled bills that was regenerated
    - there is a change over in the metering used after the first month
	- has zero greenhouse gas volume

303660000199
    - has zero amount reported on the IMPORT stream for several months

*/


SET NAMES utf8 ;
SET SQL_MODE='';
SET @OLD_UNIQUE_CHECKS=@@UNIQUE_CHECKS, UNIQUE_CHECKS=0 ;
SET @OLD_FOREIGN_KEY_CHECKS=@@FOREIGN_KEY_CHECKS, FOREIGN_KEY_CHECKS=0 ;
SET @OLD_SQL_MODE=@@SQL_MODE, SQL_MODE='NO_AUTO_VALUE_ON_ZERO' ;
SET @OLD_SQL_NOTES=@@SQL_NOTES, SQL_NOTES=0 ;


/*Data for the table `accounts` */

insert  into `accounts`(`id`,`name`,`date_entered`,`date_modified`,`modified_user_id`,`created_by`,`description`,`deleted`,`assigned_user_id`,`team_id`,`team_set_id`,`facebook`,`twitter`,`googleplus`,`account_type`,`industry`,`annual_revenue`,`phone_fax`,`billing_address_street`,`billing_address_city`,`billing_address_state`,`billing_address_postalcode`,`billing_address_country`,`rating`,`phone_office`,`phone_alternate`,`website`,`ownership`,`employees`,`ticker_symbol`,`shipping_address_street`,`shipping_address_city`,`shipping_address_state`,`shipping_address_postalcode`,`shipping_address_country`,`parent_id`,`sic_code`,`duns_num`,`campaign_id`,`engine_account_id`,`business_abn`,`reference_account`,`company`,`def_service_model_id`,`trading_name`,`account_number`,`service_model`,`primary_account_contact_id`,`bill_delivery_method`,`billing_address_1`,`billing_address_2`,`billing_address_3`,`billing_address_4`,`send_notice`) values 
('881e1fe6-922d-7fd2-2bc3-5df6dc459c46','Churches of Christ Housing Services - Coolamon','2019-12-16 01:23:41','2021-01-05 06:14:52','52fb44da-36d7-1130-4e44-5508b4176df7','e542074e-f7cb-c085-9b4c-57eb0b5fb9d4',NULL,0,'e542074e-f7cb-c085-9b4c-57eb0b5fb9d4','1','1',NULL,NULL,NULL,'RESIDENTIAL',NULL,NULL,NULL,NULL,'Kenmore','QLD','4069',NULL,NULL,NULL,NULL,NULL,NULL,NULL,NULL,NULL,NULL,NULL,NULL,NULL,NULL,NULL,NULL,'',34057,NULL,'No',NULL,'8e73fb24-01d5-21e6-dffc-5497975eac75',NULL,'302540009891','customer_care','aa719ae2-3d91-d160-19f7-55ee4adde92a','post_only','Po Box 508',NULL,NULL,NULL,'Yes'),
('a688bfe7-d5d1-676a-83bd-5b7381a71981','Oaks Hotel & Resorts - Oaks Mews','2018-08-15 01:26:01','2018-08-15 01:26:01','e542074e-f7cb-c085-9b4c-57eb0b5fb9d4','e542074e-f7cb-c085-9b4c-57eb0b5fb9d4',NULL,0,NULL,'1','1',NULL,NULL,NULL,'RESIDENTIAL',NULL,NULL,NULL,NULL,'Bowen Hills','QLD','4006',NULL,NULL,NULL,NULL,NULL,NULL,NULL,NULL,NULL,NULL,NULL,NULL,NULL,NULL,NULL,NULL,NULL,21907,'','No','','8e73fb24-01d5-21e6-dffc-5497975eac75','','302510003197','customer_care','7aa136a4-0d8e-015c-ab93-5b7381ebf87d','post_only','C/- Oaks Management','141 Campbell Street',NULL,NULL,'Yes'),
('c563290d-c1cd-8191-baa7-56773d3ec493','Mr. Dipen Ale','2015-12-20 23:43:31','2015-12-20 23:43:31','1ac001f8-1423-f236-20b0-5636ced7fda1','1ac001f8-1423-f236-20b0-5636ced7fda1',NULL,0,'1ac001f8-1423-f236-20b0-5636ced7fda1','1','1',NULL,NULL,NULL,'RESIDENTIAL',NULL,NULL,NULL,NULL,'Surfers Paradise','QLD','4217',NULL,NULL,NULL,NULL,NULL,NULL,NULL,NULL,NULL,NULL,NULL,NULL,NULL,NULL,NULL,NULL,'',833,NULL,'No',NULL,'8e73fb24-01d5-21e6-dffc-5497975eac75',NULL,'300080010691','customer_care','74e9d4c5-baa8-456b-0ccc-56773c71f74b','post_only','Unit 501','3 Orchid AVE',NULL,NULL,'No'),
('f227afc1-354b-2dbd-e31c-5ea7955d0a09','Logan Central Apartments CTS 28395','2020-04-28 02:30:17','2021-01-05 06:14:54','52fb44da-36d7-1130-4e44-5508b4176df7','e542074e-f7cb-c085-9b4c-57eb0b5fb9d4',NULL,0,'e542074e-f7cb-c085-9b4c-57eb0b5fb9d4','1','1',NULL,NULL,NULL,'RESIDENTIAL',NULL,NULL,NULL,NULL,'Woodridge','QLD','4114',NULL,NULL,NULL,NULL,NULL,NULL,NULL,NULL,NULL,NULL,NULL,NULL,NULL,NULL,NULL,NULL,'',36989,NULL,'No',NULL,'8e73fb24-01d5-21e6-dffc-5497975eac75',NULL,'303660000199','customer_care','aa719ae2-3d91-d160-19f7-55ee4adde92a','email_only','83-85 Station RD',NULL,NULL,NULL,'Yes');

/*Data for the table `accounts_contacts` */

insert  into `accounts_contacts`(`id`,`contact_id`,`account_id`,`date_modified`,`primary_account`,`deleted`) values 
('2cc4ce01-2459-f795-03e0-5ff403bc7fe0','aa719ae2-3d91-d160-19f7-55ee4adde92a','881e1fe6-922d-7fd2-2bc3-5df6dc459c46','2021-01-05 06:14:52',1,0),
('39f21fd2-6dbc-7da0-2dbd-5ff40335b3ab','aa719ae2-3d91-d160-19f7-55ee4adde92a','f227afc1-354b-2dbd-e31c-5ea7955d0a09','2021-01-05 06:14:54',1,0),
('90625f19-3dd4-11eb-b1ce-0aeb511989b8','aa719ae2-3d91-d160-19f7-55ee4adde92a','c563290d-c1cd-8191-baa7-56773d3ec493','2020-12-14 06:21:12',1,0),
('90626071-3dd4-11eb-b1ce-0aeb511989b8','aa719ae2-3d91-d160-19f7-55ee4adde92a','a688bfe7-d5d1-676a-83bd-5b7381a71981','2020-12-14 06:21:12',1,0);

/*Data for the table `bbdef_account_category` */

insert  into `bbdef_account_category`(`name`,`description`) values 
('BUILDER','builder type of account'),
('COMMON_AREA','common area'),
('COMMUNITY_SOLAR','Community Solar'),
('DEVELOPER','developer type of account'),
('HOLIDAY','Holiday Let'),
('LETTING_POOL','Holiday Rental or Letting'),
('LOCK_UP','Lock Up'),
('MANAGER','manager type of account'),
('MANAGING_AGENT','Managing Agent authorised by prop owner'),
('MARKET_COMMON_AREA','market contract, common area'),
('MARKET_DEVELOPER','market contract, developer'),
('OWNER','owner'),
('RUM','Property Manager or Letting Agent'),
('SITE_PAYBACK','BC Site Payback'),
('TENANT','general tenant'),
('UNKNOWN_OCCUPANT','Unknown Occupant');

/*Data for the table `bbeng_account_details` */

insert  into `bbeng_account_details`(`id`,`type`,`version`,`account_name`,`account_number`,`address_1`,`address_2`,`address_3`,`address_4`,`suburb`,`state`,`postcode`,`country`,`reference_status`,`vip_account`,`payment_period`,`account_type`,`account_category`,`bill_delivery`,`collection_required`,`strategy_id`,`in_hardship`,`aggregate_charges`,`snp_site_id`,`snp_account_details`,`snp_dispute_complaint`,`snp_life_support_status`,`snp_account_open`,`snp_open_date`,`snp_close_date`,`snp_final_billed`,`snp_hst_atb_finished`,`snp_network_area`,`snp_tenancy_address`,`snp_tenancy_suburb`,`snp_tenancy_state`,`snp_tenancy_postcode`,`snp_service_type`,`snp_cnsmp_profile`,`snp_on_market_status`,`snp_market_identifier`,`snp_payment_plan_count`,`name`,`description`,`deleted`,`assigned_user_id`,`created_by`,`modified_user_id`,`team_id`,`team_set_id`,`date_entered`,`date_modified`) values 
(833,'utility','2017-02-06 08:12:35.000000','Mr. Dipen Ale',300080010691,'Unit 501','3 Orchid AVE',NULL,NULL,'Surfers Paradise','QLD','4217',NULL,'F','F',0,'RESIDENTIAL','TENANT','','T',NULL,'F','T',8,'300080010691 (Mr. Dipen Ale)','F','F','F',NULL,NULL,'T',NULL,NULL,NULL,NULL,NULL,NULL,NULL,NULL,NULL,NULL,0,NULL,NULL,0,NULL,NULL,NULL,NULL,NULL,NULL,NULL),
(21907,'utility','2018-08-15 01:26:15.000000','Oaks Hotel & Resorts - Oaks Mews',302510003197,'C/- Oaks Management','141 Campbell Street',NULL,NULL,'Bowen Hills','QLD','4006',NULL,'F','F',0,'RESIDENTIAL','MANAGER','EMAIL_ONLY','F',NULL,'F','T',251,'302510003197 (Oaks Hotel & Resorts - Oaks Mews)','F','F','T','2018-08-10',NULL,'F',NULL,'ENRGX,SEQW','Unit 2406 141 Campbell ST','Bowen Hills','QLD','4006','electricity,water',NULL,'O',NULL,0,NULL,NULL,0,NULL,'e542074e-f7cb-c085-9b4c-57eb0b5fb9d4','e542074e-f7cb-c085-9b4c-57eb0b5fb9d4',NULL,NULL,'2018-08-15 01:26:15','2018-08-15 01:26:15'),
(34057,'utility','2020-10-12 05:23:00.000000','Churches of Christ Housing Services - Coolamon',302540009891,'Po Box 508',NULL,NULL,NULL,'Kenmore','QLD','4069',NULL,'F','F',0,'RESIDENTIAL','COMMUNITY_SOLAR','EMAIL_ONLY','T',NULL,'F','T',254,'302540009891 (Churches of Christ Housing Services - Coolamon)','F','F','T','2020-01-14',NULL,'F',NULL,'ENRGX','Common Area Inverter 1 52-62 Cotterill AVE,Common Area Inverter 2 52-62 Cotterill AVE','Bongaree','QLD','4507','electricity',NULL,'C','SPTLS70019,SPTLS70021',0,NULL,NULL,0,NULL,'e542074e-f7cb-c085-9b4c-57eb0b5fb9d4','5df51736-cb4f-f1e3-f837-5b288dda2540',NULL,NULL,'2019-12-16 01:23:41','2020-10-12 05:23:00'),
(36989,'utility','2020-04-28 02:30:44.000000','Logan Central Apartments CTS 28395',303660000199,'83-85 Station RD',NULL,NULL,NULL,'Woodridge','QLD','4114',NULL,'F','F',0,'RESIDENTIAL','SOLAR_IWA_OM','EMAIL_ONLY','T',NULL,'F','T',371,'303660000199 (Logan Central Apartments CTS 28395)','F','F','T','2020-04-14',NULL,'F',NULL,'ENRGX','Common Area 83-85 Station RD','Woodridge','QLD','4114','electricity',NULL,'C','SPTLS70078',0,NULL,NULL,0,NULL,'e542074e-f7cb-c085-9b4c-57eb0b5fb9d4','e542074e-f7cb-c085-9b4c-57eb0b5fb9d4',NULL,NULL,'2020-04-28 02:30:17','2020-04-28 02:30:44');

/*Data for the table `bbeng_account_service_points` */

insert  into `bbeng_account_service_points`(`id`,`type`,`version`,`account_id`,`service_point_id`,`charge_profile_id`,`attach_start`,`attach_end`,`closed`,`life_support`,`consumption_ratio`,`cancelled`,`snp_on_market_status`,`name`,`description`,`deleted`,`assigned_user_id`,`created_by`,`modified_user_id`,`team_id`,`team_set_id`,`date_entered`,`date_modified`) values 
(867,'utility','2015-12-20 23:45:41.000000',833,539,5,'2016-01-01',NULL,'F','F',1.00000000,'F','O',NULL,NULL,0,NULL,NULL,NULL,NULL,NULL,NULL,NULL),
(25843,'utility','2020-08-27 23:59:48.000000',21907,17886,1009,'2018-12-19',NULL,'F','F',1.00000000,'F','O',NULL,NULL,0,NULL,'e542074e-f7cb-c085-9b4c-57eb0b5fb9d4','e542074e-f7cb-c085-9b4c-57eb0b5fb9d4',NULL,NULL,'2018-08-15 01:26:15','2020-08-27 23:59:48'),
(26048,'utility','2018-08-16 02:56:03.000000',21907,18029,1174,'2018-08-10',NULL,'F','F',1.00000000,'F','O',NULL,NULL,0,NULL,'1ac001f8-1423-f236-20b0-5636ced7fda1','1ac001f8-1423-f236-20b0-5636ced7fda1',NULL,NULL,'2018-08-16 02:56:03','2018-08-16 02:56:03'),
(41971,'utility','2020-11-01 23:02:41.000000',34057,23521,1016,'2020-01-14',NULL,'F','F',1.00000000,'F','C',NULL,NULL,0,NULL,'e542074e-f7cb-c085-9b4c-57eb0b5fb9d4','eb2c7522-7e63-176b-fc83-58f5977f6bb0',NULL,NULL,'2019-12-16 01:23:41','2020-11-01 23:02:41'),
(43682,'utility','2020-11-01 23:02:45.000000',34057,23973,1016,'2020-01-14',NULL,'F','F',1.00000000,'F','C',NULL,NULL,0,NULL,'e542074e-f7cb-c085-9b4c-57eb0b5fb9d4','eb2c7522-7e63-176b-fc83-58f5977f6bb0',NULL,NULL,'2020-02-12 22:27:42','2020-11-01 23:02:45'),
(45865,'utility','2020-05-31 23:27:43.000000',36989,24720,1490,'2020-04-14',NULL,'F','F',1.00000000,'F','C',NULL,NULL,0,NULL,'e542074e-f7cb-c085-9b4c-57eb0b5fb9d4','9b99cb83-e455-c9e5-a4f4-59b092bf2dd5',NULL,NULL,'2020-04-28 02:30:17','2020-05-31 23:27:43');

/*Data for the table `bbeng_account_transactions` */

insert  into `bbeng_account_transactions`(`id`,`type`,`version`,`account_id`,`document_date`,`posted_date`,`reference_only`,`invoice_number`,`item_code`,`description`,`amount`,`tax`,`outstanding`,`due_date`,`disc_avail`,`disc_date`,`pay_method`,`accounting_posted`,`accounting_access_id`,`payment_plan_id`,`payment_plan_allocation`,`parent_id`,`parent_relationship`,`fee_amount`,`fee_tax`,`bill_id_potd`,`bill_id_associated`,`name`,`deleted`,`assigned_user_id`,`created_by`,`modified_user_id`,`team_id`,`team_set_id`,`date_entered`,`date_modified`) values 
(989079,'bnv','2018-09-28 05:10:56.000000',21907,'2018-09-28','2018-09-28','F','000000173-0','192.3','Aug-2018 Gas Hot Water Consumption Charge',175.43,17.54,192.97,'2018-10-31',0.00,NULL,NULL,NULL,NULL,NULL,NULL,NULL,NULL,NULL,NULL,NULL,NULL,NULL,0,NULL,NULL,NULL,NULL,NULL,NULL,NULL),
(989080,'bnv','2018-09-28 05:10:56.000000',21907,'2018-09-28','2018-09-28','F','000000173-0','192.4','Aug-2018 Gas Hot Water Supply Charge',6.15,0.62,6.77,'2018-10-31',0.00,NULL,NULL,NULL,NULL,NULL,NULL,NULL,NULL,NULL,NULL,NULL,NULL,NULL,0,NULL,NULL,NULL,NULL,NULL,NULL,NULL),
(1048082,'bnv','2018-10-29 01:57:51.000000',21907,'2018-10-29','2018-10-29','F','000000348-0','192.3','Sep-2018 Gas Hot Water Consumption Charge',105.27,10.53,115.80,'2018-11-12',0.00,NULL,NULL,NULL,NULL,NULL,NULL,NULL,NULL,NULL,NULL,NULL,NULL,NULL,0,NULL,NULL,NULL,NULL,NULL,NULL,NULL),
(1048083,'bnv','2018-10-29 01:57:51.000000',21907,'2018-10-29','2018-10-29','F','000000348-0','192.4','Sep-2018 Gas Hot Water Supply Charge',3.84,0.38,4.22,'2018-11-12',0.00,NULL,NULL,NULL,NULL,NULL,NULL,NULL,NULL,NULL,NULL,NULL,NULL,NULL,0,NULL,NULL,NULL,NULL,NULL,NULL,NULL),
(1054180,'pay','2018-10-31 20:15:31.000000',21907,'2018-10-31','2018-10-31','F','PAY000209590',NULL,NULL,-199.74,NULL,NULL,NULL,NULL,NULL,'POSTBILLPAY',NULL,NULL,NULL,NULL,NULL,NULL,NULL,NULL,NULL,NULL,NULL,0,NULL,NULL,NULL,NULL,NULL,NULL,NULL),
(1087388,'pay','2018-11-15 20:15:35.000000',21907,'2018-11-15','2018-11-15','F','PAY000216945',NULL,NULL,-120.02,NULL,NULL,NULL,NULL,NULL,'POSTBILLPAY',NULL,NULL,NULL,NULL,NULL,NULL,NULL,NULL,NULL,NULL,NULL,0,NULL,NULL,NULL,NULL,NULL,NULL,NULL),
(1169473,'adj','2018-12-20 23:23:52.000000',21907,'2018-11-01','2018-12-21','F','ADJ001169473','192.5','Gas Cooktop Backdated Charge',36.61,3.66,0.00,NULL,NULL,NULL,NULL,NULL,NULL,NULL,NULL,NULL,NULL,NULL,NULL,NULL,NULL,NULL,0,NULL,NULL,NULL,NULL,NULL,NULL,NULL),
(1172384,'bnv','2018-12-21 04:21:51.000000',21907,'2018-12-21','2018-12-21','F','000000525-0','192.3','Nov-2018 to Dec-2018 Gas Hot Water Consumption Charge',159.83,15.99,175.82,'2019-01-04',0.00,NULL,NULL,NULL,NULL,NULL,NULL,NULL,NULL,NULL,NULL,NULL,NULL,NULL,0,NULL,NULL,NULL,NULL,NULL,NULL,NULL),
(1172385,'bnv','2018-12-21 04:21:51.000000',21907,'2018-12-21','2018-12-21','F','000000525-0','192.5','Nov-2018 to Dec-2018 Gas Cooktop',25.34,2.53,27.87,'2019-01-04',0.00,NULL,NULL,NULL,NULL,NULL,NULL,NULL,NULL,NULL,NULL,NULL,NULL,NULL,0,NULL,NULL,NULL,NULL,NULL,NULL,NULL),
(1172386,'bnv','2018-12-21 04:21:51.000000',21907,'2018-12-21','2018-12-21','F','000000525-0','192.4','Nov-2018 to Dec-2018 Gas Hot Water Supply Charge',6.92,0.69,7.61,'2019-01-04',0.00,NULL,NULL,NULL,NULL,NULL,NULL,NULL,NULL,NULL,NULL,NULL,NULL,NULL,0,NULL,NULL,NULL,NULL,NULL,NULL,NULL),
(1215246,'pay','2019-01-17 20:00:35.000000',21907,'2019-01-17','2019-01-17','F','PAY000246834',NULL,NULL,-251.57,NULL,NULL,NULL,NULL,NULL,'POSTBILLPAY',NULL,NULL,NULL,NULL,NULL,NULL,NULL,NULL,NULL,NULL,NULL,0,NULL,NULL,NULL,NULL,NULL,NULL,NULL),
(1242854,'bnv','2019-02-01 08:01:20.000000',21907,'2019-02-01','2019-01-31','F','000000709-0','192.1','Dec-2018 to Jan-2019 Electricity Consumption Charge',140.91,14.09,155.00,'2019-02-15',0.00,NULL,NULL,NULL,NULL,NULL,NULL,NULL,NULL,NULL,NULL,NULL,NULL,NULL,0,NULL,NULL,NULL,NULL,NULL,NULL,NULL),
(1242855,'bnv','2019-02-01 08:01:20.000000',21907,'2019-02-01','2019-01-31','F','000000709-0','192.3','Dec-2018 to Jan-2019 Gas Hot Water Consumption Charge',91.57,9.16,100.73,'2019-02-15',0.00,NULL,NULL,NULL,NULL,NULL,NULL,NULL,NULL,NULL,NULL,NULL,NULL,NULL,0,NULL,NULL,NULL,NULL,NULL,NULL,NULL),
(1242856,'bnv','2019-02-01 08:01:20.000000',21907,'2019-02-01','2019-01-31','F','000000709-0','192.2','Dec-2018 to Jan-2019 Electricity Supply Charge',20.92,2.09,23.01,'2019-02-15',0.00,NULL,NULL,NULL,NULL,NULL,NULL,NULL,NULL,NULL,NULL,NULL,NULL,NULL,0,NULL,NULL,NULL,NULL,NULL,NULL,NULL),
(1242857,'bnv','2019-02-01 08:01:20.000000',21907,'2019-02-01','2019-01-31','F','000000709-0','743','Dec-2018 to Jan-2019 Site Conversion Charge',5.83,0.58,6.41,'2019-02-15',0.00,NULL,NULL,NULL,NULL,NULL,NULL,NULL,NULL,NULL,NULL,NULL,NULL,NULL,0,NULL,NULL,NULL,NULL,NULL,NULL,NULL),
(1242858,'bnv','2019-02-01 08:01:20.000000',21907,'2019-02-01','2019-01-31','F','000000709-0','192.5','Dec-2018 to Jan-2019 Gas Cooktop',17.36,1.74,19.10,'2019-02-15',0.00,NULL,NULL,NULL,NULL,NULL,NULL,NULL,NULL,NULL,NULL,NULL,NULL,NULL,0,NULL,NULL,NULL,NULL,NULL,NULL,NULL),
(1242859,'bnv','2019-02-01 08:01:20.000000',21907,'2019-02-01','2019-01-31','F','000000709-0','192.4','Dec-2018 to Jan-2019 Gas Hot Water Supply Charge',4.74,0.47,5.21,'2019-02-15',0.00,NULL,NULL,NULL,NULL,NULL,NULL,NULL,NULL,NULL,NULL,NULL,NULL,NULL,0,NULL,NULL,NULL,NULL,NULL,NULL,NULL),
(1290442,'pay','2019-02-21 20:00:51.000000',21907,'2019-02-21','2019-02-21','F','PAY000263647',NULL,NULL,-309.46,NULL,NULL,NULL,NULL,NULL,'POSTBILLPAY',NULL,NULL,NULL,NULL,NULL,NULL,NULL,NULL,NULL,NULL,NULL,0,NULL,NULL,NULL,NULL,NULL,NULL,NULL),
(1301999,'bnv','2019-02-28 01:09:27.000000',21907,'2019-02-28','2019-02-28','F','000000907-0','192.1','Jan-2019 to Feb-2019 Electricity Consumption Charge',106.26,10.63,116.89,'2019-03-14',0.00,NULL,NULL,NULL,NULL,NULL,NULL,NULL,NULL,NULL,NULL,NULL,NULL,NULL,0,NULL,NULL,NULL,NULL,NULL,NULL,NULL),
(1302000,'bnv','2019-02-28 01:09:27.000000',21907,'2019-02-28','2019-02-28','F','000000907-0','192.3','Jan-2019 to Feb-2019 Gas Hot Water Consumption Charge',81.66,8.17,89.83,'2019-03-14',0.00,NULL,NULL,NULL,NULL,NULL,NULL,NULL,NULL,NULL,NULL,NULL,NULL,NULL,0,NULL,NULL,NULL,NULL,NULL,NULL,NULL),
(1302001,'bnv','2019-02-28 01:09:27.000000',21907,'2019-02-28','2019-02-28','F','000000907-0','192.2','Jan-2019 to Feb-2019 Electricity Supply Charge',17.62,1.76,19.38,'2019-03-14',0.00,NULL,NULL,NULL,NULL,NULL,NULL,NULL,NULL,NULL,NULL,NULL,NULL,NULL,0,NULL,NULL,NULL,NULL,NULL,NULL,NULL),
(1302002,'bnv','2019-02-28 01:09:27.000000',21907,'2019-02-28','2019-02-28','F','000000907-0','743','Jan-2019 to Feb-2019 Site Conversion Charge',4.91,0.49,5.40,'2019-03-14',0.00,NULL,NULL,NULL,NULL,NULL,NULL,NULL,NULL,NULL,NULL,NULL,NULL,NULL,0,NULL,NULL,NULL,NULL,NULL,NULL,NULL),
(1302003,'bnv','2019-02-28 01:09:27.000000',21907,'2019-02-28','2019-02-28','F','000000907-0','192.5','Jan-2019 to Feb-2019 Gas Cooktop',15.02,1.50,16.52,'2019-03-14',0.00,NULL,NULL,NULL,NULL,NULL,NULL,NULL,NULL,NULL,NULL,NULL,NULL,NULL,0,NULL,NULL,NULL,NULL,NULL,NULL,NULL),
(1302004,'bnv','2019-02-28 01:09:27.000000',21907,'2019-02-28','2019-02-28','F','000000907-0','192.4','Jan-2019 to Feb-2019 Gas Hot Water Supply Charge',4.10,0.41,4.51,'2019-03-14',0.00,NULL,NULL,NULL,NULL,NULL,NULL,NULL,NULL,NULL,NULL,NULL,NULL,NULL,0,NULL,NULL,NULL,NULL,NULL,NULL,NULL),
(1368636,'bnv','2019-03-27 02:00:20.000000',21907,'2019-03-27','2019-03-27','F','000001091-0','192.1','Feb-2019 to Mar-2019 Electricity Consumption Charge',64.26,6.43,70.69,'2019-04-10',0.00,NULL,NULL,NULL,NULL,NULL,NULL,NULL,NULL,NULL,NULL,NULL,NULL,NULL,0,NULL,NULL,NULL,NULL,NULL,NULL,NULL),
(1368637,'bnv','2019-03-27 02:00:20.000000',21907,'2019-03-27','2019-03-27','F','000001091-0','192.3','Feb-2019 to Mar-2019 Gas Hot Water Consumption Charge',11.43,1.14,12.57,'2019-04-10',0.00,NULL,NULL,NULL,NULL,NULL,NULL,NULL,NULL,NULL,NULL,NULL,NULL,NULL,0,NULL,NULL,NULL,NULL,NULL,NULL,NULL),
(1368638,'bnv','2019-03-27 02:00:20.000000',21907,'2019-03-27','2019-03-27','F','000001091-0','192.2','Feb-2019 to Mar-2019 Electricity Supply Charge',15.41,1.54,16.95,'2019-04-10',0.00,NULL,NULL,NULL,NULL,NULL,NULL,NULL,NULL,NULL,NULL,NULL,NULL,NULL,0,NULL,NULL,NULL,NULL,NULL,NULL,NULL),
(1368639,'bnv','2019-03-27 02:00:20.000000',21907,'2019-03-27','2019-03-27','F','000001091-0','743','Feb-2019 to Mar-2019 Site Conversion Charge',4.30,0.43,4.73,'2019-04-10',0.00,NULL,NULL,NULL,NULL,NULL,NULL,NULL,NULL,NULL,NULL,NULL,NULL,NULL,0,NULL,NULL,NULL,NULL,NULL,NULL,NULL),
(1368640,'bnv','2019-03-27 02:00:20.000000',21907,'2019-03-27','2019-03-27','F','000001091-0','192.5','Feb-2019 to Mar-2019 Gas Cooktop',13.14,1.31,14.45,'2019-04-10',0.00,NULL,NULL,NULL,NULL,NULL,NULL,NULL,NULL,NULL,NULL,NULL,NULL,NULL,0,NULL,NULL,NULL,NULL,NULL,NULL,NULL),
(1368641,'bnv','2019-03-27 02:00:20.000000',21907,'2019-03-27','2019-03-27','F','000001091-0','192.4','Feb-2019 to Mar-2019 Gas Hot Water Supply Charge',3.59,0.36,3.95,'2019-04-10',0.00,NULL,NULL,NULL,NULL,NULL,NULL,NULL,NULL,NULL,NULL,NULL,NULL,NULL,0,NULL,NULL,NULL,NULL,NULL,NULL,NULL),
(1373053,'pay','2019-03-28 20:15:32.000000',21907,'2019-03-28','2019-03-28','F','PAY000281946',NULL,NULL,-252.53,NULL,NULL,NULL,NULL,NULL,'POSTBILLPAY',NULL,NULL,NULL,NULL,NULL,NULL,NULL,NULL,NULL,NULL,NULL,0,NULL,NULL,NULL,NULL,NULL,NULL,NULL),
(1436893,'bnv','2019-04-29 01:06:54.000000',21907,'2019-04-29','2019-04-29','F','000001268-0','192.1','Mar-2019 to Apr-2019 Electricity Consumption Charge',40.57,4.06,44.63,'2019-05-13',0.00,NULL,NULL,NULL,NULL,NULL,NULL,NULL,NULL,NULL,NULL,NULL,NULL,NULL,0,NULL,NULL,NULL,NULL,NULL,NULL,NULL),
(1436894,'bnv','2019-04-29 01:06:54.000000',21907,'2019-04-29','2019-04-29','F','000001268-0','192.3','Mar-2019 to Apr-2019 Gas Hot Water Consumption Charge',35.72,3.57,39.29,'2019-05-13',0.00,NULL,NULL,NULL,NULL,NULL,NULL,NULL,NULL,NULL,NULL,NULL,NULL,NULL,0,NULL,NULL,NULL,NULL,NULL,NULL,NULL),
(1436895,'bnv','2019-04-29 01:06:54.000000',21907,'2019-04-29','2019-04-29','F','000001268-0','192.2','Mar-2019 to Apr-2019 Electricity Supply Charge',17.07,1.71,18.78,'2019-05-13',0.00,NULL,NULL,NULL,NULL,NULL,NULL,NULL,NULL,NULL,NULL,NULL,NULL,NULL,0,NULL,NULL,NULL,NULL,NULL,NULL,NULL),
(1436896,'bnv','2019-04-29 01:06:54.000000',21907,'2019-04-29','2019-04-29','F','000001268-0','743','Mar-2019 to Apr-2019 Site Conversion Charge',4.76,0.48,5.24,'2019-05-13',0.00,NULL,NULL,NULL,NULL,NULL,NULL,NULL,NULL,NULL,NULL,NULL,NULL,NULL,0,NULL,NULL,NULL,NULL,NULL,NULL,NULL),
(1436897,'bnv','2019-04-29 01:06:54.000000',21907,'2019-04-29','2019-04-29','F','000001268-0','192.5','Mar-2019 to Apr-2019 Gas Cooktop',14.55,1.46,16.01,'2019-05-13',0.00,NULL,NULL,NULL,NULL,NULL,NULL,NULL,NULL,NULL,NULL,NULL,NULL,NULL,0,NULL,NULL,NULL,NULL,NULL,NULL,NULL),
(1436898,'bnv','2019-04-29 01:06:54.000000',21907,'2019-04-29','2019-04-29','F','000001268-0','192.4','Mar-2019 to Apr-2019 Gas Hot Water Supply Charge',3.97,0.40,4.37,'2019-05-13',0.00,NULL,NULL,NULL,NULL,NULL,NULL,NULL,NULL,NULL,NULL,NULL,NULL,NULL,0,NULL,NULL,NULL,NULL,NULL,NULL,NULL),
(1456115,'adj','2019-05-01 17:35:01.000000',21907,'2019-05-02','2019-05-29','F','ADJ001456115','193.13','Electricity asset ownership dividend',-50.00,0.00,0.00,NULL,NULL,NULL,NULL,NULL,NULL,NULL,NULL,NULL,NULL,NULL,NULL,NULL,NULL,NULL,0,NULL,NULL,NULL,NULL,NULL,NULL,NULL),
(1479336,'pay','2019-05-08 20:00:32.000000',21907,'2019-05-08','2019-05-08','F','PAY000304050',NULL,NULL,-123.34,NULL,NULL,NULL,NULL,NULL,'POSTBILLPAY',NULL,NULL,NULL,NULL,NULL,NULL,NULL,NULL,NULL,NULL,NULL,0,NULL,NULL,NULL,NULL,NULL,NULL,NULL),
(1485844,'pay','2019-05-10 02:34:36.000000',21907,'2019-05-09','2019-05-09','F','PAY000304627',NULL,NULL,-128.32,NULL,NULL,NULL,NULL,NULL,'DIRECT_DEBIT',NULL,NULL,NULL,NULL,NULL,NULL,NULL,NULL,NULL,NULL,NULL,0,NULL,NULL,NULL,NULL,NULL,NULL,NULL),
(1520474,'bnv','2019-05-28 23:13:09.000000',21907,'2019-05-29','2019-05-29','F','000001455-0','192.1','Apr-2019 to May-2019 Electricity Consumption Charge',37.34,3.73,41.07,'2019-06-12',0.00,NULL,NULL,NULL,NULL,NULL,NULL,NULL,NULL,NULL,NULL,NULL,NULL,NULL,0,NULL,NULL,NULL,NULL,NULL,NULL,NULL),
(1520475,'bnv','2019-05-28 23:13:09.000000',21907,'2019-05-29','2019-05-29','F','000001455-0','192.3','Apr-2019 to May-2019 Gas Hot Water Consumption Charge',36.94,3.70,40.64,'2019-06-12',0.00,NULL,NULL,NULL,NULL,NULL,NULL,NULL,NULL,NULL,NULL,NULL,NULL,NULL,0,NULL,NULL,NULL,NULL,NULL,NULL,NULL),
(1520476,'bnv','2019-05-28 23:13:09.000000',21907,'2019-05-29','2019-05-29','F','000001455-0','192.2','Apr-2019 to May-2019 Electricity Supply Charge',17.62,1.76,19.38,'2019-06-12',0.00,NULL,NULL,NULL,NULL,NULL,NULL,NULL,NULL,NULL,NULL,NULL,NULL,NULL,0,NULL,NULL,NULL,NULL,NULL,NULL,NULL),
(1520477,'bnv','2019-05-28 23:13:09.000000',21907,'2019-05-29','2019-05-29','F','000001455-0','743','Apr-2019 to May-2019 Site Conversion Charge',4.91,0.49,5.40,'2019-06-12',0.00,NULL,NULL,NULL,NULL,NULL,NULL,NULL,NULL,NULL,NULL,NULL,NULL,NULL,0,NULL,NULL,NULL,NULL,NULL,NULL,NULL),
(1520478,'bnv','2019-05-28 23:13:09.000000',21907,'2019-05-29','2019-05-29','F','000001455-0','192.5','Apr-2019 to May-2019 Gas Cooktop',15.02,1.50,16.52,'2019-06-12',0.00,NULL,NULL,NULL,NULL,NULL,NULL,NULL,NULL,NULL,NULL,NULL,NULL,NULL,0,NULL,NULL,NULL,NULL,NULL,NULL,NULL),
(1520479,'bnv','2019-05-28 23:13:09.000000',21907,'2019-05-29','2019-05-29','F','000001455-0','192.4','Apr-2019 to May-2019 Gas Hot Water Supply Charge',4.10,0.41,4.51,'2019-06-12',0.00,NULL,NULL,NULL,NULL,NULL,NULL,NULL,NULL,NULL,NULL,NULL,NULL,NULL,0,NULL,NULL,NULL,NULL,NULL,NULL,NULL),
(1532198,'pay','2019-06-04 03:11:48.000000',21907,'2019-06-03','2019-06-03','F','PAY000314641',NULL,NULL,-127.52,NULL,NULL,NULL,NULL,NULL,'DIRECT_DEBIT',NULL,NULL,NULL,NULL,NULL,NULL,NULL,NULL,NULL,NULL,NULL,0,NULL,NULL,NULL,NULL,NULL,NULL,NULL),
(1583700,'bnv','2019-06-26 03:43:53.000000',21907,'2019-06-26','2019-06-26','F','000001626-0','192.1','May-2019 to Jun-2019 Electricity Consumption Charge',35.90,3.59,39.49,'2019-07-10',0.00,NULL,NULL,NULL,NULL,NULL,NULL,NULL,NULL,NULL,NULL,NULL,NULL,NULL,0,NULL,NULL,NULL,NULL,NULL,NULL,NULL),
(1583701,'bnv','2019-06-26 03:43:53.000000',21907,'2019-06-26','2019-06-26','F','000001626-0','192.3','May-2019 to Jun-2019 Gas Hot Water Consumption Charge',45.78,4.58,50.36,'2019-07-10',0.00,NULL,NULL,NULL,NULL,NULL,NULL,NULL,NULL,NULL,NULL,NULL,NULL,NULL,0,NULL,NULL,NULL,NULL,NULL,NULL,NULL),
(1583702,'bnv','2019-06-26 03:43:53.000000',21907,'2019-06-26','2019-06-26','F','000001626-0','192.2','May-2019 to Jun-2019 Electricity Supply Charge',15.41,1.54,16.95,'2019-07-10',0.00,NULL,NULL,NULL,NULL,NULL,NULL,NULL,NULL,NULL,NULL,NULL,NULL,NULL,0,NULL,NULL,NULL,NULL,NULL,NULL,NULL),
(1583703,'bnv','2019-06-26 03:43:53.000000',21907,'2019-06-26','2019-06-26','F','000001626-0','743','May-2019 to Jun-2019 Site Conversion Charge',4.30,0.43,4.73,'2019-07-10',0.00,NULL,NULL,NULL,NULL,NULL,NULL,NULL,NULL,NULL,NULL,NULL,NULL,NULL,0,NULL,NULL,NULL,NULL,NULL,NULL,NULL),
(1583704,'bnv','2019-06-26 03:43:53.000000',21907,'2019-06-26','2019-06-26','F','000001626-0','192.5','May-2019 to Jun-2019 Gas Cooktop',13.14,1.31,14.45,'2019-07-10',0.00,NULL,NULL,NULL,NULL,NULL,NULL,NULL,NULL,NULL,NULL,NULL,NULL,NULL,0,NULL,NULL,NULL,NULL,NULL,NULL,NULL),
(1583705,'bnv','2019-06-26 03:43:53.000000',21907,'2019-06-26','2019-06-26','F','000001626-0','192.4','May-2019 to Jun-2019 Gas Hot Water Supply Charge',3.59,0.36,3.95,'2019-07-10',0.00,NULL,NULL,NULL,NULL,NULL,NULL,NULL,NULL,NULL,NULL,NULL,NULL,NULL,0,NULL,NULL,NULL,NULL,NULL,NULL,NULL),
(1598915,'pay','2019-07-03 00:27:14.000000',21907,'2019-07-02','2019-07-02','F','PAY000328532',NULL,NULL,-79.93,NULL,NULL,NULL,NULL,NULL,'DIRECT_DEBIT',NULL,NULL,NULL,NULL,NULL,NULL,NULL,NULL,NULL,NULL,NULL,0,NULL,NULL,NULL,NULL,NULL,NULL,NULL),
(1659302,'bnv','2019-07-29 00:01:37.000000',21907,'2019-07-29','2019-07-29','F','000001810-0','192.1','Jun-2019 to Jul-2019 Electricity Consumption Charge',41.82,4.18,46.00,'2019-08-12',0.00,NULL,NULL,NULL,NULL,NULL,NULL,NULL,NULL,NULL,NULL,NULL,NULL,NULL,0,NULL,NULL,NULL,NULL,NULL,NULL,NULL),
(1659303,'bnv','2019-07-29 00:01:37.000000',21907,'2019-07-29','2019-07-29','F','000001810-0','192.3','Jun-2019 to Jul-2019 Gas Hot Water Consumption Charge',46.05,4.60,50.65,'2019-08-12',0.00,NULL,NULL,NULL,NULL,NULL,NULL,NULL,NULL,NULL,NULL,NULL,NULL,NULL,0,NULL,NULL,NULL,NULL,NULL,NULL,NULL),
(1659304,'bnv','2019-07-29 00:01:37.000000',21907,'2019-07-29','2019-07-29','F','000001810-0','192.2','Jun-2019 to Jul-2019 Electricity Supply Charge',17.07,1.71,18.78,'2019-08-12',0.00,NULL,NULL,NULL,NULL,NULL,NULL,NULL,NULL,NULL,NULL,NULL,NULL,NULL,0,NULL,NULL,NULL,NULL,NULL,NULL,NULL),
(1659305,'bnv','2019-07-29 00:01:37.000000',21907,'2019-07-29','2019-07-29','F','000001810-0','743','Jun-2019 to Jul-2019 Site Conversion Charge',4.76,0.48,5.24,'2019-08-12',0.00,NULL,NULL,NULL,NULL,NULL,NULL,NULL,NULL,NULL,NULL,NULL,NULL,NULL,0,NULL,NULL,NULL,NULL,NULL,NULL,NULL),
(1659306,'bnv','2019-07-29 00:01:37.000000',21907,'2019-07-29','2019-07-29','F','000001810-0','192.5','Jun-2019 to Jul-2019 Gas Cooktop',14.55,1.46,16.01,'2019-08-12',0.00,NULL,NULL,NULL,NULL,NULL,NULL,NULL,NULL,NULL,NULL,NULL,NULL,NULL,0,NULL,NULL,NULL,NULL,NULL,NULL,NULL),
(1659307,'bnv','2019-07-29 00:01:37.000000',21907,'2019-07-29','2019-07-29','F','000001810-0','192.4','Jun-2019 to Jul-2019 Gas Hot Water Supply Charge',3.97,0.40,4.37,'2019-08-12',0.00,NULL,NULL,NULL,NULL,NULL,NULL,NULL,NULL,NULL,NULL,NULL,NULL,NULL,0,NULL,NULL,NULL,NULL,NULL,NULL,NULL),
(1672487,'pay','2019-08-05 01:20:59.000000',21907,'2019-08-01','2019-08-01','F','PAY000344780',NULL,NULL,-141.05,NULL,NULL,NULL,NULL,NULL,'DIRECT_DEBIT',NULL,NULL,NULL,NULL,NULL,NULL,NULL,NULL,NULL,NULL,NULL,0,NULL,NULL,NULL,NULL,NULL,NULL,NULL),
(1727406,'bnv','2019-08-27 23:19:57.000000',21907,'2019-08-28','2019-08-28','F','000002000-0','192.1','Jul-2019 to Aug-2019 Electricity Consumption Charge',34.95,3.50,38.45,'2019-09-11',0.00,NULL,NULL,NULL,NULL,NULL,NULL,NULL,NULL,NULL,NULL,NULL,NULL,NULL,0,NULL,NULL,NULL,NULL,NULL,NULL,NULL),
(1727407,'bnv','2019-08-27 23:19:57.000000',21907,'2019-08-28','2019-08-28','F','000002000-0','192.3','Jul-2019 to Aug-2019 Gas Hot Water Consumption Charge',51.39,5.14,56.53,'2019-09-11',0.00,NULL,NULL,NULL,NULL,NULL,NULL,NULL,NULL,NULL,NULL,NULL,NULL,NULL,0,NULL,NULL,NULL,NULL,NULL,NULL,NULL),
(1727408,'bnv','2019-08-27 23:19:57.000000',21907,'2019-08-28','2019-08-28','F','000002000-0','192.2','Jul-2019 to Aug-2019 Electricity Supply Charge',17.62,1.76,19.38,'2019-09-11',0.00,NULL,NULL,NULL,NULL,NULL,NULL,NULL,NULL,NULL,NULL,NULL,NULL,NULL,0,NULL,NULL,NULL,NULL,NULL,NULL,NULL),
(1727409,'bnv','2019-08-27 23:19:57.000000',21907,'2019-08-28','2019-08-28','F','000002000-0','743','Jul-2019 to Aug-2019 Site Conversion Charge',4.91,0.49,5.40,'2019-09-11',0.00,NULL,NULL,NULL,NULL,NULL,NULL,NULL,NULL,NULL,NULL,NULL,NULL,NULL,0,NULL,NULL,NULL,NULL,NULL,NULL,NULL),
(1727410,'bnv','2019-08-27 23:19:57.000000',21907,'2019-08-28','2019-08-28','F','000002000-0','192.5','Jul-2019 to Aug-2019 Gas Cooktop',15.02,1.50,16.52,'2019-09-11',0.00,NULL,NULL,NULL,NULL,NULL,NULL,NULL,NULL,NULL,NULL,NULL,NULL,NULL,0,NULL,NULL,NULL,NULL,NULL,NULL,NULL),
(1727411,'bnv','2019-08-27 23:19:57.000000',21907,'2019-08-28','2019-08-28','F','000002000-0','192.4','Jul-2019 to Aug-2019 Gas Hot Water Supply Charge',4.10,0.41,4.51,'2019-09-11',0.00,NULL,NULL,NULL,NULL,NULL,NULL,NULL,NULL,NULL,NULL,NULL,NULL,NULL,0,NULL,NULL,NULL,NULL,NULL,NULL,NULL),
(1739431,'pay','2019-09-03 06:03:46.000000',21907,'2019-09-02','2019-09-02','F','PAY000360087',NULL,NULL,-140.79,NULL,NULL,NULL,NULL,NULL,'DIRECT_DEBIT',NULL,NULL,NULL,NULL,NULL,NULL,NULL,NULL,NULL,NULL,NULL,0,NULL,NULL,NULL,NULL,NULL,NULL,NULL),
(1797047,'bnv','2019-09-26 04:19:09.000000',21907,'2019-09-26','2019-09-26','F','000002181-0','192.1','Aug-2019 to Sep-2019 Electricity Consumption Charge',38.59,3.86,42.45,'2019-10-10',0.00,NULL,NULL,NULL,NULL,NULL,NULL,NULL,NULL,NULL,NULL,NULL,NULL,NULL,0,NULL,NULL,NULL,NULL,NULL,NULL,NULL),
(1797048,'bnv','2019-09-26 04:19:09.000000',21907,'2019-09-26','2019-09-26','F','000002181-0','192.3','Aug-2019 to Sep-2019 Gas Hot Water Consumption Charge',65.56,6.56,72.12,'2019-10-10',0.00,NULL,NULL,NULL,NULL,NULL,NULL,NULL,NULL,NULL,NULL,NULL,NULL,NULL,0,NULL,NULL,NULL,NULL,NULL,NULL,NULL),
(1797049,'bnv','2019-09-26 04:19:09.000000',21907,'2019-09-26','2019-09-26','F','000002181-0','192.2','Aug-2019 to Sep-2019 Electricity Supply Charge',16.52,1.65,18.17,'2019-10-10',0.00,NULL,NULL,NULL,NULL,NULL,NULL,NULL,NULL,NULL,NULL,NULL,NULL,NULL,0,NULL,NULL,NULL,NULL,NULL,NULL,NULL),
(1797050,'bnv','2019-09-26 04:19:09.000000',21907,'2019-09-26','2019-09-26','F','000002181-0','743','Aug-2019 to Sep-2019 Site Conversion Charge',4.61,0.46,5.07,'2019-10-10',0.00,NULL,NULL,NULL,NULL,NULL,NULL,NULL,NULL,NULL,NULL,NULL,NULL,NULL,0,NULL,NULL,NULL,NULL,NULL,NULL,NULL),
(1797051,'bnv','2019-09-26 04:19:09.000000',21907,'2019-09-26','2019-09-26','F','000002181-0','192.5','Aug-2019 to Sep-2019 Gas Cooktop',14.08,1.41,15.49,'2019-10-10',0.00,NULL,NULL,NULL,NULL,NULL,NULL,NULL,NULL,NULL,NULL,NULL,NULL,NULL,0,NULL,NULL,NULL,NULL,NULL,NULL,NULL),
(1797052,'bnv','2019-09-26 04:19:09.000000',21907,'2019-09-26','2019-09-26','F','000002181-0','192.4','Aug-2019 to Sep-2019 Gas Hot Water Supply Charge',3.84,0.38,4.22,'2019-10-10',0.00,NULL,NULL,NULL,NULL,NULL,NULL,NULL,NULL,NULL,NULL,NULL,NULL,NULL,0,NULL,NULL,NULL,NULL,NULL,NULL,NULL),
(1819615,'pay','2019-10-08 00:51:54.000000',21907,'2019-10-01','2019-10-01','F','PAY000375603',NULL,NULL,-157.52,NULL,NULL,NULL,NULL,NULL,'DIRECT_DEBIT',NULL,NULL,NULL,NULL,NULL,NULL,NULL,NULL,NULL,NULL,NULL,0,NULL,NULL,NULL,NULL,NULL,NULL,NULL),
(1868022,'bnv','2019-10-27 22:59:42.000000',21907,'2019-10-28','2019-10-28','F','000002365-0','192.1','Sep-2019 to Oct-2019 Electricity Consumption Charge',61.78,6.18,67.96,'2019-11-11',0.00,NULL,NULL,NULL,NULL,NULL,NULL,NULL,NULL,NULL,NULL,NULL,NULL,NULL,0,NULL,NULL,NULL,NULL,NULL,NULL,NULL),
(1868023,'bnv','2019-10-27 22:59:42.000000',21907,'2019-10-28','2019-10-28','F','000002365-0','192.3','Sep-2019 to Oct-2019 Gas Hot Water Consumption Charge',37.62,3.76,41.38,'2019-11-11',0.00,NULL,NULL,NULL,NULL,NULL,NULL,NULL,NULL,NULL,NULL,NULL,NULL,NULL,0,NULL,NULL,NULL,NULL,NULL,NULL,NULL),
(1868024,'bnv','2019-10-27 22:59:42.000000',21907,'2019-10-28','2019-10-28','F','000002365-0','192.2','Sep-2019 to Oct-2019 Electricity Supply Charge',15.96,1.60,17.56,'2019-11-11',0.00,NULL,NULL,NULL,NULL,NULL,NULL,NULL,NULL,NULL,NULL,NULL,NULL,NULL,0,NULL,NULL,NULL,NULL,NULL,NULL,NULL),
(1868025,'bnv','2019-10-27 22:59:42.000000',21907,'2019-10-28','2019-10-28','F','000002365-0','743','Sep-2019 to Oct-2019 Site Conversion Charge',4.45,0.45,4.90,'2019-11-11',0.00,NULL,NULL,NULL,NULL,NULL,NULL,NULL,NULL,NULL,NULL,NULL,NULL,NULL,0,NULL,NULL,NULL,NULL,NULL,NULL,NULL),
(1868026,'bnv','2019-10-27 22:59:42.000000',21907,'2019-10-28','2019-10-28','F','000002365-0','192.5','Sep-2019 to Oct-2019 Gas Cooktop',13.61,1.36,14.97,'2019-11-11',0.00,NULL,NULL,NULL,NULL,NULL,NULL,NULL,NULL,NULL,NULL,NULL,NULL,NULL,0,NULL,NULL,NULL,NULL,NULL,NULL,NULL),
(1868027,'bnv','2019-10-27 22:59:42.000000',21907,'2019-10-28','2019-10-28','F','000002365-0','192.4','Sep-2019 to Oct-2019 Gas Hot Water Supply Charge',3.71,0.37,4.08,'2019-11-11',0.00,NULL,NULL,NULL,NULL,NULL,NULL,NULL,NULL,NULL,NULL,NULL,NULL,NULL,0,NULL,NULL,NULL,NULL,NULL,NULL,NULL),
(1879579,'pay','2019-11-04 01:38:04.000000',21907,'2019-11-01','2019-11-01','F','PAY000392800',NULL,NULL,-150.85,NULL,NULL,NULL,NULL,NULL,'DIRECT_DEBIT',NULL,NULL,NULL,NULL,NULL,NULL,NULL,NULL,NULL,NULL,NULL,0,NULL,NULL,NULL,NULL,NULL,NULL,NULL),
(1935716,'bnv','2019-11-27 03:15:06.000000',21907,'2019-11-27','2019-11-27','F','000002546-0','192.1','Oct-2019 to Nov-2019 Electricity Consumption Charge',66.97,6.70,73.67,'2019-12-11',0.00,NULL,NULL,NULL,NULL,NULL,NULL,NULL,NULL,NULL,NULL,NULL,NULL,NULL,0,NULL,NULL,NULL,NULL,NULL,NULL,NULL),
(1935717,'bnv','2019-11-27 03:15:06.000000',21907,'2019-11-27','2019-11-27','F','000002546-0','192.3','Oct-2019 to Nov-2019 Gas Hot Water Consumption Charge',43.13,4.32,47.45,'2019-12-11',0.00,NULL,NULL,NULL,NULL,NULL,NULL,NULL,NULL,NULL,NULL,NULL,NULL,NULL,0,NULL,NULL,NULL,NULL,NULL,NULL,NULL),
(1935718,'bnv','2019-11-27 03:15:06.000000',21907,'2019-11-27','2019-11-27','F','000002546-0','192.2','Oct-2019 to Nov-2019 Electricity Supply Charge',17.62,1.76,19.38,'2019-12-11',0.00,NULL,NULL,NULL,NULL,NULL,NULL,NULL,NULL,NULL,NULL,NULL,NULL,NULL,0,NULL,NULL,NULL,NULL,NULL,NULL,NULL),
(1935719,'bnv','2019-11-27 03:15:06.000000',21907,'2019-11-27','2019-11-27','F','000002546-0','743','Oct-2019 to Nov-2019 Site Conversion Charge',4.91,0.49,5.40,'2019-12-11',0.00,NULL,NULL,NULL,NULL,NULL,NULL,NULL,NULL,NULL,NULL,NULL,NULL,NULL,0,NULL,NULL,NULL,NULL,NULL,NULL,NULL),
(1935720,'bnv','2019-11-27 03:15:06.000000',21907,'2019-11-27','2019-11-27','F','000002546-0','192.5','Oct-2019 to Nov-2019 Gas Cooktop',15.02,1.50,16.52,'2019-12-11',0.00,NULL,NULL,NULL,NULL,NULL,NULL,NULL,NULL,NULL,NULL,NULL,NULL,NULL,0,NULL,NULL,NULL,NULL,NULL,NULL,NULL),
(1935721,'bnv','2019-11-27 03:15:06.000000',21907,'2019-11-27','2019-11-27','F','000002546-0','192.4','Oct-2019 to Nov-2019 Gas Hot Water Supply Charge',4.10,0.41,4.51,'2019-12-11',0.00,NULL,NULL,NULL,NULL,NULL,NULL,NULL,NULL,NULL,NULL,NULL,NULL,NULL,0,NULL,NULL,NULL,NULL,NULL,NULL,NULL),
(1949031,'pay','2019-12-03 01:27:08.000000',21907,'2019-12-02','2019-12-02','F','PAY000408191',NULL,NULL,-166.93,NULL,NULL,NULL,NULL,NULL,'DIRECT_DEBIT',NULL,NULL,NULL,NULL,NULL,NULL,NULL,NULL,NULL,NULL,NULL,0,NULL,NULL,NULL,NULL,NULL,NULL,NULL),
(2006729,'bnv','2019-12-20 04:37:01.000000',21907,'2019-12-20','2019-12-20','F','000002727-0','192.1','Nov-2019 to Dec-2019 Electricity Consumption Charge',41.51,4.15,45.66,'2020-01-03',0.00,NULL,NULL,NULL,NULL,NULL,NULL,NULL,NULL,NULL,NULL,NULL,NULL,NULL,0,NULL,NULL,NULL,NULL,NULL,NULL,NULL),
(2006730,'bnv','2019-12-20 04:37:01.000000',21907,'2019-12-20','2019-12-20','F','000002727-0','192.3','Nov-2019 to Dec-2019 Gas Hot Water Consumption Charge',30.13,3.01,33.14,'2020-01-03',0.00,NULL,NULL,NULL,NULL,NULL,NULL,NULL,NULL,NULL,NULL,NULL,NULL,NULL,0,NULL,NULL,NULL,NULL,NULL,NULL,NULL),
(2006731,'bnv','2019-12-20 04:37:01.000000',21907,'2019-12-20','2019-12-20','F','000002727-0','192.2','Nov-2019 to Dec-2019 Electricity Supply Charge',12.66,1.27,13.93,'2020-01-03',0.00,NULL,NULL,NULL,NULL,NULL,NULL,NULL,NULL,NULL,NULL,NULL,NULL,NULL,0,NULL,NULL,NULL,NULL,NULL,NULL,NULL),
(2006732,'bnv','2019-12-20 04:37:01.000000',21907,'2019-12-20','2019-12-20','F','000002727-0','743','Nov-2019 to Dec-2019 Site Conversion Charge',3.53,0.35,3.88,'2020-01-03',0.00,NULL,NULL,NULL,NULL,NULL,NULL,NULL,NULL,NULL,NULL,NULL,NULL,NULL,0,NULL,NULL,NULL,NULL,NULL,NULL,NULL),
(2006733,'bnv','2019-12-20 04:37:01.000000',21907,'2019-12-20','2019-12-20','F','000002727-0','192.5','Nov-2019 to Dec-2019 Gas Cooktop',10.79,1.08,11.87,'2020-01-03',0.00,NULL,NULL,NULL,NULL,NULL,NULL,NULL,NULL,NULL,NULL,NULL,NULL,NULL,0,NULL,NULL,NULL,NULL,NULL,NULL,NULL),
(2006734,'bnv','2019-12-20 04:37:01.000000',21907,'2019-12-20','2019-12-20','F','000002727-0','192.4','Nov-2019 to Dec-2019 Gas Hot Water Supply Charge',2.95,0.30,3.25,'2020-01-03',0.00,NULL,NULL,NULL,NULL,NULL,NULL,NULL,NULL,NULL,NULL,NULL,NULL,NULL,0,NULL,NULL,NULL,NULL,NULL,NULL,NULL),
(2025018,'pay','2020-01-03 01:22:14.000000',21907,'2020-01-02','2020-01-02','F','PAY000426466',NULL,NULL,-111.73,NULL,NULL,NULL,NULL,NULL,'DIRECT_DEBIT',NULL,NULL,NULL,NULL,NULL,NULL,NULL,NULL,NULL,NULL,NULL,0,NULL,NULL,NULL,NULL,NULL,NULL,NULL),
(2088317,'bnv','2020-01-31 00:35:17.000000',21907,'2020-01-31','2020-01-31','F','000002913-0','192.1','Dec-2019 to Jan-2020 Electricity Consumption Charge',98.91,9.89,108.80,'2020-02-14',0.00,NULL,NULL,NULL,NULL,NULL,NULL,NULL,NULL,NULL,NULL,NULL,NULL,NULL,0,NULL,NULL,NULL,NULL,NULL,NULL,NULL),
(2088318,'bnv','2020-01-31 00:35:17.000000',21907,'2020-01-31','2020-01-31','F','000002913-0','192.3','Dec-2019 to Jan-2020 Gas Hot Water Consumption Charge',43.25,4.33,47.58,'2020-02-14',0.00,NULL,NULL,NULL,NULL,NULL,NULL,NULL,NULL,NULL,NULL,NULL,NULL,NULL,0,NULL,NULL,NULL,NULL,NULL,NULL,NULL),
(2088319,'bnv','2020-01-31 00:35:17.000000',21907,'2020-01-31','2020-01-31','F','000002913-0','192.2','Dec-2019 to Jan-2020 Electricity Supply Charge',23.12,2.31,25.43,'2020-02-14',0.00,NULL,NULL,NULL,NULL,NULL,NULL,NULL,NULL,NULL,NULL,NULL,NULL,NULL,0,NULL,NULL,NULL,NULL,NULL,NULL,NULL),
(2088320,'bnv','2020-01-31 00:35:17.000000',21907,'2020-01-31','2020-01-31','F','000002913-0','743','Dec-2019 to Jan-2020 Site Conversion Charge',6.45,0.65,7.10,'2020-02-14',0.00,NULL,NULL,NULL,NULL,NULL,NULL,NULL,NULL,NULL,NULL,NULL,NULL,NULL,0,NULL,NULL,NULL,NULL,NULL,NULL,NULL),
(2088321,'bnv','2020-01-31 00:35:17.000000',21907,'2020-01-31','2020-01-31','F','000002913-0','192.5','Dec-2019 to Jan-2020 Gas Cooktop',19.71,1.97,21.68,'2020-02-14',0.00,NULL,NULL,NULL,NULL,NULL,NULL,NULL,NULL,NULL,NULL,NULL,NULL,NULL,0,NULL,NULL,NULL,NULL,NULL,NULL,NULL),
(2088322,'bnv','2020-01-31 00:35:17.000000',21907,'2020-01-31','2020-01-31','F','000002913-0','192.4','Dec-2019 to Jan-2020 Gas Hot Water Supply Charge',5.38,0.54,5.92,'2020-02-14',0.00,NULL,NULL,NULL,NULL,NULL,NULL,NULL,NULL,NULL,NULL,NULL,NULL,NULL,0,NULL,NULL,NULL,NULL,NULL,NULL,NULL),
(2106067,'pay','2020-02-07 00:55:31.000000',21907,'2020-02-06','2020-02-06','F','PAY000443567',NULL,NULL,-216.51,NULL,NULL,NULL,NULL,NULL,'DIRECT_DEBIT',NULL,NULL,NULL,NULL,NULL,NULL,NULL,NULL,NULL,NULL,NULL,0,NULL,NULL,NULL,NULL,NULL,NULL,NULL),
(2152098,'bnv','2020-02-26 00:40:05.000000',21907,'2020-02-26','2020-02-26','F','000003099-0','192.1','Jan-2020 to Feb-2020 Electricity Consumption Charge',49.62,4.96,54.58,'2020-03-11',0.00,NULL,NULL,NULL,NULL,NULL,NULL,NULL,NULL,NULL,NULL,NULL,NULL,NULL,0,NULL,NULL,NULL,NULL,NULL,NULL,NULL),
(2152099,'bnv','2020-02-26 00:40:05.000000',21907,'2020-02-26','2020-02-26','F','000003099-0','192.3','Jan-2020 to Feb-2020 Gas Hot Water Consumption Charge',11.71,1.17,12.88,'2020-03-11',0.00,NULL,NULL,NULL,NULL,NULL,NULL,NULL,NULL,NULL,NULL,NULL,NULL,NULL,0,NULL,NULL,NULL,NULL,NULL,NULL,NULL),
(2152100,'bnv','2020-02-26 00:40:05.000000',21907,'2020-02-26','2020-02-26','F','000003099-0','192.2','Jan-2020 to Feb-2020 Electricity Supply Charge',14.31,1.43,15.74,'2020-03-11',0.00,NULL,NULL,NULL,NULL,NULL,NULL,NULL,NULL,NULL,NULL,NULL,NULL,NULL,0,NULL,NULL,NULL,NULL,NULL,NULL,NULL),
(2152101,'bnv','2020-02-26 00:40:05.000000',21907,'2020-02-26','2020-02-26','F','000003099-0','743','Jan-2020 to Feb-2020 Site Conversion Charge',3.99,0.40,4.39,'2020-03-11',0.00,NULL,NULL,NULL,NULL,NULL,NULL,NULL,NULL,NULL,NULL,NULL,NULL,NULL,0,NULL,NULL,NULL,NULL,NULL,NULL,NULL),
(2152102,'bnv','2020-02-26 00:40:05.000000',21907,'2020-02-26','2020-02-26','F','000003099-0','192.5','Jan-2020 to Feb-2020 Gas Cooktop',12.20,1.22,13.42,'2020-03-11',0.00,NULL,NULL,NULL,NULL,NULL,NULL,NULL,NULL,NULL,NULL,NULL,NULL,NULL,0,NULL,NULL,NULL,NULL,NULL,NULL,NULL),
(2152103,'bnv','2020-02-26 00:40:05.000000',21907,'2020-02-26','2020-02-26','F','000003099-0','192.4','Jan-2020 to Feb-2020 Gas Hot Water Supply Charge',3.33,0.33,3.66,'2020-03-11',0.00,NULL,NULL,NULL,NULL,NULL,NULL,NULL,NULL,NULL,NULL,NULL,NULL,NULL,0,NULL,NULL,NULL,NULL,NULL,NULL,NULL),
(2193936,'pay','2020-03-12 00:49:06.000000',21907,'2020-03-11','2020-03-11','F','PAY000462670',NULL,NULL,-104.67,NULL,NULL,NULL,NULL,NULL,'DIRECT_DEBIT',NULL,NULL,NULL,NULL,NULL,NULL,NULL,NULL,NULL,NULL,NULL,0,NULL,NULL,NULL,NULL,NULL,NULL,NULL),
(2227073,'bnv','2020-03-26 00:55:14.000000',21907,'2020-03-26','2020-03-26','F','000003281-0','192.1','Feb-2020 to Mar-2020 Electricity Consumption Charge',61.78,6.18,67.96,'2020-04-09',0.00,NULL,NULL,NULL,NULL,NULL,NULL,NULL,NULL,NULL,NULL,NULL,NULL,NULL,0,NULL,NULL,NULL,NULL,NULL,NULL,NULL),
(2227074,'bnv','2020-03-26 00:55:14.000000',21907,'2020-03-26','2020-03-26','F','000003281-0','192.3','Feb-2020 to Mar-2020 Gas Hot Water Consumption Charge',34.31,3.43,37.74,'2020-04-09',0.00,NULL,NULL,NULL,NULL,NULL,NULL,NULL,NULL,NULL,NULL,NULL,NULL,NULL,0,NULL,NULL,NULL,NULL,NULL,NULL,NULL),
(2227075,'bnv','2020-03-26 00:55:14.000000',21907,'2020-03-26','2020-03-26','F','000003281-0','192.2','Feb-2020 to Mar-2020 Electricity Supply Charge',15.96,1.60,17.56,'2020-04-09',0.00,NULL,NULL,NULL,NULL,NULL,NULL,NULL,NULL,NULL,NULL,NULL,NULL,NULL,0,NULL,NULL,NULL,NULL,NULL,NULL,NULL),
(2227076,'bnv','2020-03-26 00:55:14.000000',21907,'2020-03-26','2020-03-26','F','000003281-0','743','Feb-2020 to Mar-2020 Site Conversion Charge',4.45,0.45,4.90,'2020-04-09',0.00,NULL,NULL,NULL,NULL,NULL,NULL,NULL,NULL,NULL,NULL,NULL,NULL,NULL,0,NULL,NULL,NULL,NULL,NULL,NULL,NULL),
(2227077,'bnv','2020-03-26 00:55:14.000000',21907,'2020-03-26','2020-03-26','F','000003281-0','192.5','Feb-2020 to Mar-2020 Gas Cooktop',13.61,1.36,14.97,'2020-04-09',0.00,NULL,NULL,NULL,NULL,NULL,NULL,NULL,NULL,NULL,NULL,NULL,NULL,NULL,0,NULL,NULL,NULL,NULL,NULL,NULL,NULL),
(2227078,'bnv','2020-03-26 00:55:14.000000',21907,'2020-03-26','2020-03-26','F','000003281-0','192.4','Feb-2020 to Mar-2020 Gas Hot Water Supply Charge',3.71,0.37,4.08,'2020-04-09',0.00,NULL,NULL,NULL,NULL,NULL,NULL,NULL,NULL,NULL,NULL,NULL,NULL,NULL,0,NULL,NULL,NULL,NULL,NULL,NULL,NULL),
(2238705,'pay','2020-04-02 01:21:42.000000',21907,'2020-04-01','2020-04-01','F','PAY000474775',NULL,NULL,-147.21,NULL,NULL,NULL,NULL,NULL,'DIRECT_DEBIT',NULL,NULL,NULL,NULL,NULL,NULL,NULL,NULL,NULL,NULL,NULL,0,NULL,NULL,NULL,NULL,NULL,NULL,NULL),
(2295281,'bnv','2020-04-27 22:56:08.000000',34057,'2020-04-28','2020-04-28','F','000002199-0','192.1','Mar-2020 to Apr-2020 Electricity Consumption Charge',5105.55,510.56,5616.11,'2020-05-12',0.00,NULL,NULL,NULL,NULL,NULL,NULL,NULL,NULL,NULL,NULL,NULL,NULL,NULL,0,NULL,NULL,NULL,NULL,NULL,NULL,NULL),
(2295282,'bnv','2020-04-27 22:56:08.000000',34057,'2020-04-28','2020-04-28','F','000002199-0','192.2','Mar-2020 to Apr-2020 Electricity Supply Charge',98.73,9.87,108.60,'2020-05-12',0.00,NULL,NULL,NULL,NULL,NULL,NULL,NULL,NULL,NULL,NULL,NULL,NULL,NULL,0,NULL,NULL,NULL,NULL,NULL,NULL,NULL),
(2300521,'bnv','2020-04-29 01:26:17.000000',21907,'2020-04-29','2020-04-29','F','000003468-0','192.1','Mar-2020 to Apr-2020 Electricity Consumption Charge',37.46,3.75,41.21,'2020-05-13',0.00,NULL,NULL,NULL,NULL,NULL,NULL,NULL,NULL,NULL,NULL,NULL,NULL,NULL,0,NULL,NULL,NULL,NULL,NULL,NULL,NULL),
(2300522,'bnv','2020-04-29 01:26:17.000000',21907,'2020-04-29','2020-04-29','F','000003468-0','192.3','Mar-2020 to Apr-2020 Gas Hot Water Consumption Charge',20.30,2.03,22.33,'2020-05-13',0.00,NULL,NULL,NULL,NULL,NULL,NULL,NULL,NULL,NULL,NULL,NULL,NULL,NULL,0,NULL,NULL,NULL,NULL,NULL,NULL,NULL),
(2300523,'bnv','2020-04-29 01:26:17.000000',21907,'2020-04-29','2020-04-29','F','000003468-0','192.2','Mar-2020 to Apr-2020 Electricity Supply Charge',18.72,1.87,20.59,'2020-05-13',0.00,NULL,NULL,NULL,NULL,NULL,NULL,NULL,NULL,NULL,NULL,NULL,NULL,NULL,0,NULL,NULL,NULL,NULL,NULL,NULL,NULL),
(2300524,'bnv','2020-04-29 01:26:17.000000',21907,'2020-04-29','2020-04-29','F','000003468-0','743','Mar-2020 to Apr-2020 Site Conversion Charge',5.22,0.52,5.74,'2020-05-13',0.00,NULL,NULL,NULL,NULL,NULL,NULL,NULL,NULL,NULL,NULL,NULL,NULL,NULL,0,NULL,NULL,NULL,NULL,NULL,NULL,NULL),
(2300525,'bnv','2020-04-29 01:26:17.000000',21907,'2020-04-29','2020-04-29','F','000003468-0','192.5','Mar-2020 to Apr-2020 Gas Cooktop',15.96,1.60,17.56,'2020-05-13',0.00,NULL,NULL,NULL,NULL,NULL,NULL,NULL,NULL,NULL,NULL,NULL,NULL,NULL,0,NULL,NULL,NULL,NULL,NULL,NULL,NULL),
(2300526,'bnv','2020-04-29 01:26:17.000000',21907,'2020-04-29','2020-04-29','F','000003468-0','192.4','Mar-2020 to Apr-2020 Gas Hot Water Supply Charge',4.36,0.44,4.80,'2020-05-13',0.00,NULL,NULL,NULL,NULL,NULL,NULL,NULL,NULL,NULL,NULL,NULL,NULL,NULL,0,NULL,NULL,NULL,NULL,NULL,NULL,NULL),
(2304894,'adj','2020-04-30 04:26:05.000000',34057,'2020-04-28','2020-04-30','F','000002199-0 CLD','192.1','Cancelled Mar-2020 to Apr-2020 Electricity Consumption Charge',-5105.55,-510.56,-5616.11,NULL,NULL,NULL,NULL,NULL,NULL,NULL,NULL,NULL,NULL,NULL,NULL,NULL,NULL,NULL,0,NULL,NULL,NULL,NULL,NULL,NULL,NULL),
(2304895,'adj','2020-04-30 04:26:05.000000',34057,'2020-04-28','2020-04-30','F','000002199-0 CLD','192.2','Cancelled Mar-2020 to Apr-2020 Electricity Supply Charge',-98.73,-9.87,-108.60,NULL,NULL,NULL,NULL,NULL,NULL,NULL,NULL,NULL,NULL,NULL,NULL,NULL,NULL,NULL,0,NULL,NULL,NULL,NULL,NULL,NULL,NULL),
(2307076,'pay','2020-04-30 23:39:43.000000',34057,'2020-04-30','2020-04-30','F','PAY000489782',NULL,NULL,-5724.71,NULL,NULL,NULL,NULL,NULL,'DIRECT_DEBIT',NULL,NULL,NULL,NULL,NULL,NULL,NULL,NULL,NULL,NULL,NULL,0,NULL,NULL,NULL,NULL,NULL,NULL,NULL),
(2307157,'adj','2020-05-01 01:00:31.000000',34057,'2020-05-01','2020-04-30','F','ADJ002307157','193.13','Queensland Government Utility Relief Payment',-500.00,0.00,0.00,NULL,NULL,NULL,NULL,NULL,NULL,NULL,NULL,NULL,NULL,NULL,NULL,NULL,NULL,NULL,0,NULL,NULL,NULL,NULL,NULL,NULL,NULL),
(2321542,'adj','2020-05-01 04:46:55.000000',21907,'2020-05-01','2020-05-27','F','ADJ002321542','193.13','Queensland Government Utility Relief Payment',-200.00,0.00,0.00,NULL,NULL,NULL,NULL,NULL,NULL,NULL,NULL,NULL,NULL,NULL,NULL,NULL,NULL,NULL,0,NULL,NULL,NULL,NULL,NULL,NULL,NULL),
(2325056,'adj','2020-05-01 04:46:55.000000',36989,'2020-05-01','2020-05-06','F','ADJ002325056','193.13','Queensland Government Utility Relief Payment',-200.00,0.00,0.00,NULL,NULL,NULL,NULL,NULL,NULL,NULL,NULL,NULL,NULL,NULL,NULL,NULL,NULL,NULL,0,NULL,NULL,NULL,NULL,NULL,NULL,NULL),
(2327232,'bnv','2020-05-05 06:58:38.000000',34057,'2020-05-05','2020-04-30','F','000002200-0','192.1','Apr-2020 to May-2020 Electricity Consumption Charge',6300.36,630.04,6930.40,'2020-05-19',0.00,NULL,NULL,NULL,NULL,NULL,NULL,NULL,NULL,NULL,NULL,NULL,NULL,NULL,0,NULL,NULL,NULL,NULL,NULL,NULL,NULL),
(2327233,'bnv','2020-05-05 06:58:38.000000',34057,'2020-05-05','2020-04-30','F','000002200-0','192.2','Apr-2020 to May-2020 Electricity Supply Charge',108.00,10.80,118.80,'2020-05-19',0.00,NULL,NULL,NULL,NULL,NULL,NULL,NULL,NULL,NULL,NULL,NULL,NULL,NULL,0,NULL,NULL,NULL,NULL,NULL,NULL,NULL),
(2330263,'bnv','2020-05-06 05:15:54.000000',36989,'2020-05-06','2020-05-06','F','000000026-0','192.1','Apr-2020 Electricity Consumption Charge',42.11,4.21,46.32,'2020-05-20',0.00,NULL,NULL,NULL,NULL,NULL,NULL,NULL,NULL,NULL,NULL,NULL,NULL,NULL,0,NULL,NULL,NULL,NULL,NULL,NULL,NULL),
(2330264,'bnv','2020-05-06 05:15:54.000000',36989,'2020-05-06','2020-05-06','F','000000026-0','192.2','Apr-2020 Electricity Supply Charge',17.00,1.70,18.70,'2020-05-20',0.00,NULL,NULL,NULL,NULL,NULL,NULL,NULL,NULL,NULL,NULL,NULL,NULL,NULL,0,NULL,NULL,NULL,NULL,NULL,NULL,NULL),
(2330265,'bnv','2020-05-06 05:15:54.000000',36989,'2020-05-06','2020-05-06','F','000000026-0','192.10','Apr-2020 Solar Usage',8.22,0.82,9.04,'2020-05-20',0.00,NULL,NULL,NULL,NULL,NULL,NULL,NULL,NULL,NULL,NULL,NULL,NULL,NULL,0,NULL,NULL,NULL,NULL,NULL,NULL,NULL),
(2345275,'pay','2020-05-11 22:56:32.000000',21907,'2020-05-11','2020-05-11','F','PAY000493066',NULL,NULL,-112.23,NULL,NULL,NULL,NULL,NULL,'DIRECT_DEBIT',NULL,NULL,NULL,NULL,NULL,NULL,NULL,NULL,NULL,NULL,NULL,0,NULL,NULL,NULL,NULL,NULL,NULL,NULL),
(2376055,'bnv','2020-05-27 01:47:29.000000',21907,'2020-05-27','2020-05-27','F','000003650-0','192.1','Apr-2020 to May-2020 Electricity Consumption Charge',0.32,0.03,0.35,'2020-06-10',0.00,NULL,NULL,NULL,NULL,NULL,NULL,NULL,NULL,NULL,NULL,NULL,NULL,NULL,0,NULL,NULL,NULL,NULL,NULL,NULL,NULL),
(2376056,'bnv','2020-05-27 01:47:29.000000',21907,'2020-05-27','2020-05-27','F','000003650-0','192.3','Apr-2020 to May-2020 Gas Hot Water Consumption Charge',23.60,2.36,25.96,'2020-06-10',0.00,NULL,NULL,NULL,NULL,NULL,NULL,NULL,NULL,NULL,NULL,NULL,NULL,NULL,0,NULL,NULL,NULL,NULL,NULL,NULL,NULL),
(2376057,'bnv','2020-05-27 01:47:29.000000',21907,'2020-05-27','2020-05-27','F','000003650-0','192.2','Apr-2020 to May-2020 Electricity Supply Charge',15.41,1.54,16.95,'2020-06-10',0.00,NULL,NULL,NULL,NULL,NULL,NULL,NULL,NULL,NULL,NULL,NULL,NULL,NULL,0,NULL,NULL,NULL,NULL,NULL,NULL,NULL),
(2376058,'bnv','2020-05-27 01:47:29.000000',21907,'2020-05-27','2020-05-27','F','000003650-0','743','Apr-2020 to May-2020 Site Conversion Charge',4.30,0.43,4.73,'2020-06-10',0.00,NULL,NULL,NULL,NULL,NULL,NULL,NULL,NULL,NULL,NULL,NULL,NULL,NULL,0,NULL,NULL,NULL,NULL,NULL,NULL,NULL),
(2376059,'bnv','2020-05-27 01:47:29.000000',21907,'2020-05-27','2020-05-27','F','000003650-0','192.5','Apr-2020 to May-2020 Gas Cooktop',13.14,1.31,14.45,'2020-06-10',0.00,NULL,NULL,NULL,NULL,NULL,NULL,NULL,NULL,NULL,NULL,NULL,NULL,NULL,0,NULL,NULL,NULL,NULL,NULL,NULL,NULL),
(2376060,'bnv','2020-05-27 01:47:29.000000',21907,'2020-05-27','2020-05-27','F','000003650-0','192.4','Apr-2020 to May-2020 Gas Hot Water Supply Charge',3.59,0.36,3.95,'2020-06-10',0.00,NULL,NULL,NULL,NULL,NULL,NULL,NULL,NULL,NULL,NULL,NULL,NULL,NULL,0,NULL,NULL,NULL,NULL,NULL,NULL,NULL),
(2384507,'bnv','2020-06-01 01:40:37.000000',36989,'2020-06-01','2020-05-31','F','000000053-0','192.1','May-2020 Electricity Consumption Charge',74.65,7.47,82.12,'2020-06-15',0.00,NULL,NULL,NULL,NULL,NULL,NULL,NULL,NULL,NULL,NULL,NULL,NULL,NULL,0,NULL,NULL,NULL,NULL,NULL,NULL,NULL),
(2384508,'bnv','2020-06-01 01:40:37.000000',36989,'2020-06-01','2020-05-31','F','000000053-0','192.2','May-2020 Electricity Supply Charge',31.00,3.10,34.10,'2020-06-15',0.00,NULL,NULL,NULL,NULL,NULL,NULL,NULL,NULL,NULL,NULL,NULL,NULL,NULL,0,NULL,NULL,NULL,NULL,NULL,NULL,NULL),
(2384509,'bnv','2020-06-01 01:40:37.000000',36989,'2020-06-01','2020-05-31','F','000000053-0','192.10','May-2020 Solar Usage',12.47,1.25,13.72,'2020-06-15',0.00,NULL,NULL,NULL,NULL,NULL,NULL,NULL,NULL,NULL,NULL,NULL,NULL,NULL,0,NULL,NULL,NULL,NULL,NULL,NULL,NULL),
(2384822,'inv','2020-06-01 06:15:47.000000',34057,'2020-05-01','2020-05-31','F','INV002384822','193.13','Reversal Queensland Government Utility Relief Payment',500.00,0.00,0.00,'2020-05-01',0.00,NULL,NULL,NULL,NULL,NULL,NULL,NULL,NULL,NULL,NULL,NULL,NULL,NULL,0,NULL,'9b99cb83-e455-c9e5-a4f4-59b092bf2dd5','9b99cb83-e455-c9e5-a4f4-59b092bf2dd5',NULL,NULL,'2020-06-01 06:15:47','2020-06-01 06:15:47'),
(2384824,'bnv','2020-06-01 06:16:59.000000',34057,'2020-06-01','2020-05-31','F','000002289-0','192.1','May-2020 to Jun-2020 Electricity Consumption Charge',1550.65,155.07,1705.72,'2020-06-15',0.00,NULL,NULL,NULL,NULL,NULL,NULL,NULL,NULL,NULL,NULL,NULL,NULL,NULL,0,NULL,NULL,NULL,NULL,NULL,NULL,NULL),
(2384825,'bnv','2020-06-01 06:16:59.000000',34057,'2020-06-01','2020-05-31','F','000002289-0','192.2','May-2020 to Jun-2020 Electricity Supply Charge',31.00,3.10,34.10,'2020-06-15',0.00,NULL,NULL,NULL,NULL,NULL,NULL,NULL,NULL,NULL,NULL,NULL,NULL,NULL,0,NULL,NULL,NULL,NULL,NULL,NULL,NULL),
(2384826,'bnv','2020-06-01 06:16:59.000000',34057,'2020-06-01','2020-05-31','F','000002289-0','192.10','May-2020 to Jun-2020 Solar Usage',414.21,41.42,455.63,'2020-06-15',0.00,NULL,NULL,NULL,NULL,NULL,NULL,NULL,NULL,NULL,NULL,NULL,NULL,NULL,0,NULL,NULL,NULL,NULL,NULL,NULL,NULL),
(2384827,'bnv','2020-06-01 06:16:59.000000',34057,'2020-06-01','2020-05-31','F','000002289-0','194','May-2020 to Jun-2020 Interest',3.14,0.00,3.14,'2020-06-15',0.00,NULL,NULL,NULL,NULL,NULL,NULL,NULL,NULL,NULL,NULL,NULL,NULL,NULL,0,NULL,NULL,NULL,NULL,NULL,NULL,NULL),
(2431172,'inv','2020-06-24 05:04:44.000000',34057,'2020-06-24','2020-06-30','F','INV002431172','193.13','Electricity asset ownership dividend',-500.00,0.00,0.00,'2020-06-24',0.00,NULL,NULL,NULL,NULL,NULL,NULL,NULL,NULL,NULL,NULL,NULL,NULL,NULL,0,NULL,'5df51736-cb4f-f1e3-f837-5b288dda2540','5df51736-cb4f-f1e3-f837-5b288dda2540',NULL,NULL,'2020-06-24 05:04:44','2020-06-24 05:04:44'),
(2434493,'bnv','2020-06-26 00:31:15.000000',21907,'2020-06-26','2020-06-26','F','000003831-0','192.1','May-2020 to Jun-2020 Electricity Consumption Charge',11.51,1.15,12.66,'2020-07-10',0.00,NULL,NULL,NULL,NULL,NULL,NULL,NULL,NULL,NULL,NULL,NULL,NULL,NULL,0,NULL,NULL,NULL,NULL,NULL,NULL,NULL),
(2434494,'bnv','2020-06-26 00:31:15.000000',21907,'2020-06-26','2020-06-26','F','000003831-0','192.3','May-2020 to Jun-2020 Gas Hot Water Consumption Charge',43.00,4.30,47.30,'2020-07-10',0.00,NULL,NULL,NULL,NULL,NULL,NULL,NULL,NULL,NULL,NULL,NULL,NULL,NULL,0,NULL,NULL,NULL,NULL,NULL,NULL,NULL),
(2434495,'bnv','2020-06-26 00:31:15.000000',21907,'2020-06-26','2020-06-26','F','000003831-0','192.2','May-2020 to Jun-2020 Electricity Supply Charge',16.52,1.65,18.17,'2020-07-10',0.00,NULL,NULL,NULL,NULL,NULL,NULL,NULL,NULL,NULL,NULL,NULL,NULL,NULL,0,NULL,NULL,NULL,NULL,NULL,NULL,NULL),
(2434496,'bnv','2020-06-26 00:31:15.000000',21907,'2020-06-26','2020-06-26','F','000003831-0','743','May-2020 to Jun-2020 Site Conversion Charge',4.61,0.46,5.07,'2020-07-10',0.00,NULL,NULL,NULL,NULL,NULL,NULL,NULL,NULL,NULL,NULL,NULL,NULL,NULL,0,NULL,NULL,NULL,NULL,NULL,NULL,NULL),
(2434497,'bnv','2020-06-26 00:31:15.000000',21907,'2020-06-26','2020-06-26','F','000003831-0','192.5','May-2020 to Jun-2020 Gas Cooktop',14.08,1.41,15.49,'2020-07-10',0.00,NULL,NULL,NULL,NULL,NULL,NULL,NULL,NULL,NULL,NULL,NULL,NULL,NULL,0,NULL,NULL,NULL,NULL,NULL,NULL,NULL),
(2434498,'bnv','2020-06-26 00:31:15.000000',21907,'2020-06-26','2020-06-26','F','000003831-0','192.4','May-2020 to Jun-2020 Gas Hot Water Supply Charge',3.84,0.38,4.22,'2020-07-10',0.00,NULL,NULL,NULL,NULL,NULL,NULL,NULL,NULL,NULL,NULL,NULL,NULL,NULL,0,NULL,NULL,NULL,NULL,NULL,NULL,NULL),
(2444366,'bnv','2020-07-01 00:21:27.000000',34057,'2020-07-01','2020-06-30','F','000002378-0','192.1','Jun-2020 to Jul-2020 Electricity Consumption Charge',1525.27,152.53,1677.80,'2020-07-15',0.00,NULL,NULL,NULL,NULL,NULL,NULL,NULL,NULL,NULL,NULL,NULL,NULL,NULL,0,NULL,NULL,NULL,NULL,NULL,NULL,NULL),
(2444367,'bnv','2020-07-01 00:21:27.000000',34057,'2020-07-01','2020-06-30','F','000002378-0','192.2','Jun-2020 to Jul-2020 Electricity Supply Charge',30.00,3.00,33.00,'2020-07-15',0.00,NULL,NULL,NULL,NULL,NULL,NULL,NULL,NULL,NULL,NULL,NULL,NULL,NULL,0,NULL,NULL,NULL,NULL,NULL,NULL,NULL),
(2444368,'bnv','2020-07-01 00:21:27.000000',34057,'2020-07-01','2020-06-30','F','000002378-0','192.10','Jun-2020 to Jul-2020 Solar Usage',412.68,41.27,453.95,'2020-07-15',0.00,NULL,NULL,NULL,NULL,NULL,NULL,NULL,NULL,NULL,NULL,NULL,NULL,NULL,0,NULL,NULL,NULL,NULL,NULL,NULL,NULL),
(2444400,'bnv','2020-07-01 00:30:08.000000',36989,'2020-07-01','2020-06-30','F','000000057-0','192.1','Jun-2020 Electricity Consumption Charge',70.96,7.10,78.06,'2020-07-15',0.00,NULL,NULL,NULL,NULL,NULL,NULL,NULL,NULL,NULL,NULL,NULL,NULL,NULL,0,NULL,NULL,NULL,NULL,NULL,NULL,NULL),
(2444401,'bnv','2020-07-01 00:30:08.000000',36989,'2020-07-01','2020-06-30','F','000000057-0','192.2','Jun-2020 Electricity Supply Charge',30.00,3.00,33.00,'2020-07-15',0.00,NULL,NULL,NULL,NULL,NULL,NULL,NULL,NULL,NULL,NULL,NULL,NULL,NULL,0,NULL,NULL,NULL,NULL,NULL,NULL,NULL),
(2444402,'bnv','2020-07-01 00:30:08.000000',36989,'2020-07-01','2020-06-30','F','000000057-0','192.10','Jun-2020 Solar Usage',11.29,1.13,12.42,'2020-07-15',0.00,NULL,NULL,NULL,NULL,NULL,NULL,NULL,NULL,NULL,NULL,NULL,NULL,NULL,0,NULL,NULL,NULL,NULL,NULL,NULL,NULL),
(2450417,'pay','2020-07-03 19:15:35.000000',36989,'2020-07-03','2020-07-03','F','PAY000503003',NULL,NULL,-123.48,NULL,NULL,NULL,NULL,NULL,'BPAY',NULL,NULL,NULL,NULL,NULL,NULL,NULL,NULL,NULL,NULL,NULL,0,NULL,NULL,NULL,NULL,NULL,NULL,NULL),
(2486352,'pay','2020-07-21 22:37:39.000000',21907,'2020-07-21','2020-07-21','F','PAY000508712',NULL,NULL,-102.91,NULL,NULL,NULL,NULL,NULL,'DIRECT_DEBIT',NULL,NULL,NULL,NULL,NULL,NULL,NULL,NULL,NULL,NULL,NULL,0,NULL,NULL,NULL,NULL,NULL,NULL,NULL),
(2503014,'bnv','2020-07-29 02:14:58.000000',21907,'2020-07-29','2020-07-29','F','000004013-0','192.1','Jun-2020 to Jul-2020 Electricity Consumption Charge',29.19,2.92,32.11,'2020-08-12',0.00,NULL,NULL,NULL,NULL,NULL,NULL,NULL,NULL,NULL,NULL,NULL,NULL,NULL,0,NULL,NULL,NULL,NULL,NULL,NULL,NULL),
(2503015,'bnv','2020-07-29 02:14:58.000000',21907,'2020-07-29','2020-07-29','F','000004013-0','192.3','Jun-2020 to Jul-2020 Gas Hot Water Consumption Charge',42.60,4.26,46.86,'2020-08-12',0.00,NULL,NULL,NULL,NULL,NULL,NULL,NULL,NULL,NULL,NULL,NULL,NULL,NULL,0,NULL,NULL,NULL,NULL,NULL,NULL,NULL),
(2503016,'bnv','2020-07-29 02:14:58.000000',21907,'2020-07-29','2020-07-29','F','000004013-0','192.2','Jun-2020 to Jul-2020 Electricity Supply Charge',18.17,1.82,19.99,'2020-08-12',0.00,NULL,NULL,NULL,NULL,NULL,NULL,NULL,NULL,NULL,NULL,NULL,NULL,NULL,0,NULL,NULL,NULL,NULL,NULL,NULL,NULL),
(2503017,'bnv','2020-07-29 02:14:58.000000',21907,'2020-07-29','2020-07-29','F','000004013-0','743','Jun-2020 to Jul-2020 Site Conversion Charge',5.07,0.51,5.58,'2020-08-12',0.00,NULL,NULL,NULL,NULL,NULL,NULL,NULL,NULL,NULL,NULL,NULL,NULL,NULL,0,NULL,NULL,NULL,NULL,NULL,NULL,NULL),
(2503018,'bnv','2020-07-29 02:14:58.000000',21907,'2020-07-29','2020-07-29','F','000004013-0','192.5','Jun-2020 to Jul-2020 Gas Cooktop',15.49,1.55,17.04,'2020-08-12',0.00,NULL,NULL,NULL,NULL,NULL,NULL,NULL,NULL,NULL,NULL,NULL,NULL,NULL,0,NULL,NULL,NULL,NULL,NULL,NULL,NULL),
(2503019,'bnv','2020-07-29 02:14:58.000000',21907,'2020-07-29','2020-07-29','F','000004013-0','192.4','Jun-2020 to Jul-2020 Gas Hot Water Supply Charge',4.23,0.42,4.65,'2020-08-12',0.00,NULL,NULL,NULL,NULL,NULL,NULL,NULL,NULL,NULL,NULL,NULL,NULL,NULL,0,NULL,NULL,NULL,NULL,NULL,NULL,NULL),
(2514708,'bnv','2020-08-04 04:41:01.000000',36989,'2020-08-04','2020-07-31','F','000000087-0','192.1','Jul-2020 Electricity Consumption Charge',71.33,7.13,78.46,'2020-08-18',0.00,NULL,NULL,NULL,NULL,NULL,NULL,NULL,NULL,NULL,NULL,NULL,NULL,NULL,0,NULL,NULL,NULL,NULL,NULL,NULL,NULL),
(2514709,'bnv','2020-08-04 04:41:01.000000',36989,'2020-08-04','2020-07-31','F','000000087-0','192.2','Jul-2020 Electricity Supply Charge',31.00,3.10,34.10,'2020-08-18',0.00,NULL,NULL,NULL,NULL,NULL,NULL,NULL,NULL,NULL,NULL,NULL,NULL,NULL,0,NULL,NULL,NULL,NULL,NULL,NULL,NULL),
(2514710,'bnv','2020-08-04 04:41:01.000000',36989,'2020-08-04','2020-07-31','F','000000087-0','192.10','Jul-2020 Solar Usage',10.57,1.06,11.63,'2020-08-18',0.00,NULL,NULL,NULL,NULL,NULL,NULL,NULL,NULL,NULL,NULL,NULL,NULL,NULL,0,NULL,NULL,NULL,NULL,NULL,NULL,NULL),
(2515398,'bnv','2020-08-05 00:41:49.000000',34057,'2020-08-05','2020-07-31','F','000002467-0','192.1','Jul-2020 to Aug-2020 Electricity Consumption Charge',1632.61,163.26,1795.87,'2020-08-19',0.00,NULL,NULL,NULL,NULL,NULL,NULL,NULL,NULL,NULL,NULL,NULL,NULL,NULL,0,NULL,NULL,NULL,NULL,NULL,NULL,NULL),
(2515399,'bnv','2020-08-05 00:41:49.000000',34057,'2020-08-05','2020-07-31','F','000002467-0','192.2','Jul-2020 to Aug-2020 Electricity Supply Charge',31.00,3.10,34.10,'2020-08-19',0.00,NULL,NULL,NULL,NULL,NULL,NULL,NULL,NULL,NULL,NULL,NULL,NULL,NULL,0,NULL,NULL,NULL,NULL,NULL,NULL,NULL),
(2515400,'bnv','2020-08-05 00:41:49.000000',34057,'2020-08-05','2020-07-31','F','000002467-0','192.10','Jul-2020 to Aug-2020 Solar Usage',443.75,44.38,488.13,'2020-08-19',0.00,NULL,NULL,NULL,NULL,NULL,NULL,NULL,NULL,NULL,NULL,NULL,NULL,NULL,0,NULL,NULL,NULL,NULL,NULL,NULL,NULL),
(2541342,'pay','2020-08-13 23:43:58.000000',34057,'2020-08-13','2020-08-13','F','PAY000517529',NULL,NULL,-7505.93,NULL,NULL,NULL,NULL,NULL,'DIRECT_DEBIT',NULL,NULL,NULL,NULL,NULL,NULL,NULL,NULL,NULL,NULL,NULL,0,NULL,NULL,NULL,NULL,NULL,NULL,NULL),
(2573865,'adj','2020-08-27 23:15:35.000000',21907,'2018-09-28','2020-08-28','F','000000173-0 CLD','192.3','Cancelled Aug-2018 to Sep-2018 Gas Hot Water Consumption Charge',-175.43,-17.54,-192.97,NULL,NULL,NULL,NULL,NULL,NULL,NULL,NULL,NULL,NULL,NULL,NULL,NULL,NULL,NULL,0,NULL,NULL,NULL,NULL,NULL,NULL,NULL),
(2573866,'adj','2020-08-27 23:15:35.000000',21907,'2018-09-28','2020-08-28','F','000000173-0 CLD','192.4','Cancelled Aug-2018 to Sep-2018 Gas Hot Water Supply Charge',-6.15,-0.62,-6.77,NULL,NULL,NULL,NULL,NULL,NULL,NULL,NULL,NULL,NULL,NULL,NULL,NULL,NULL,NULL,0,NULL,NULL,NULL,NULL,NULL,NULL,NULL),
(2573867,'adj','2020-08-27 23:16:07.000000',21907,'2018-10-29','2020-08-28','F','000000348-0 CLD','192.3','Cancelled Sep-2018 to Oct-2018 Gas Hot Water Consumption Charge',-105.27,-10.53,-115.80,NULL,NULL,NULL,NULL,NULL,NULL,NULL,NULL,NULL,NULL,NULL,NULL,NULL,NULL,NULL,0,NULL,NULL,NULL,NULL,NULL,NULL,NULL),
(2573868,'adj','2020-08-27 23:16:07.000000',21907,'2018-10-29','2020-08-28','F','000000348-0 CLD','192.4','Cancelled Sep-2018 to Oct-2018 Gas Hot Water Supply Charge',-3.84,-0.38,-4.22,NULL,NULL,NULL,NULL,NULL,NULL,NULL,NULL,NULL,NULL,NULL,NULL,NULL,NULL,NULL,0,NULL,NULL,NULL,NULL,NULL,NULL,NULL),
(2573869,'adj','2020-08-27 23:16:18.000000',21907,'2020-07-29','2020-08-28','F','000004013-0 CLD','192.1','Cancelled Jun-2020 to Jul-2020 Electricity Consumption Charge',-29.19,-2.92,-32.11,NULL,NULL,NULL,NULL,NULL,NULL,NULL,NULL,NULL,NULL,NULL,NULL,NULL,NULL,NULL,0,NULL,NULL,NULL,NULL,NULL,NULL,NULL),
(2573870,'adj','2020-08-27 23:16:18.000000',21907,'2020-07-29','2020-08-28','F','000004013-0 CLD','192.3','Cancelled Jun-2020 to Jul-2020 Gas Hot Water Consumption Charge',-42.60,-4.26,-46.86,NULL,NULL,NULL,NULL,NULL,NULL,NULL,NULL,NULL,NULL,NULL,NULL,NULL,NULL,NULL,0,NULL,NULL,NULL,NULL,NULL,NULL,NULL),
(2573871,'adj','2020-08-27 23:16:18.000000',21907,'2020-07-29','2020-08-28','F','000004013-0 CLD','192.2','Cancelled Jun-2020 to Jul-2020 Electricity Supply Charge',-18.17,-1.82,-19.99,NULL,NULL,NULL,NULL,NULL,NULL,NULL,NULL,NULL,NULL,NULL,NULL,NULL,NULL,NULL,0,NULL,NULL,NULL,NULL,NULL,NULL,NULL),
(2573872,'adj','2020-08-27 23:16:18.000000',21907,'2020-07-29','2020-08-28','F','000004013-0 CLD','743','Cancelled Jun-2020 to Jul-2020 Site Conversion Charge',-5.07,-0.51,-5.58,NULL,NULL,NULL,NULL,NULL,NULL,NULL,NULL,NULL,NULL,NULL,NULL,NULL,NULL,NULL,0,NULL,NULL,NULL,NULL,NULL,NULL,NULL),
(2573873,'adj','2020-08-27 23:16:18.000000',21907,'2020-07-29','2020-08-28','F','000004013-0 CLD','192.5','Cancelled Jun-2020 to Jul-2020 Gas Cooktop',-15.49,-1.55,-17.04,NULL,NULL,NULL,NULL,NULL,NULL,NULL,NULL,NULL,NULL,NULL,NULL,NULL,NULL,NULL,0,NULL,NULL,NULL,NULL,NULL,NULL,NULL),
(2573874,'adj','2020-08-27 23:16:18.000000',21907,'2020-07-29','2020-08-28','F','000004013-0 CLD','192.4','Cancelled Jun-2020 to Jul-2020 Gas Hot Water Supply Charge',-4.23,-0.42,-4.65,NULL,NULL,NULL,NULL,NULL,NULL,NULL,NULL,NULL,NULL,NULL,NULL,NULL,NULL,NULL,0,NULL,NULL,NULL,NULL,NULL,NULL,NULL),
(2573875,'adj','2020-08-27 23:16:29.000000',21907,'2020-06-26','2020-08-28','F','000003831-0 CLD','192.1','Cancelled May-2020 to Jun-2020 Electricity Consumption Charge',-11.51,-1.15,-12.66,NULL,NULL,NULL,NULL,NULL,NULL,NULL,NULL,NULL,NULL,NULL,NULL,NULL,NULL,NULL,0,NULL,NULL,NULL,NULL,NULL,NULL,NULL),
(2573876,'adj','2020-08-27 23:16:29.000000',21907,'2020-06-26','2020-08-28','F','000003831-0 CLD','192.3','Cancelled May-2020 to Jun-2020 Gas Hot Water Consumption Charge',-43.00,-4.30,-47.30,NULL,NULL,NULL,NULL,NULL,NULL,NULL,NULL,NULL,NULL,NULL,NULL,NULL,NULL,NULL,0,NULL,NULL,NULL,NULL,NULL,NULL,NULL),
(2573877,'adj','2020-08-27 23:16:29.000000',21907,'2020-06-26','2020-08-28','F','000003831-0 CLD','192.2','Cancelled May-2020 to Jun-2020 Electricity Supply Charge',-16.52,-1.65,-18.17,NULL,NULL,NULL,NULL,NULL,NULL,NULL,NULL,NULL,NULL,NULL,NULL,NULL,NULL,NULL,0,NULL,NULL,NULL,NULL,NULL,NULL,NULL),
(2573878,'adj','2020-08-27 23:16:29.000000',21907,'2020-06-26','2020-08-28','F','000003831-0 CLD','743','Cancelled May-2020 to Jun-2020 Site Conversion Charge',-4.61,-0.46,-5.07,NULL,NULL,NULL,NULL,NULL,NULL,NULL,NULL,NULL,NULL,NULL,NULL,NULL,NULL,NULL,0,NULL,NULL,NULL,NULL,NULL,NULL,NULL),
(2573879,'adj','2020-08-27 23:16:29.000000',21907,'2020-06-26','2020-08-28','F','000003831-0 CLD','192.5','Cancelled May-2020 to Jun-2020 Gas Cooktop',-14.08,-1.41,-15.49,NULL,NULL,NULL,NULL,NULL,NULL,NULL,NULL,NULL,NULL,NULL,NULL,NULL,NULL,NULL,0,NULL,NULL,NULL,NULL,NULL,NULL,NULL),
(2573880,'adj','2020-08-27 23:16:29.000000',21907,'2020-06-26','2020-08-28','F','000003831-0 CLD','192.4','Cancelled May-2020 to Jun-2020 Gas Hot Water Supply Charge',-3.84,-0.38,-4.22,NULL,NULL,NULL,NULL,NULL,NULL,NULL,NULL,NULL,NULL,NULL,NULL,NULL,NULL,NULL,0,NULL,NULL,NULL,NULL,NULL,NULL,NULL),
(2573881,'adj','2020-08-27 23:16:39.000000',21907,'2020-05-27','2020-08-28','F','000003650-0 CLD','192.1','Cancelled Apr-2020 to May-2020 Electricity Consumption Charge',-0.32,-0.03,-0.35,NULL,NULL,NULL,NULL,NULL,NULL,NULL,NULL,NULL,NULL,NULL,NULL,NULL,NULL,NULL,0,NULL,NULL,NULL,NULL,NULL,NULL,NULL),
(2573882,'adj','2020-08-27 23:16:39.000000',21907,'2020-05-27','2020-08-28','F','000003650-0 CLD','192.3','Cancelled Apr-2020 to May-2020 Gas Hot Water Consumption Charge',-23.60,-2.36,-25.96,NULL,NULL,NULL,NULL,NULL,NULL,NULL,NULL,NULL,NULL,NULL,NULL,NULL,NULL,NULL,0,NULL,NULL,NULL,NULL,NULL,NULL,NULL),
(2573883,'adj','2020-08-27 23:16:39.000000',21907,'2020-05-27','2020-08-28','F','000003650-0 CLD','192.2','Cancelled Apr-2020 to May-2020 Electricity Supply Charge',-15.41,-1.54,-16.95,NULL,NULL,NULL,NULL,NULL,NULL,NULL,NULL,NULL,NULL,NULL,NULL,NULL,NULL,NULL,0,NULL,NULL,NULL,NULL,NULL,NULL,NULL),
(2573884,'adj','2020-08-27 23:16:39.000000',21907,'2020-05-27','2020-08-28','F','000003650-0 CLD','743','Cancelled Apr-2020 to May-2020 Site Conversion Charge',-4.30,-0.43,-4.73,NULL,NULL,NULL,NULL,NULL,NULL,NULL,NULL,NULL,NULL,NULL,NULL,NULL,NULL,NULL,0,NULL,NULL,NULL,NULL,NULL,NULL,NULL),
(2573885,'adj','2020-08-27 23:16:39.000000',21907,'2020-05-27','2020-08-28','F','000003650-0 CLD','192.5','Cancelled Apr-2020 to May-2020 Gas Cooktop',-13.14,-1.31,-14.45,NULL,NULL,NULL,NULL,NULL,NULL,NULL,NULL,NULL,NULL,NULL,NULL,NULL,NULL,NULL,0,NULL,NULL,NULL,NULL,NULL,NULL,NULL),
(2573886,'adj','2020-08-27 23:16:39.000000',21907,'2020-05-27','2020-08-28','F','000003650-0 CLD','192.4','Cancelled Apr-2020 to May-2020 Gas Hot Water Supply Charge',-3.59,-0.36,-3.95,NULL,NULL,NULL,NULL,NULL,NULL,NULL,NULL,NULL,NULL,NULL,NULL,NULL,NULL,NULL,0,NULL,NULL,NULL,NULL,NULL,NULL,NULL),
(2573887,'adj','2020-08-27 23:17:01.000000',21907,'2020-04-29','2020-08-28','F','000003468-0 CLD','192.1','Cancelled Mar-2020 to Apr-2020 Electricity Consumption Charge',-37.46,-3.75,-41.21,NULL,NULL,NULL,NULL,NULL,NULL,NULL,NULL,NULL,NULL,NULL,NULL,NULL,NULL,NULL,0,NULL,NULL,NULL,NULL,NULL,NULL,NULL),
(2573888,'adj','2020-08-27 23:17:01.000000',21907,'2020-04-29','2020-08-28','F','000003468-0 CLD','192.3','Cancelled Mar-2020 to Apr-2020 Gas Hot Water Consumption Charge',-20.30,-2.03,-22.33,NULL,NULL,NULL,NULL,NULL,NULL,NULL,NULL,NULL,NULL,NULL,NULL,NULL,NULL,NULL,0,NULL,NULL,NULL,NULL,NULL,NULL,NULL),
(2573889,'adj','2020-08-27 23:17:01.000000',21907,'2020-04-29','2020-08-28','F','000003468-0 CLD','192.2','Cancelled Mar-2020 to Apr-2020 Electricity Supply Charge',-18.72,-1.87,-20.59,NULL,NULL,NULL,NULL,NULL,NULL,NULL,NULL,NULL,NULL,NULL,NULL,NULL,NULL,NULL,0,NULL,NULL,NULL,NULL,NULL,NULL,NULL),
(2573890,'adj','2020-08-27 23:17:01.000000',21907,'2020-04-29','2020-08-28','F','000003468-0 CLD','743','Cancelled Mar-2020 to Apr-2020 Site Conversion Charge',-5.22,-0.52,-5.74,NULL,NULL,NULL,NULL,NULL,NULL,NULL,NULL,NULL,NULL,NULL,NULL,NULL,NULL,NULL,0,NULL,NULL,NULL,NULL,NULL,NULL,NULL),
(2573891,'adj','2020-08-27 23:17:01.000000',21907,'2020-04-29','2020-08-28','F','000003468-0 CLD','192.5','Cancelled Mar-2020 to Apr-2020 Gas Cooktop',-15.96,-1.60,-17.56,NULL,NULL,NULL,NULL,NULL,NULL,NULL,NULL,NULL,NULL,NULL,NULL,NULL,NULL,NULL,0,NULL,NULL,NULL,NULL,NULL,NULL,NULL),
(2573892,'adj','2020-08-27 23:17:01.000000',21907,'2020-04-29','2020-08-28','F','000003468-0 CLD','192.4','Cancelled Mar-2020 to Apr-2020 Gas Hot Water Supply Charge',-4.36,-0.44,-4.80,NULL,NULL,NULL,NULL,NULL,NULL,NULL,NULL,NULL,NULL,NULL,NULL,NULL,NULL,NULL,0,NULL,NULL,NULL,NULL,NULL,NULL,NULL),
(2573894,'adj','2020-08-27 23:17:43.000000',21907,'2020-03-26','2020-08-28','F','000003281-0 CLD','192.1','Cancelled Feb-2020 to Mar-2020 Electricity Consumption Charge',-61.78,-6.18,-67.96,NULL,NULL,NULL,NULL,NULL,NULL,NULL,NULL,NULL,NULL,NULL,NULL,NULL,NULL,NULL,0,NULL,NULL,NULL,NULL,NULL,NULL,NULL),
(2573895,'adj','2020-08-27 23:17:43.000000',21907,'2020-03-26','2020-08-28','F','000003281-0 CLD','192.3','Cancelled Feb-2020 to Mar-2020 Gas Hot Water Consumption Charge',-34.31,-3.43,-37.74,NULL,NULL,NULL,NULL,NULL,NULL,NULL,NULL,NULL,NULL,NULL,NULL,NULL,NULL,NULL,0,NULL,NULL,NULL,NULL,NULL,NULL,NULL),
(2573896,'adj','2020-08-27 23:17:43.000000',21907,'2020-03-26','2020-08-28','F','000003281-0 CLD','192.2','Cancelled Feb-2020 to Mar-2020 Electricity Supply Charge',-15.96,-1.60,-17.56,NULL,NULL,NULL,NULL,NULL,NULL,NULL,NULL,NULL,NULL,NULL,NULL,NULL,NULL,NULL,0,NULL,NULL,NULL,NULL,NULL,NULL,NULL),
(2573897,'adj','2020-08-27 23:17:43.000000',21907,'2020-03-26','2020-08-28','F','000003281-0 CLD','743','Cancelled Feb-2020 to Mar-2020 Site Conversion Charge',-4.45,-0.45,-4.90,NULL,NULL,NULL,NULL,NULL,NULL,NULL,NULL,NULL,NULL,NULL,NULL,NULL,NULL,NULL,0,NULL,NULL,NULL,NULL,NULL,NULL,NULL),
(2573898,'adj','2020-08-27 23:17:43.000000',21907,'2020-03-26','2020-08-28','F','000003281-0 CLD','192.5','Cancelled Feb-2020 to Mar-2020 Gas Cooktop',-13.61,-1.36,-14.97,NULL,NULL,NULL,NULL,NULL,NULL,NULL,NULL,NULL,NULL,NULL,NULL,NULL,NULL,NULL,0,NULL,NULL,NULL,NULL,NULL,NULL,NULL),
(2573899,'adj','2020-08-27 23:17:43.000000',21907,'2020-03-26','2020-08-28','F','000003281-0 CLD','192.4','Cancelled Feb-2020 to Mar-2020 Gas Hot Water Supply Charge',-3.71,-0.37,-4.08,NULL,NULL,NULL,NULL,NULL,NULL,NULL,NULL,NULL,NULL,NULL,NULL,NULL,NULL,NULL,0,NULL,NULL,NULL,NULL,NULL,NULL,NULL),
(2573900,'adj','2020-08-27 23:19:02.000000',21907,'2020-02-26','2020-08-28','F','000003099-0 CLD','192.1','Cancelled Jan-2020 to Feb-2020 Electricity Consumption Charge',-49.62,-4.96,-54.58,NULL,NULL,NULL,NULL,NULL,NULL,NULL,NULL,NULL,NULL,NULL,NULL,NULL,NULL,NULL,0,NULL,NULL,NULL,NULL,NULL,NULL,NULL),
(2573901,'adj','2020-08-27 23:19:02.000000',21907,'2020-02-26','2020-08-28','F','000003099-0 CLD','192.3','Cancelled Jan-2020 to Feb-2020 Gas Hot Water Consumption Charge',-11.71,-1.17,-12.88,NULL,NULL,NULL,NULL,NULL,NULL,NULL,NULL,NULL,NULL,NULL,NULL,NULL,NULL,NULL,0,NULL,NULL,NULL,NULL,NULL,NULL,NULL),
(2573902,'adj','2020-08-27 23:19:02.000000',21907,'2020-02-26','2020-08-28','F','000003099-0 CLD','192.2','Cancelled Jan-2020 to Feb-2020 Electricity Supply Charge',-14.31,-1.43,-15.74,NULL,NULL,NULL,NULL,NULL,NULL,NULL,NULL,NULL,NULL,NULL,NULL,NULL,NULL,NULL,0,NULL,NULL,NULL,NULL,NULL,NULL,NULL),
(2573903,'adj','2020-08-27 23:19:02.000000',21907,'2020-02-26','2020-08-28','F','000003099-0 CLD','743','Cancelled Jan-2020 to Feb-2020 Site Conversion Charge',-3.99,-0.40,-4.39,NULL,NULL,NULL,NULL,NULL,NULL,NULL,NULL,NULL,NULL,NULL,NULL,NULL,NULL,NULL,0,NULL,NULL,NULL,NULL,NULL,NULL,NULL),
(2573904,'adj','2020-08-27 23:19:02.000000',21907,'2020-02-26','2020-08-28','F','000003099-0 CLD','192.5','Cancelled Jan-2020 to Feb-2020 Gas Cooktop',-12.20,-1.22,-13.42,NULL,NULL,NULL,NULL,NULL,NULL,NULL,NULL,NULL,NULL,NULL,NULL,NULL,NULL,NULL,0,NULL,NULL,NULL,NULL,NULL,NULL,NULL),
(2573905,'adj','2020-08-27 23:19:02.000000',21907,'2020-02-26','2020-08-28','F','000003099-0 CLD','192.4','Cancelled Jan-2020 to Feb-2020 Gas Hot Water Supply Charge',-3.33,-0.33,-3.66,NULL,NULL,NULL,NULL,NULL,NULL,NULL,NULL,NULL,NULL,NULL,NULL,NULL,NULL,NULL,0,NULL,NULL,NULL,NULL,NULL,NULL,NULL),
(2573906,'adj','2020-08-27 23:19:16.000000',21907,'2020-01-31','2020-08-28','F','000002913-0 CLD','192.1','Cancelled Dec-2019 to Jan-2020 Electricity Consumption Charge',-98.91,-9.89,-108.80,NULL,NULL,NULL,NULL,NULL,NULL,NULL,NULL,NULL,NULL,NULL,NULL,NULL,NULL,NULL,0,NULL,NULL,NULL,NULL,NULL,NULL,NULL),
(2573907,'adj','2020-08-27 23:19:16.000000',21907,'2020-01-31','2020-08-28','F','000002913-0 CLD','192.3','Cancelled Dec-2019 to Jan-2020 Gas Hot Water Consumption Charge',-43.25,-4.33,-47.58,NULL,NULL,NULL,NULL,NULL,NULL,NULL,NULL,NULL,NULL,NULL,NULL,NULL,NULL,NULL,0,NULL,NULL,NULL,NULL,NULL,NULL,NULL),
(2573908,'adj','2020-08-27 23:19:16.000000',21907,'2020-01-31','2020-08-28','F','000002913-0 CLD','192.2','Cancelled Dec-2019 to Jan-2020 Electricity Supply Charge',-23.12,-2.31,-25.43,NULL,NULL,NULL,NULL,NULL,NULL,NULL,NULL,NULL,NULL,NULL,NULL,NULL,NULL,NULL,0,NULL,NULL,NULL,NULL,NULL,NULL,NULL),
(2573909,'adj','2020-08-27 23:19:16.000000',21907,'2020-01-31','2020-08-28','F','000002913-0 CLD','743','Cancelled Dec-2019 to Jan-2020 Site Conversion Charge',-6.45,-0.65,-7.10,NULL,NULL,NULL,NULL,NULL,NULL,NULL,NULL,NULL,NULL,NULL,NULL,NULL,NULL,NULL,0,NULL,NULL,NULL,NULL,NULL,NULL,NULL),
(2573910,'adj','2020-08-27 23:19:16.000000',21907,'2020-01-31','2020-08-28','F','000002913-0 CLD','192.5','Cancelled Dec-2019 to Jan-2020 Gas Cooktop',-19.71,-1.97,-21.68,NULL,NULL,NULL,NULL,NULL,NULL,NULL,NULL,NULL,NULL,NULL,NULL,NULL,NULL,NULL,0,NULL,NULL,NULL,NULL,NULL,NULL,NULL),
(2573911,'adj','2020-08-27 23:19:16.000000',21907,'2020-01-31','2020-08-28','F','000002913-0 CLD','192.4','Cancelled Dec-2019 to Jan-2020 Gas Hot Water Supply Charge',-5.38,-0.54,-5.92,NULL,NULL,NULL,NULL,NULL,NULL,NULL,NULL,NULL,NULL,NULL,NULL,NULL,NULL,NULL,0,NULL,NULL,NULL,NULL,NULL,NULL,NULL),
(2573912,'adj','2020-08-27 23:19:37.000000',21907,'2019-12-20','2020-08-28','F','000002727-0 CLD','192.1','Cancelled Nov-2019 to Dec-2019 Electricity Consumption Charge',-41.51,-4.15,-45.66,NULL,NULL,NULL,NULL,NULL,NULL,NULL,NULL,NULL,NULL,NULL,NULL,NULL,NULL,NULL,0,NULL,NULL,NULL,NULL,NULL,NULL,NULL),
(2573913,'adj','2020-08-27 23:19:37.000000',21907,'2019-12-20','2020-08-28','F','000002727-0 CLD','192.3','Cancelled Nov-2019 to Dec-2019 Gas Hot Water Consumption Charge',-30.13,-3.01,-33.14,NULL,NULL,NULL,NULL,NULL,NULL,NULL,NULL,NULL,NULL,NULL,NULL,NULL,NULL,NULL,0,NULL,NULL,NULL,NULL,NULL,NULL,NULL),
(2573914,'adj','2020-08-27 23:19:37.000000',21907,'2019-12-20','2020-08-28','F','000002727-0 CLD','192.2','Cancelled Nov-2019 to Dec-2019 Electricity Supply Charge',-12.66,-1.27,-13.93,NULL,NULL,NULL,NULL,NULL,NULL,NULL,NULL,NULL,NULL,NULL,NULL,NULL,NULL,NULL,0,NULL,NULL,NULL,NULL,NULL,NULL,NULL),
(2573915,'adj','2020-08-27 23:19:37.000000',21907,'2019-12-20','2020-08-28','F','000002727-0 CLD','743','Cancelled Nov-2019 to Dec-2019 Site Conversion Charge',-3.53,-0.35,-3.88,NULL,NULL,NULL,NULL,NULL,NULL,NULL,NULL,NULL,NULL,NULL,NULL,NULL,NULL,NULL,0,NULL,NULL,NULL,NULL,NULL,NULL,NULL),
(2573916,'adj','2020-08-27 23:19:37.000000',21907,'2019-12-20','2020-08-28','F','000002727-0 CLD','192.5','Cancelled Nov-2019 to Dec-2019 Gas Cooktop',-10.79,-1.08,-11.87,NULL,NULL,NULL,NULL,NULL,NULL,NULL,NULL,NULL,NULL,NULL,NULL,NULL,NULL,NULL,0,NULL,NULL,NULL,NULL,NULL,NULL,NULL),
(2573917,'adj','2020-08-27 23:19:37.000000',21907,'2019-12-20','2020-08-28','F','000002727-0 CLD','192.4','Cancelled Nov-2019 to Dec-2019 Gas Hot Water Supply Charge',-2.95,-0.30,-3.25,NULL,NULL,NULL,NULL,NULL,NULL,NULL,NULL,NULL,NULL,NULL,NULL,NULL,NULL,NULL,0,NULL,NULL,NULL,NULL,NULL,NULL,NULL),
(2573918,'adj','2020-08-27 23:19:55.000000',21907,'2019-11-27','2020-08-28','F','000002546-0 CLD','192.1','Cancelled Oct-2019 to Nov-2019 Electricity Consumption Charge',-66.97,-6.70,-73.67,NULL,NULL,NULL,NULL,NULL,NULL,NULL,NULL,NULL,NULL,NULL,NULL,NULL,NULL,NULL,0,NULL,NULL,NULL,NULL,NULL,NULL,NULL),
(2573919,'adj','2020-08-27 23:19:55.000000',21907,'2019-11-27','2020-08-28','F','000002546-0 CLD','192.3','Cancelled Oct-2019 to Nov-2019 Gas Hot Water Consumption Charge',-43.13,-4.32,-47.45,NULL,NULL,NULL,NULL,NULL,NULL,NULL,NULL,NULL,NULL,NULL,NULL,NULL,NULL,NULL,0,NULL,NULL,NULL,NULL,NULL,NULL,NULL),
(2573920,'adj','2020-08-27 23:19:55.000000',21907,'2019-11-27','2020-08-28','F','000002546-0 CLD','192.2','Cancelled Oct-2019 to Nov-2019 Electricity Supply Charge',-17.62,-1.76,-19.38,NULL,NULL,NULL,NULL,NULL,NULL,NULL,NULL,NULL,NULL,NULL,NULL,NULL,NULL,NULL,0,NULL,NULL,NULL,NULL,NULL,NULL,NULL),
(2573921,'adj','2020-08-27 23:19:55.000000',21907,'2019-11-27','2020-08-28','F','000002546-0 CLD','743','Cancelled Oct-2019 to Nov-2019 Site Conversion Charge',-4.91,-0.49,-5.40,NULL,NULL,NULL,NULL,NULL,NULL,NULL,NULL,NULL,NULL,NULL,NULL,NULL,NULL,NULL,0,NULL,NULL,NULL,NULL,NULL,NULL,NULL),
(2573922,'adj','2020-08-27 23:19:55.000000',21907,'2019-11-27','2020-08-28','F','000002546-0 CLD','192.5','Cancelled Oct-2019 to Nov-2019 Gas Cooktop',-15.02,-1.50,-16.52,NULL,NULL,NULL,NULL,NULL,NULL,NULL,NULL,NULL,NULL,NULL,NULL,NULL,NULL,NULL,0,NULL,NULL,NULL,NULL,NULL,NULL,NULL),
(2573923,'adj','2020-08-27 23:19:55.000000',21907,'2019-11-27','2020-08-28','F','000002546-0 CLD','192.4','Cancelled Oct-2019 to Nov-2019 Gas Hot Water Supply Charge',-4.10,-0.41,-4.51,NULL,NULL,NULL,NULL,NULL,NULL,NULL,NULL,NULL,NULL,NULL,NULL,NULL,NULL,NULL,0,NULL,NULL,NULL,NULL,NULL,NULL,NULL),
(2573924,'adj','2020-08-27 23:22:17.000000',21907,'2019-10-28','2020-08-28','F','000002365-0 CLD','192.1','Cancelled Sep-2019 to Oct-2019 Electricity Consumption Charge',-61.78,-6.18,-67.96,NULL,NULL,NULL,NULL,NULL,NULL,NULL,NULL,NULL,NULL,NULL,NULL,NULL,NULL,NULL,0,NULL,NULL,NULL,NULL,NULL,NULL,NULL),
(2573925,'adj','2020-08-27 23:22:17.000000',21907,'2019-10-28','2020-08-28','F','000002365-0 CLD','192.3','Cancelled Sep-2019 to Oct-2019 Gas Hot Water Consumption Charge',-37.62,-3.76,-41.38,NULL,NULL,NULL,NULL,NULL,NULL,NULL,NULL,NULL,NULL,NULL,NULL,NULL,NULL,NULL,0,NULL,NULL,NULL,NULL,NULL,NULL,NULL),
(2573926,'adj','2020-08-27 23:22:17.000000',21907,'2019-10-28','2020-08-28','F','000002365-0 CLD','192.2','Cancelled Sep-2019 to Oct-2019 Electricity Supply Charge',-15.96,-1.60,-17.56,NULL,NULL,NULL,NULL,NULL,NULL,NULL,NULL,NULL,NULL,NULL,NULL,NULL,NULL,NULL,0,NULL,NULL,NULL,NULL,NULL,NULL,NULL),
(2573927,'adj','2020-08-27 23:22:17.000000',21907,'2019-10-28','2020-08-28','F','000002365-0 CLD','743','Cancelled Sep-2019 to Oct-2019 Site Conversion Charge',-4.45,-0.45,-4.90,NULL,NULL,NULL,NULL,NULL,NULL,NULL,NULL,NULL,NULL,NULL,NULL,NULL,NULL,NULL,0,NULL,NULL,NULL,NULL,NULL,NULL,NULL),
(2573928,'adj','2020-08-27 23:22:17.000000',21907,'2019-10-28','2020-08-28','F','000002365-0 CLD','192.5','Cancelled Sep-2019 to Oct-2019 Gas Cooktop',-13.61,-1.36,-14.97,NULL,NULL,NULL,NULL,NULL,NULL,NULL,NULL,NULL,NULL,NULL,NULL,NULL,NULL,NULL,0,NULL,NULL,NULL,NULL,NULL,NULL,NULL),
(2573929,'adj','2020-08-27 23:22:17.000000',21907,'2019-10-28','2020-08-28','F','000002365-0 CLD','192.4','Cancelled Sep-2019 to Oct-2019 Gas Hot Water Supply Charge',-3.71,-0.37,-4.08,NULL,NULL,NULL,NULL,NULL,NULL,NULL,NULL,NULL,NULL,NULL,NULL,NULL,NULL,NULL,0,NULL,NULL,NULL,NULL,NULL,NULL,NULL),
(2573930,'adj','2020-08-27 23:22:38.000000',21907,'2019-09-26','2020-08-28','F','000002181-0 CLD','192.1','Cancelled Aug-2019 to Sep-2019 Electricity Consumption Charge',-38.59,-3.86,-42.45,NULL,NULL,NULL,NULL,NULL,NULL,NULL,NULL,NULL,NULL,NULL,NULL,NULL,NULL,NULL,0,NULL,NULL,NULL,NULL,NULL,NULL,NULL),
(2573931,'adj','2020-08-27 23:22:38.000000',21907,'2019-09-26','2020-08-28','F','000002181-0 CLD','192.3','Cancelled Aug-2019 to Sep-2019 Gas Hot Water Consumption Charge',-65.56,-6.56,-72.12,NULL,NULL,NULL,NULL,NULL,NULL,NULL,NULL,NULL,NULL,NULL,NULL,NULL,NULL,NULL,0,NULL,NULL,NULL,NULL,NULL,NULL,NULL),
(2573932,'adj','2020-08-27 23:22:38.000000',21907,'2019-09-26','2020-08-28','F','000002181-0 CLD','192.2','Cancelled Aug-2019 to Sep-2019 Electricity Supply Charge',-16.52,-1.65,-18.17,NULL,NULL,NULL,NULL,NULL,NULL,NULL,NULL,NULL,NULL,NULL,NULL,NULL,NULL,NULL,0,NULL,NULL,NULL,NULL,NULL,NULL,NULL),
(2573933,'adj','2020-08-27 23:22:38.000000',21907,'2019-09-26','2020-08-28','F','000002181-0 CLD','743','Cancelled Aug-2019 to Sep-2019 Site Conversion Charge',-4.61,-0.46,-5.07,NULL,NULL,NULL,NULL,NULL,NULL,NULL,NULL,NULL,NULL,NULL,NULL,NULL,NULL,NULL,0,NULL,NULL,NULL,NULL,NULL,NULL,NULL),
(2573934,'adj','2020-08-27 23:22:38.000000',21907,'2019-09-26','2020-08-28','F','000002181-0 CLD','192.5','Cancelled Aug-2019 to Sep-2019 Gas Cooktop',-14.08,-1.41,-15.49,NULL,NULL,NULL,NULL,NULL,NULL,NULL,NULL,NULL,NULL,NULL,NULL,NULL,NULL,NULL,0,NULL,NULL,NULL,NULL,NULL,NULL,NULL),
(2573935,'adj','2020-08-27 23:22:38.000000',21907,'2019-09-26','2020-08-28','F','000002181-0 CLD','192.4','Cancelled Aug-2019 to Sep-2019 Gas Hot Water Supply Charge',-3.84,-0.38,-4.22,NULL,NULL,NULL,NULL,NULL,NULL,NULL,NULL,NULL,NULL,NULL,NULL,NULL,NULL,NULL,0,NULL,NULL,NULL,NULL,NULL,NULL,NULL),
(2573936,'adj','2020-08-27 23:22:57.000000',21907,'2019-08-28','2020-08-28','F','000002000-0 CLD','192.1','Cancelled Jul-2019 to Aug-2019 Electricity Consumption Charge',-34.95,-3.50,-38.45,NULL,NULL,NULL,NULL,NULL,NULL,NULL,NULL,NULL,NULL,NULL,NULL,NULL,NULL,NULL,0,NULL,NULL,NULL,NULL,NULL,NULL,NULL),
(2573937,'adj','2020-08-27 23:22:57.000000',21907,'2019-08-28','2020-08-28','F','000002000-0 CLD','192.3','Cancelled Jul-2019 to Aug-2019 Gas Hot Water Consumption Charge',-51.39,-5.14,-56.53,NULL,NULL,NULL,NULL,NULL,NULL,NULL,NULL,NULL,NULL,NULL,NULL,NULL,NULL,NULL,0,NULL,NULL,NULL,NULL,NULL,NULL,NULL),
(2573938,'adj','2020-08-27 23:22:57.000000',21907,'2019-08-28','2020-08-28','F','000002000-0 CLD','192.2','Cancelled Jul-2019 to Aug-2019 Electricity Supply Charge',-17.62,-1.76,-19.38,NULL,NULL,NULL,NULL,NULL,NULL,NULL,NULL,NULL,NULL,NULL,NULL,NULL,NULL,NULL,0,NULL,NULL,NULL,NULL,NULL,NULL,NULL),
(2573939,'adj','2020-08-27 23:22:57.000000',21907,'2019-08-28','2020-08-28','F','000002000-0 CLD','743','Cancelled Jul-2019 to Aug-2019 Site Conversion Charge',-4.91,-0.49,-5.40,NULL,NULL,NULL,NULL,NULL,NULL,NULL,NULL,NULL,NULL,NULL,NULL,NULL,NULL,NULL,0,NULL,NULL,NULL,NULL,NULL,NULL,NULL),
(2573940,'adj','2020-08-27 23:22:57.000000',21907,'2019-08-28','2020-08-28','F','000002000-0 CLD','192.5','Cancelled Jul-2019 to Aug-2019 Gas Cooktop',-15.02,-1.50,-16.52,NULL,NULL,NULL,NULL,NULL,NULL,NULL,NULL,NULL,NULL,NULL,NULL,NULL,NULL,NULL,0,NULL,NULL,NULL,NULL,NULL,NULL,NULL),
(2573941,'adj','2020-08-27 23:22:57.000000',21907,'2019-08-28','2020-08-28','F','000002000-0 CLD','192.4','Cancelled Jul-2019 to Aug-2019 Gas Hot Water Supply Charge',-4.10,-0.41,-4.51,NULL,NULL,NULL,NULL,NULL,NULL,NULL,NULL,NULL,NULL,NULL,NULL,NULL,NULL,NULL,0,NULL,NULL,NULL,NULL,NULL,NULL,NULL),
(2573942,'adj','2020-08-27 23:23:24.000000',21907,'2019-07-29','2020-08-28','F','000001810-0 CLD','192.1','Cancelled Jun-2019 to Jul-2019 Electricity Consumption Charge',-41.82,-4.18,-46.00,NULL,NULL,NULL,NULL,NULL,NULL,NULL,NULL,NULL,NULL,NULL,NULL,NULL,NULL,NULL,0,NULL,NULL,NULL,NULL,NULL,NULL,NULL),
(2573943,'adj','2020-08-27 23:23:24.000000',21907,'2019-07-29','2020-08-28','F','000001810-0 CLD','192.3','Cancelled Jun-2019 to Jul-2019 Gas Hot Water Consumption Charge',-46.05,-4.60,-50.65,NULL,NULL,NULL,NULL,NULL,NULL,NULL,NULL,NULL,NULL,NULL,NULL,NULL,NULL,NULL,0,NULL,NULL,NULL,NULL,NULL,NULL,NULL),
(2573944,'adj','2020-08-27 23:23:24.000000',21907,'2019-07-29','2020-08-28','F','000001810-0 CLD','192.2','Cancelled Jun-2019 to Jul-2019 Electricity Supply Charge',-17.07,-1.71,-18.78,NULL,NULL,NULL,NULL,NULL,NULL,NULL,NULL,NULL,NULL,NULL,NULL,NULL,NULL,NULL,0,NULL,NULL,NULL,NULL,NULL,NULL,NULL),
(2573945,'adj','2020-08-27 23:23:24.000000',21907,'2019-07-29','2020-08-28','F','000001810-0 CLD','743','Cancelled Jun-2019 to Jul-2019 Site Conversion Charge',-4.76,-0.48,-5.24,NULL,NULL,NULL,NULL,NULL,NULL,NULL,NULL,NULL,NULL,NULL,NULL,NULL,NULL,NULL,0,NULL,NULL,NULL,NULL,NULL,NULL,NULL),
(2573946,'adj','2020-08-27 23:23:24.000000',21907,'2019-07-29','2020-08-28','F','000001810-0 CLD','192.5','Cancelled Jun-2019 to Jul-2019 Gas Cooktop',-14.55,-1.46,-16.01,NULL,NULL,NULL,NULL,NULL,NULL,NULL,NULL,NULL,NULL,NULL,NULL,NULL,NULL,NULL,0,NULL,NULL,NULL,NULL,NULL,NULL,NULL),
(2573947,'adj','2020-08-27 23:23:24.000000',21907,'2019-07-29','2020-08-28','F','000001810-0 CLD','192.4','Cancelled Jun-2019 to Jul-2019 Gas Hot Water Supply Charge',-3.97,-0.40,-4.37,NULL,NULL,NULL,NULL,NULL,NULL,NULL,NULL,NULL,NULL,NULL,NULL,NULL,NULL,NULL,0,NULL,NULL,NULL,NULL,NULL,NULL,NULL),
(2573948,'adj','2020-08-27 23:23:45.000000',21907,'2019-06-26','2020-08-28','F','000001626-0 CLD','192.1','Cancelled May-2019 to Jun-2019 Electricity Consumption Charge',-35.90,-3.59,-39.49,NULL,NULL,NULL,NULL,NULL,NULL,NULL,NULL,NULL,NULL,NULL,NULL,NULL,NULL,NULL,0,NULL,NULL,NULL,NULL,NULL,NULL,NULL),
(2573949,'adj','2020-08-27 23:23:45.000000',21907,'2019-06-26','2020-08-28','F','000001626-0 CLD','192.3','Cancelled May-2019 to Jun-2019 Gas Hot Water Consumption Charge',-45.78,-4.58,-50.36,NULL,NULL,NULL,NULL,NULL,NULL,NULL,NULL,NULL,NULL,NULL,NULL,NULL,NULL,NULL,0,NULL,NULL,NULL,NULL,NULL,NULL,NULL),
(2573950,'adj','2020-08-27 23:23:45.000000',21907,'2019-06-26','2020-08-28','F','000001626-0 CLD','192.2','Cancelled May-2019 to Jun-2019 Electricity Supply Charge',-15.41,-1.54,-16.95,NULL,NULL,NULL,NULL,NULL,NULL,NULL,NULL,NULL,NULL,NULL,NULL,NULL,NULL,NULL,0,NULL,NULL,NULL,NULL,NULL,NULL,NULL),
(2573951,'adj','2020-08-27 23:23:45.000000',21907,'2019-06-26','2020-08-28','F','000001626-0 CLD','743','Cancelled May-2019 to Jun-2019 Site Conversion Charge',-4.30,-0.43,-4.73,NULL,NULL,NULL,NULL,NULL,NULL,NULL,NULL,NULL,NULL,NULL,NULL,NULL,NULL,NULL,0,NULL,NULL,NULL,NULL,NULL,NULL,NULL),
(2573952,'adj','2020-08-27 23:23:45.000000',21907,'2019-06-26','2020-08-28','F','000001626-0 CLD','192.5','Cancelled May-2019 to Jun-2019 Gas Cooktop',-13.14,-1.31,-14.45,NULL,NULL,NULL,NULL,NULL,NULL,NULL,NULL,NULL,NULL,NULL,NULL,NULL,NULL,NULL,0,NULL,NULL,NULL,NULL,NULL,NULL,NULL),
(2573953,'adj','2020-08-27 23:23:45.000000',21907,'2019-06-26','2020-08-28','F','000001626-0 CLD','192.4','Cancelled May-2019 to Jun-2019 Gas Hot Water Supply Charge',-3.59,-0.36,-3.95,NULL,NULL,NULL,NULL,NULL,NULL,NULL,NULL,NULL,NULL,NULL,NULL,NULL,NULL,NULL,0,NULL,NULL,NULL,NULL,NULL,NULL,NULL),
(2573954,'adj','2020-08-27 23:24:30.000000',21907,'2019-05-29','2020-08-28','F','000001455-0 CLD','192.1','Cancelled Apr-2019 to May-2019 Electricity Consumption Charge',-37.34,-3.73,-41.07,NULL,NULL,NULL,NULL,NULL,NULL,NULL,NULL,NULL,NULL,NULL,NULL,NULL,NULL,NULL,0,NULL,NULL,NULL,NULL,NULL,NULL,NULL),
(2573955,'adj','2020-08-27 23:24:30.000000',21907,'2019-05-29','2020-08-28','F','000001455-0 CLD','192.3','Cancelled Apr-2019 to May-2019 Gas Hot Water Consumption Charge',-36.94,-3.70,-40.64,NULL,NULL,NULL,NULL,NULL,NULL,NULL,NULL,NULL,NULL,NULL,NULL,NULL,NULL,NULL,0,NULL,NULL,NULL,NULL,NULL,NULL,NULL),
(2573956,'adj','2020-08-27 23:24:30.000000',21907,'2019-05-29','2020-08-28','F','000001455-0 CLD','192.2','Cancelled Apr-2019 to May-2019 Electricity Supply Charge',-17.62,-1.76,-19.38,NULL,NULL,NULL,NULL,NULL,NULL,NULL,NULL,NULL,NULL,NULL,NULL,NULL,NULL,NULL,0,NULL,NULL,NULL,NULL,NULL,NULL,NULL),
(2573957,'adj','2020-08-27 23:24:30.000000',21907,'2019-05-29','2020-08-28','F','000001455-0 CLD','743','Cancelled Apr-2019 to May-2019 Site Conversion Charge',-4.91,-0.49,-5.40,NULL,NULL,NULL,NULL,NULL,NULL,NULL,NULL,NULL,NULL,NULL,NULL,NULL,NULL,NULL,0,NULL,NULL,NULL,NULL,NULL,NULL,NULL),
(2573958,'adj','2020-08-27 23:24:30.000000',21907,'2019-05-29','2020-08-28','F','000001455-0 CLD','192.5','Cancelled Apr-2019 to May-2019 Gas Cooktop',-15.02,-1.50,-16.52,NULL,NULL,NULL,NULL,NULL,NULL,NULL,NULL,NULL,NULL,NULL,NULL,NULL,NULL,NULL,0,NULL,NULL,NULL,NULL,NULL,NULL,NULL),
(2573959,'adj','2020-08-27 23:24:30.000000',21907,'2019-05-29','2020-08-28','F','000001455-0 CLD','192.4','Cancelled Apr-2019 to May-2019 Gas Hot Water Supply Charge',-4.10,-0.41,-4.51,NULL,NULL,NULL,NULL,NULL,NULL,NULL,NULL,NULL,NULL,NULL,NULL,NULL,NULL,NULL,0,NULL,NULL,NULL,NULL,NULL,NULL,NULL),
(2573960,'adj','2020-08-27 23:25:01.000000',21907,'2019-04-29','2020-08-28','F','000001268-0 CLD','192.1','Cancelled Mar-2019 to Apr-2019 Electricity Consumption Charge',-40.57,-4.06,-44.63,NULL,NULL,NULL,NULL,NULL,NULL,NULL,NULL,NULL,NULL,NULL,NULL,NULL,NULL,NULL,0,NULL,NULL,NULL,NULL,NULL,NULL,NULL),
(2573961,'adj','2020-08-27 23:25:01.000000',21907,'2019-04-29','2020-08-28','F','000001268-0 CLD','192.3','Cancelled Mar-2019 to Apr-2019 Gas Hot Water Consumption Charge',-35.72,-3.57,-39.29,NULL,NULL,NULL,NULL,NULL,NULL,NULL,NULL,NULL,NULL,NULL,NULL,NULL,NULL,NULL,0,NULL,NULL,NULL,NULL,NULL,NULL,NULL),
(2573962,'adj','2020-08-27 23:25:01.000000',21907,'2019-04-29','2020-08-28','F','000001268-0 CLD','192.2','Cancelled Mar-2019 to Apr-2019 Electricity Supply Charge',-17.07,-1.71,-18.78,NULL,NULL,NULL,NULL,NULL,NULL,NULL,NULL,NULL,NULL,NULL,NULL,NULL,NULL,NULL,0,NULL,NULL,NULL,NULL,NULL,NULL,NULL),
(2573963,'adj','2020-08-27 23:25:01.000000',21907,'2019-04-29','2020-08-28','F','000001268-0 CLD','743','Cancelled Mar-2019 to Apr-2019 Site Conversion Charge',-4.76,-0.48,-5.24,NULL,NULL,NULL,NULL,NULL,NULL,NULL,NULL,NULL,NULL,NULL,NULL,NULL,NULL,NULL,0,NULL,NULL,NULL,NULL,NULL,NULL,NULL),
(2573964,'adj','2020-08-27 23:25:01.000000',21907,'2019-04-29','2020-08-28','F','000001268-0 CLD','192.5','Cancelled Mar-2019 to Apr-2019 Gas Cooktop',-14.55,-1.46,-16.01,NULL,NULL,NULL,NULL,NULL,NULL,NULL,NULL,NULL,NULL,NULL,NULL,NULL,NULL,NULL,0,NULL,NULL,NULL,NULL,NULL,NULL,NULL),
(2573965,'adj','2020-08-27 23:25:01.000000',21907,'2019-04-29','2020-08-28','F','000001268-0 CLD','192.4','Cancelled Mar-2019 to Apr-2019 Gas Hot Water Supply Charge',-3.97,-0.40,-4.37,NULL,NULL,NULL,NULL,NULL,NULL,NULL,NULL,NULL,NULL,NULL,NULL,NULL,NULL,NULL,0,NULL,NULL,NULL,NULL,NULL,NULL,NULL),
(2573966,'adj','2020-08-27 23:25:32.000000',21907,'2019-03-27','2020-08-28','F','000001091-0 CLD','192.1','Cancelled Feb-2019 to Mar-2019 Electricity Consumption Charge',-64.26,-6.43,-70.69,NULL,NULL,NULL,NULL,NULL,NULL,NULL,NULL,NULL,NULL,NULL,NULL,NULL,NULL,NULL,0,NULL,NULL,NULL,NULL,NULL,NULL,NULL),
(2573967,'adj','2020-08-27 23:25:32.000000',21907,'2019-03-27','2020-08-28','F','000001091-0 CLD','192.3','Cancelled Feb-2019 to Mar-2019 Gas Hot Water Consumption Charge',-11.43,-1.14,-12.57,NULL,NULL,NULL,NULL,NULL,NULL,NULL,NULL,NULL,NULL,NULL,NULL,NULL,NULL,NULL,0,NULL,NULL,NULL,NULL,NULL,NULL,NULL),
(2573968,'adj','2020-08-27 23:25:32.000000',21907,'2019-03-27','2020-08-28','F','000001091-0 CLD','192.2','Cancelled Feb-2019 to Mar-2019 Electricity Supply Charge',-15.41,-1.54,-16.95,NULL,NULL,NULL,NULL,NULL,NULL,NULL,NULL,NULL,NULL,NULL,NULL,NULL,NULL,NULL,0,NULL,NULL,NULL,NULL,NULL,NULL,NULL),
(2573969,'adj','2020-08-27 23:25:32.000000',21907,'2019-03-27','2020-08-28','F','000001091-0 CLD','743','Cancelled Feb-2019 to Mar-2019 Site Conversion Charge',-4.30,-0.43,-4.73,NULL,NULL,NULL,NULL,NULL,NULL,NULL,NULL,NULL,NULL,NULL,NULL,NULL,NULL,NULL,0,NULL,NULL,NULL,NULL,NULL,NULL,NULL),
(2573970,'adj','2020-08-27 23:25:32.000000',21907,'2019-03-27','2020-08-28','F','000001091-0 CLD','192.5','Cancelled Feb-2019 to Mar-2019 Gas Cooktop',-13.14,-1.31,-14.45,NULL,NULL,NULL,NULL,NULL,NULL,NULL,NULL,NULL,NULL,NULL,NULL,NULL,NULL,NULL,0,NULL,NULL,NULL,NULL,NULL,NULL,NULL),
(2573971,'adj','2020-08-27 23:25:32.000000',21907,'2019-03-27','2020-08-28','F','000001091-0 CLD','192.4','Cancelled Feb-2019 to Mar-2019 Gas Hot Water Supply Charge',-3.59,-0.36,-3.95,NULL,NULL,NULL,NULL,NULL,NULL,NULL,NULL,NULL,NULL,NULL,NULL,NULL,NULL,NULL,0,NULL,NULL,NULL,NULL,NULL,NULL,NULL),
(2573972,'adj','2020-08-27 23:26:07.000000',21907,'2019-02-28','2020-08-28','F','000000907-0 CLD','192.1','Cancelled Jan-2019 to Feb-2019 Electricity Consumption Charge',-106.26,-10.63,-116.89,NULL,NULL,NULL,NULL,NULL,NULL,NULL,NULL,NULL,NULL,NULL,NULL,NULL,NULL,NULL,0,NULL,NULL,NULL,NULL,NULL,NULL,NULL),
(2573973,'adj','2020-08-27 23:26:07.000000',21907,'2019-02-28','2020-08-28','F','000000907-0 CLD','192.3','Cancelled Jan-2019 to Feb-2019 Gas Hot Water Consumption Charge',-81.66,-8.17,-89.83,NULL,NULL,NULL,NULL,NULL,NULL,NULL,NULL,NULL,NULL,NULL,NULL,NULL,NULL,NULL,0,NULL,NULL,NULL,NULL,NULL,NULL,NULL),
(2573974,'adj','2020-08-27 23:26:07.000000',21907,'2019-02-28','2020-08-28','F','000000907-0 CLD','192.2','Cancelled Jan-2019 to Feb-2019 Electricity Supply Charge',-17.62,-1.76,-19.38,NULL,NULL,NULL,NULL,NULL,NULL,NULL,NULL,NULL,NULL,NULL,NULL,NULL,NULL,NULL,0,NULL,NULL,NULL,NULL,NULL,NULL,NULL),
(2573975,'adj','2020-08-27 23:26:07.000000',21907,'2019-02-28','2020-08-28','F','000000907-0 CLD','743','Cancelled Jan-2019 to Feb-2019 Site Conversion Charge',-4.91,-0.49,-5.40,NULL,NULL,NULL,NULL,NULL,NULL,NULL,NULL,NULL,NULL,NULL,NULL,NULL,NULL,NULL,0,NULL,NULL,NULL,NULL,NULL,NULL,NULL),
(2573976,'adj','2020-08-27 23:26:07.000000',21907,'2019-02-28','2020-08-28','F','000000907-0 CLD','192.5','Cancelled Jan-2019 to Feb-2019 Gas Cooktop',-15.02,-1.50,-16.52,NULL,NULL,NULL,NULL,NULL,NULL,NULL,NULL,NULL,NULL,NULL,NULL,NULL,NULL,NULL,0,NULL,NULL,NULL,NULL,NULL,NULL,NULL),
(2573977,'adj','2020-08-27 23:26:07.000000',21907,'2019-02-28','2020-08-28','F','000000907-0 CLD','192.4','Cancelled Jan-2019 to Feb-2019 Gas Hot Water Supply Charge',-4.10,-0.41,-4.51,NULL,NULL,NULL,NULL,NULL,NULL,NULL,NULL,NULL,NULL,NULL,NULL,NULL,NULL,NULL,0,NULL,NULL,NULL,NULL,NULL,NULL,NULL),
(2573978,'adj','2020-08-27 23:27:09.000000',21907,'2019-02-01','2020-08-28','F','000000709-0 CLD','192.1','Cancelled Dec-2018 to Jan-2019 Electricity Consumption Charge',-140.91,-14.09,-155.00,NULL,NULL,NULL,NULL,NULL,NULL,NULL,NULL,NULL,NULL,NULL,NULL,NULL,NULL,NULL,0,NULL,NULL,NULL,NULL,NULL,NULL,NULL),
(2573979,'adj','2020-08-27 23:27:09.000000',21907,'2019-02-01','2020-08-28','F','000000709-0 CLD','192.3','Cancelled Dec-2018 to Jan-2019 Gas Hot Water Consumption Charge',-91.57,-9.16,-100.73,NULL,NULL,NULL,NULL,NULL,NULL,NULL,NULL,NULL,NULL,NULL,NULL,NULL,NULL,NULL,0,NULL,NULL,NULL,NULL,NULL,NULL,NULL),
(2573980,'adj','2020-08-27 23:27:09.000000',21907,'2019-02-01','2020-08-28','F','000000709-0 CLD','192.2','Cancelled Dec-2018 to Jan-2019 Electricity Supply Charge',-20.92,-2.09,-23.01,NULL,NULL,NULL,NULL,NULL,NULL,NULL,NULL,NULL,NULL,NULL,NULL,NULL,NULL,NULL,0,NULL,NULL,NULL,NULL,NULL,NULL,NULL),
(2573981,'adj','2020-08-27 23:27:09.000000',21907,'2019-02-01','2020-08-28','F','000000709-0 CLD','743','Cancelled Dec-2018 to Jan-2019 Site Conversion Charge',-5.83,-0.58,-6.41,NULL,NULL,NULL,NULL,NULL,NULL,NULL,NULL,NULL,NULL,NULL,NULL,NULL,NULL,NULL,0,NULL,NULL,NULL,NULL,NULL,NULL,NULL),
(2573982,'adj','2020-08-27 23:27:09.000000',21907,'2019-02-01','2020-08-28','F','000000709-0 CLD','192.5','Cancelled Dec-2018 to Jan-2019 Gas Cooktop',-17.36,-1.74,-19.10,NULL,NULL,NULL,NULL,NULL,NULL,NULL,NULL,NULL,NULL,NULL,NULL,NULL,NULL,NULL,0,NULL,NULL,NULL,NULL,NULL,NULL,NULL),
(2573983,'adj','2020-08-27 23:27:09.000000',21907,'2019-02-01','2020-08-28','F','000000709-0 CLD','192.4','Cancelled Dec-2018 to Jan-2019 Gas Hot Water Supply Charge',-4.74,-0.47,-5.21,NULL,NULL,NULL,NULL,NULL,NULL,NULL,NULL,NULL,NULL,NULL,NULL,NULL,NULL,NULL,0,NULL,NULL,NULL,NULL,NULL,NULL,NULL),
(2573984,'adj','2020-08-27 23:28:11.000000',21907,'2018-12-21','2020-08-28','F','000000525-0 CLD','192.3','Cancelled Nov-2018 to Dec-2018 Gas Hot Water Consumption Charge',-159.83,-15.99,-175.82,NULL,NULL,NULL,NULL,NULL,NULL,NULL,NULL,NULL,NULL,NULL,NULL,NULL,NULL,NULL,0,NULL,NULL,NULL,NULL,NULL,NULL,NULL),
(2573985,'adj','2020-08-27 23:28:11.000000',21907,'2018-12-21','2020-08-28','F','000000525-0 CLD','192.5','Cancelled Nov-2018 to Dec-2018 Gas Cooktop',-25.34,-2.53,-27.87,NULL,NULL,NULL,NULL,NULL,NULL,NULL,NULL,NULL,NULL,NULL,NULL,NULL,NULL,NULL,0,NULL,NULL,NULL,NULL,NULL,NULL,NULL),
(2573986,'adj','2020-08-27 23:28:11.000000',21907,'2018-12-21','2020-08-28','F','000000525-0 CLD','192.4','Cancelled Nov-2018 to Dec-2018 Gas Hot Water Supply Charge',-6.92,-0.69,-7.61,NULL,NULL,NULL,NULL,NULL,NULL,NULL,NULL,NULL,NULL,NULL,NULL,NULL,NULL,NULL,0,NULL,NULL,NULL,NULL,NULL,NULL,NULL),
(2576947,'inv','2020-08-28 05:21:51.000000',21907,'2020-08-28','2020-08-28','F','INV002576947','192.1','Funds Transfer from 302510003296',-1085.49,0.00,0.00,'2020-08-28',0.00,NULL,NULL,NULL,NULL,NULL,NULL,NULL,NULL,NULL,NULL,NULL,NULL,NULL,0,NULL,'2299b25b-ab39-1f4d-c707-5b0b7caf8730','2299b25b-ab39-1f4d-c707-5b0b7caf8730',NULL,NULL,'2020-08-28 05:21:51','2020-08-28 05:21:51'),
(2576956,'bnv','2020-08-28 05:24:34.000000',21907,'2020-08-28','2020-08-28','F','000004197-0','192.1','Jul-2020 to Aug-2020 Electricity Consumption Charge',1930.19,193.02,2123.21,'2020-09-11',0.00,NULL,NULL,NULL,NULL,NULL,NULL,NULL,NULL,NULL,NULL,NULL,NULL,NULL,0,NULL,NULL,NULL,NULL,NULL,NULL,NULL),
(2576957,'bnv','2020-08-28 05:24:34.000000',21907,'2020-08-28','2020-08-28','F','000004197-0','192.3','Jul-2020 to Aug-2020 Gas Hot Water Consumption Charge',1432.00,143.20,1575.20,'2020-09-11',0.00,NULL,NULL,NULL,NULL,NULL,NULL,NULL,NULL,NULL,NULL,NULL,NULL,NULL,0,NULL,NULL,NULL,NULL,NULL,NULL,NULL),
(2576958,'bnv','2020-08-28 05:24:34.000000',21907,'2020-08-28','2020-08-28','F','000004197-0','192.2','Jul-2020 to Aug-2020 Electricity Supply Charge',339.66,33.97,373.63,'2020-09-11',0.00,NULL,NULL,NULL,NULL,NULL,NULL,NULL,NULL,NULL,NULL,NULL,NULL,NULL,0,NULL,NULL,NULL,NULL,NULL,NULL,NULL),
(2576959,'bnv','2020-08-28 05:24:34.000000',21907,'2020-08-28','2020-08-28','F','000004197-0','743','Jul-2020 to Aug-2020 Site Conversion Charge',94.71,9.47,104.18,'2020-09-11',0.00,NULL,NULL,NULL,NULL,NULL,NULL,NULL,NULL,NULL,NULL,NULL,NULL,NULL,0,NULL,NULL,NULL,NULL,NULL,NULL,NULL),
(2576960,'bnv','2020-08-28 05:24:34.000000',21907,'2020-08-28','2020-08-28','F','000004197-0','192.5','Jul-2020 to Aug-2020 Gas Cooktop,Jul-2020 to Aug-2020 Gas Cooktop',351.03,35.10,386.13,'2020-09-11',0.00,NULL,NULL,NULL,NULL,NULL,NULL,NULL,NULL,NULL,NULL,NULL,NULL,NULL,0,NULL,NULL,NULL,NULL,NULL,NULL,NULL),
(2576961,'bnv','2020-08-28 05:24:34.000000',21907,'2020-08-28','2020-08-28','F','000004197-0','192.4','Jul-2020 to Aug-2020 Gas Hot Water Supply Charge',95.81,9.58,105.39,'2020-09-11',0.00,NULL,NULL,NULL,NULL,NULL,NULL,NULL,NULL,NULL,NULL,NULL,NULL,NULL,0,NULL,NULL,NULL,NULL,NULL,NULL,NULL),
(2581316,'pay','2020-08-31 19:16:35.000000',36989,'2020-08-31','2020-08-31','F','PAY000525220',NULL,NULL,-128.19,NULL,NULL,NULL,NULL,NULL,'BPAY',NULL,NULL,NULL,NULL,NULL,NULL,NULL,NULL,NULL,NULL,NULL,0,NULL,NULL,NULL,NULL,NULL,NULL,NULL),
(2582591,'bnv','2020-09-01 05:38:37.000000',36989,'2020-09-01','2020-08-31','F','000000113-0','192.1','Aug-2020 Electricity Consumption Charge',64.04,6.40,70.44,'2020-09-15',0.00,NULL,NULL,NULL,NULL,NULL,NULL,NULL,NULL,NULL,NULL,NULL,NULL,NULL,0,NULL,NULL,NULL,NULL,NULL,NULL,NULL),
(2582592,'bnv','2020-09-01 05:38:37.000000',36989,'2020-09-01','2020-08-31','F','000000113-0','192.2','Aug-2020 Electricity Supply Charge',31.00,3.10,34.10,'2020-09-15',0.00,NULL,NULL,NULL,NULL,NULL,NULL,NULL,NULL,NULL,NULL,NULL,NULL,NULL,0,NULL,NULL,NULL,NULL,NULL,NULL,NULL),
(2582593,'bnv','2020-09-01 05:38:37.000000',36989,'2020-09-01','2020-08-31','F','000000113-0','192.10','Aug-2020 Solar Usage',10.58,1.06,11.64,'2020-09-15',0.00,NULL,NULL,NULL,NULL,NULL,NULL,NULL,NULL,NULL,NULL,NULL,NULL,NULL,0,NULL,NULL,NULL,NULL,NULL,NULL,NULL),
(2595249,'adj','2020-09-01 09:05:17.000000',21907,'2020-09-01','2020-09-28','F','ADJ002595249','193.13','Electricity asset ownership dividend',-50.00,0.00,0.00,NULL,NULL,NULL,NULL,NULL,NULL,NULL,NULL,NULL,NULL,NULL,NULL,NULL,NULL,NULL,0,NULL,NULL,NULL,NULL,NULL,NULL,NULL),
(2599408,'adj','2020-09-01 09:05:17.000000',36989,'2020-09-01','2020-09-30','F','ADJ002599408','193.13','Electricity asset ownership dividend',-50.00,0.00,0.00,NULL,NULL,NULL,NULL,NULL,NULL,NULL,NULL,NULL,NULL,NULL,NULL,NULL,NULL,NULL,0,NULL,NULL,NULL,NULL,NULL,NULL,NULL),
(2631042,'pay','2020-09-09 01:45:26.000000',21907,'2020-09-08','2020-09-08','F','PAY000528716',NULL,NULL,-227.69,NULL,NULL,NULL,NULL,NULL,'DIRECT_DEBIT',NULL,NULL,NULL,NULL,NULL,NULL,NULL,NULL,NULL,NULL,NULL,0,NULL,NULL,NULL,NULL,NULL,NULL,NULL),
(2636206,'pay','2020-09-09 19:15:55.000000',36989,'2020-09-09','2020-09-09','F','PAY000529342',NULL,NULL,-116.18,NULL,NULL,NULL,NULL,NULL,'BPAY',NULL,NULL,NULL,NULL,NULL,NULL,NULL,NULL,NULL,NULL,NULL,0,NULL,NULL,NULL,NULL,NULL,NULL,NULL),
(2677775,'bnv','2020-09-28 02:08:50.000000',21907,'2020-09-28','2020-09-28','F','000004374-0','192.1','Aug-2020 to Sep-2020 Electricity Consumption Charge',80.03,8.00,88.03,'2020-10-12',0.00,NULL,NULL,NULL,NULL,NULL,NULL,NULL,NULL,NULL,NULL,NULL,NULL,NULL,0,NULL,NULL,NULL,NULL,NULL,NULL,NULL),
(2677776,'bnv','2020-09-28 02:08:50.000000',21907,'2020-09-28','2020-09-28','F','000004374-0','192.3','Aug-2020 to Sep-2020 Gas Hot Water Consumption Charge',114.11,11.41,125.52,'2020-10-12',0.00,NULL,NULL,NULL,NULL,NULL,NULL,NULL,NULL,NULL,NULL,NULL,NULL,NULL,0,NULL,NULL,NULL,NULL,NULL,NULL,NULL),
(2677777,'bnv','2020-09-28 02:08:50.000000',21907,'2020-09-28','2020-09-28','F','000004374-0','192.2','Aug-2020 to Sep-2020 Electricity Supply Charge',16.52,1.65,18.17,'2020-10-12',0.00,NULL,NULL,NULL,NULL,NULL,NULL,NULL,NULL,NULL,NULL,NULL,NULL,NULL,0,NULL,NULL,NULL,NULL,NULL,NULL,NULL),
(2677778,'bnv','2020-09-28 02:08:50.000000',21907,'2020-09-28','2020-09-28','F','000004374-0','743','Aug-2020 to Sep-2020 Site Conversion Charge',4.61,0.46,5.07,'2020-10-12',0.00,NULL,NULL,NULL,NULL,NULL,NULL,NULL,NULL,NULL,NULL,NULL,NULL,NULL,0,NULL,NULL,NULL,NULL,NULL,NULL,NULL),
(2677779,'bnv','2020-09-28 02:08:50.000000',21907,'2020-09-28','2020-09-28','F','000004374-0','192.5','Aug-2020 to Sep-2020 Gas Cooktop',14.08,1.41,15.49,'2020-10-12',0.00,NULL,NULL,NULL,NULL,NULL,NULL,NULL,NULL,NULL,NULL,NULL,NULL,NULL,0,NULL,NULL,NULL,NULL,NULL,NULL,NULL),
(2677780,'bnv','2020-09-28 02:08:50.000000',21907,'2020-09-28','2020-09-28','F','000004374-0','192.4','Aug-2020 to Sep-2020 Gas Hot Water Supply Charge',3.84,0.38,4.22,'2020-10-12',0.00,NULL,NULL,NULL,NULL,NULL,NULL,NULL,NULL,NULL,NULL,NULL,NULL,NULL,0,NULL,NULL,NULL,NULL,NULL,NULL,NULL),
(2683440,'pay','2020-09-29 22:45:37.000000',21907,'2020-09-29','2020-09-29','F','PAY000538026',NULL,NULL,-206.50,NULL,NULL,NULL,NULL,NULL,'DIRECT_DEBIT',NULL,NULL,NULL,NULL,NULL,NULL,NULL,NULL,NULL,NULL,NULL,0,NULL,NULL,NULL,NULL,NULL,NULL,NULL),
(2688465,'bnv','2020-10-01 05:04:26.000000',36989,'2020-10-01','2020-09-30','F','000000147-0','192.1','Sep-2020 Electricity Consumption Charge',61.03,6.10,67.13,'2020-10-15',0.00,NULL,NULL,NULL,NULL,NULL,NULL,NULL,NULL,NULL,NULL,NULL,NULL,NULL,0,NULL,NULL,NULL,NULL,NULL,NULL,NULL),
(2688466,'bnv','2020-10-01 05:04:26.000000',36989,'2020-10-01','2020-09-30','F','000000147-0','192.2','Sep-2020 Electricity Supply Charge',30.00,3.00,33.00,'2020-10-15',0.00,NULL,NULL,NULL,NULL,NULL,NULL,NULL,NULL,NULL,NULL,NULL,NULL,NULL,0,NULL,NULL,NULL,NULL,NULL,NULL,NULL),
(2688467,'bnv','2020-10-01 05:04:26.000000',36989,'2020-10-01','2020-09-30','F','000000147-0','192.10','Sep-2020 Solar Usage',11.91,1.19,13.10,'2020-10-15',0.00,NULL,NULL,NULL,NULL,NULL,NULL,NULL,NULL,NULL,NULL,NULL,NULL,NULL,0,NULL,NULL,NULL,NULL,NULL,NULL,NULL),
(2704585,'bnv','2020-10-12 04:16:55.000000',34057,'2020-10-12','2020-10-12','F','000002662-0','192.1','Sep-2020 to Oct-2020 Electricity Consumption Charge',3033.69,303.37,3337.06,'2020-10-26',0.00,NULL,NULL,NULL,NULL,NULL,NULL,NULL,NULL,NULL,NULL,NULL,NULL,NULL,0,NULL,NULL,NULL,NULL,NULL,NULL,NULL),
(2704586,'bnv','2020-10-12 04:16:55.000000',34057,'2020-10-12','2020-10-12','F','000002662-0','192.2','Sep-2020 to Oct-2020 Electricity Supply Charge',61.00,6.10,67.10,'2020-10-26',0.00,NULL,NULL,NULL,NULL,NULL,NULL,NULL,NULL,NULL,NULL,NULL,NULL,NULL,0,NULL,NULL,NULL,NULL,NULL,NULL,NULL),
(2704587,'bnv','2020-10-12 04:16:55.000000',34057,'2020-10-12','2020-10-12','F','000002662-0','192.10','Sep-2020 to Oct-2020 Solar Usage',871.90,87.19,959.09,'2020-10-26',0.00,NULL,NULL,NULL,NULL,NULL,NULL,NULL,NULL,NULL,NULL,NULL,NULL,NULL,0,NULL,NULL,NULL,NULL,NULL,NULL,NULL),
(2705186,'pay','2020-10-12 19:16:19.000000',36989,'2020-10-12','2020-10-12','F','PAY000542759',NULL,NULL,-63.23,NULL,NULL,NULL,NULL,NULL,'BPAY',NULL,NULL,NULL,NULL,NULL,NULL,NULL,NULL,NULL,NULL,NULL,0,NULL,NULL,NULL,NULL,NULL,NULL,NULL),
(2723023,'pay','2020-10-15 23:36:28.000000',34057,'2020-10-15','2020-10-15','F','PAY000545160',NULL,NULL,-4363.25,NULL,NULL,NULL,NULL,NULL,'DIRECT_DEBIT',NULL,NULL,NULL,NULL,NULL,NULL,NULL,NULL,NULL,NULL,NULL,0,NULL,NULL,NULL,NULL,NULL,NULL,NULL),
(2750203,'bnv','2020-10-27 22:22:43.000000',21907,'2020-10-28','2020-10-28','F','000004560-0','192.1','Sep-2020 to Oct-2020 Electricity Consumption Charge',69.97,7.00,76.97,'2020-11-11',0.00,NULL,NULL,NULL,NULL,NULL,NULL,NULL,NULL,NULL,NULL,NULL,NULL,NULL,0,NULL,NULL,NULL,NULL,NULL,NULL,NULL),
(2750204,'bnv','2020-10-27 22:22:43.000000',21907,'2020-10-28','2020-10-28','F','000004560-0','192.3','Sep-2020 to Oct-2020 Gas Hot Water Consumption Charge',61.22,6.13,67.35,'2020-11-11',0.00,NULL,NULL,NULL,NULL,NULL,NULL,NULL,NULL,NULL,NULL,NULL,NULL,NULL,0,NULL,NULL,NULL,NULL,NULL,NULL,NULL),
(2750205,'bnv','2020-10-27 22:22:43.000000',21907,'2020-10-28','2020-10-28','F','000004560-0','192.2','Sep-2020 to Oct-2020 Electricity Supply Charge',17.62,1.76,19.38,'2020-11-11',0.00,NULL,NULL,NULL,NULL,NULL,NULL,NULL,NULL,NULL,NULL,NULL,NULL,NULL,0,NULL,NULL,NULL,NULL,NULL,NULL,NULL),
(2750206,'bnv','2020-10-27 22:22:43.000000',21907,'2020-10-28','2020-10-28','F','000004560-0','743','Sep-2020 to Oct-2020 Site Conversion Charge',4.91,0.49,5.40,'2020-11-11',0.00,NULL,NULL,NULL,NULL,NULL,NULL,NULL,NULL,NULL,NULL,NULL,NULL,NULL,0,NULL,NULL,NULL,NULL,NULL,NULL,NULL),
(2750207,'bnv','2020-10-27 22:22:43.000000',21907,'2020-10-28','2020-10-28','F','000004560-0','192.5','Sep-2020 to Oct-2020 Gas Cooktop',15.02,1.50,16.52,'2020-11-11',0.00,NULL,NULL,NULL,NULL,NULL,NULL,NULL,NULL,NULL,NULL,NULL,NULL,NULL,0,NULL,NULL,NULL,NULL,NULL,NULL,NULL),
(2750208,'bnv','2020-10-27 22:22:43.000000',21907,'2020-10-28','2020-10-28','F','000004560-0','192.4','Sep-2020 to Oct-2020 Gas Hot Water Supply Charge',4.10,0.41,4.51,'2020-11-11',0.00,NULL,NULL,NULL,NULL,NULL,NULL,NULL,NULL,NULL,NULL,NULL,NULL,NULL,0,NULL,NULL,NULL,NULL,NULL,NULL,NULL),
(2760309,'adj','2020-11-01 23:00:59.000000',34057,'2020-10-12','2020-11-02','F','000002662-0 CLD','192.1','Cancelled Sep-2020 to Oct-2020 Electricity Consumption Charge',-3033.69,-303.37,-3337.06,NULL,NULL,NULL,NULL,NULL,NULL,NULL,NULL,NULL,NULL,NULL,NULL,NULL,NULL,NULL,0,NULL,NULL,NULL,NULL,NULL,NULL,NULL),
(2760310,'adj','2020-11-01 23:00:59.000000',34057,'2020-10-12','2020-11-02','F','000002662-0 CLD','192.2','Cancelled Sep-2020 to Oct-2020 Electricity Supply Charge',-61.00,-6.10,-67.10,NULL,NULL,NULL,NULL,NULL,NULL,NULL,NULL,NULL,NULL,NULL,NULL,NULL,NULL,NULL,0,NULL,NULL,NULL,NULL,NULL,NULL,NULL),
(2760311,'adj','2020-11-01 23:00:59.000000',34057,'2020-10-12','2020-11-02','F','000002662-0 CLD','192.10','Cancelled Sep-2020 to Oct-2020 Solar Usage',-871.90,-87.19,-959.09,NULL,NULL,NULL,NULL,NULL,NULL,NULL,NULL,NULL,NULL,NULL,NULL,NULL,NULL,NULL,0,NULL,NULL,NULL,NULL,NULL,NULL,NULL),
(2760464,'pay','2020-11-02 01:31:59.000000',21907,'2020-10-30','2020-10-30','F','PAY000552862',NULL,NULL,-190.13,NULL,NULL,NULL,NULL,NULL,'DIRECT_DEBIT',NULL,NULL,NULL,NULL,NULL,NULL,NULL,NULL,NULL,NULL,NULL,0,NULL,NULL,NULL,NULL,NULL,NULL,NULL),
(2761138,'bnv','2020-11-02 03:40:29.000000',34057,'2020-11-02','2020-10-31','F','000002662-1','192.1','Sep-2020 to Oct-2020 Electricity Consumption Charge',4326.37,432.64,4759.01,'2020-11-16',0.00,NULL,NULL,NULL,NULL,NULL,NULL,NULL,NULL,NULL,NULL,NULL,NULL,NULL,0,NULL,NULL,NULL,NULL,NULL,NULL,NULL),
(2761139,'bnv','2020-11-02 03:40:29.000000',34057,'2020-11-02','2020-10-31','F','000002662-1','192.2','Sep-2020 to Oct-2020 Electricity Supply Charge',92.00,9.20,101.20,'2020-11-16',0.00,NULL,NULL,NULL,NULL,NULL,NULL,NULL,NULL,NULL,NULL,NULL,NULL,NULL,0,NULL,NULL,NULL,NULL,NULL,NULL,NULL),
(2761140,'bnv','2020-11-02 03:40:29.000000',34057,'2020-11-02','2020-10-31','F','000002662-1','192.10','Sep-2020 to Oct-2020 Solar Usage',1347.60,134.76,1482.36,'2020-11-16',0.00,NULL,NULL,NULL,NULL,NULL,NULL,NULL,NULL,NULL,NULL,NULL,NULL,NULL,0,NULL,NULL,NULL,NULL,NULL,NULL,NULL),
(2762078,'bnv','2020-11-02 22:41:46.000000',36989,'2020-11-02','2020-10-31','F','000000169-0','192.1','Oct-2020 Electricity Consumption Charge',62.91,6.29,69.20,'2020-11-16',0.00,NULL,NULL,NULL,NULL,NULL,NULL,NULL,NULL,NULL,NULL,NULL,NULL,NULL,0,NULL,NULL,NULL,NULL,NULL,NULL,NULL),
(2762079,'bnv','2020-11-02 22:41:46.000000',36989,'2020-11-02','2020-10-31','F','000000169-0','192.2','Oct-2020 Electricity Supply Charge',31.00,3.10,34.10,'2020-11-16',0.00,NULL,NULL,NULL,NULL,NULL,NULL,NULL,NULL,NULL,NULL,NULL,NULL,NULL,0,NULL,NULL,NULL,NULL,NULL,NULL,NULL),
(2762080,'bnv','2020-11-02 22:41:46.000000',36989,'2020-11-02','2020-10-31','F','000000169-0','192.10','Oct-2020 Solar Usage',11.19,1.12,12.31,'2020-11-16',0.00,NULL,NULL,NULL,NULL,NULL,NULL,NULL,NULL,NULL,NULL,NULL,NULL,NULL,0,NULL,NULL,NULL,NULL,NULL,NULL,NULL);

/*Data for the table `bbeng_api_keys` */

insert  into `bbeng_api_keys`(`id`,`caller_uuid`,`key_hashed`,`key_passphrase`,`hostname`,`name`,`description`,`deleted`,`assigned_user_id`,`created_by`,`modified_user_id`,`team_id`,`team_set_id`,`date_entered`,`date_modified`) values 
(1,'679b784009f311eb8ed60a85abb929f8','dc99fd2daa258966894b9186a305ee6576d84aafaa845aa8f39d5fb0466134c8','generic_dev_api_oct2020',NULL,NULL,NULL,0,NULL,NULL,NULL,NULL,NULL,NULL,NULL);

/*Data for the table `bbeng_billers` */

insert  into `bbeng_billers`(`id`,`version`,`unique_biller_id`,`name`,`description`,`legal_identifier`,`enq_name`,`enq_contact_hours`,`enq_contact_phone`,`enq_fax`,`enq_email`,`enq_website`,`send_from_addr`,`send_from_name`,`send_reply_addr`,`send_cc_addr`,`send_bcc_addr`,`send_sms_from`,`accounting_access_id`,`instance_id`,`deleted`,`assigned_user_id`,`created_by`,`modified_user_id`,`team_id`,`team_set_id`,`date_entered`,`date_modified`) values 
(1,'2020-09-13 15:15:46.000000','locality','Locality Planning Energy Pty Ltd','LPE Standard Biller','15148958061','Customer Service Team','Mon - Fri, 8:30am - 5:30pm','1800 040 168',NULL,'billing@localityenergy.com.au','www.localityenergy.com.au','billing@localityenergy.com.au','LPE eBills','billing@localityenergy.com.au',NULL,NULL,'PowerBill',NULL,NULL,0,'1','1','1',NULL,NULL,'2014-12-21 15:31:58','2014-12-21 15:31:58');

/*Data for the table `bbeng_billers_responsibilities` */

insert  into `bbeng_billers_responsibilities`(`biller_id`,`site_id`) values 
(1,8),
(1,251),
(1,254),
(1,371);

/*Data for the table `bbeng_bills` */

insert  into `bbeng_bills`(`id`,`type`,`account_id`,`reference_only`,`invoice_number`,`issue_date`,`regenerated_count`,`regenerated_date`,`posted_date`,`cancelled_date`,`due_date`,`potd_total_amount`,`potd_total_tax`,`potd_claimed`,`potd_locked`,`apply_rounding`,`aggregate_charges`,`snp_full_invoice_number`,`snp_attachment_count`,`snp_notice_on_bill`,`snp_service_type`,`snp_billing_period_start`,`snp_billing_period_end`,`name`,`deleted`,`assigned_user_id`,`created_by`,`modified_user_id`,`team_id`,`team_set_id`,`date_entered`,`date_modified`,`description`) values 
(228962,'utility',21907,'F',173,'2018-09-28',0,'2018-09-28','2018-09-28','2020-08-28','2018-10-31',NULL,NULL,'F','F','F','T','000000173-0',0,'F','Water','2018-08-24','2018-09-23',NULL,0,NULL,NULL,NULL,NULL,NULL,NULL,NULL,NULL),
(245132,'utility',21907,'F',348,'2018-10-29',0,'2018-10-29','2018-10-29','2020-08-28','2018-11-12',NULL,NULL,'F','F','F','T','000000348-0',0,'F','Water','2018-09-24','2018-10-23',NULL,0,NULL,NULL,NULL,NULL,NULL,NULL,NULL,NULL),
(276243,'utility',21907,'F',525,'2018-12-21',0,'2018-12-21','2018-12-21','2020-08-28','2019-01-04',NULL,NULL,'F','F','F','T','000000525-0',0,'T','Water','2018-11-24','2018-12-23',NULL,0,NULL,NULL,NULL,NULL,NULL,NULL,NULL,NULL),
(291141,'utility',21907,'F',709,'2019-02-01',0,'2019-02-01','2019-01-31','2020-08-28','2019-02-15',NULL,NULL,'F','F','F','T','000000709-0',0,'T','Electricity,Water','2018-12-24','2019-01-23',NULL,0,NULL,NULL,NULL,NULL,NULL,NULL,NULL,NULL),
(308015,'utility',21907,'F',907,'2019-02-28',0,'2019-02-28','2019-02-28','2020-08-28','2019-03-14',NULL,NULL,'F','F','F','T','000000907-0',0,'F','Electricity,Water','2019-01-24','2019-02-23',NULL,0,NULL,NULL,NULL,NULL,NULL,NULL,NULL,NULL),
(321985,'utility',21907,'F',1091,'2019-03-27',0,'2019-03-27','2019-03-27','2020-08-28','2019-04-10',NULL,NULL,'F','F','F','T','000001091-0',0,'F','Electricity,Water','2019-02-24','2019-03-23',NULL,0,NULL,NULL,NULL,NULL,NULL,NULL,NULL,NULL),
(338209,'utility',21907,'F',1268,'2019-04-29',0,'2019-04-29','2019-04-29','2020-08-28','2019-05-13',NULL,NULL,'F','F','F','T','000001268-0',0,'F','Electricity,Water','2019-03-24','2019-04-23',NULL,0,NULL,NULL,NULL,NULL,NULL,NULL,NULL,NULL),
(356091,'utility',21907,'F',1455,'2019-05-29',0,'2019-05-29','2019-05-29','2020-08-28','2019-06-12',NULL,NULL,'F','F','F','T','000001455-0',0,'F','Electricity,Water','2019-04-24','2019-05-23',NULL,0,NULL,NULL,NULL,NULL,NULL,NULL,NULL,NULL),
(370375,'utility',21907,'F',1626,'2019-06-26',0,'2019-06-26','2019-06-26','2020-08-28','2019-07-10',NULL,NULL,'F','F','F','T','000001626-0',0,'F','Electricity,Water','2019-05-24','2019-06-23',NULL,0,NULL,NULL,NULL,NULL,NULL,NULL,NULL,NULL),
(388173,'utility',21907,'F',1810,'2019-07-29',0,'2019-07-29','2019-07-29','2020-08-28','2019-08-12',NULL,NULL,'F','F','F','T','000001810-0',0,'F','Electricity,Water','2019-06-24','2019-07-23',NULL,0,NULL,NULL,NULL,NULL,NULL,NULL,NULL,NULL),
(404492,'utility',21907,'F',2000,'2019-08-28',0,'2019-08-28','2019-08-28','2020-08-28','2019-09-11',NULL,NULL,'F','F','F','T','000002000-0',0,'T','Electricity,Water','2019-07-24','2019-08-23',NULL,0,NULL,NULL,NULL,NULL,NULL,NULL,NULL,NULL),
(421299,'utility',21907,'F',2181,'2019-09-26',0,'2019-09-26','2019-09-26','2020-08-28','2019-10-10',NULL,NULL,'F','F','F','T','000002181-0',0,'F','Electricity,Water','2019-08-24','2019-09-23',NULL,0,NULL,NULL,NULL,NULL,NULL,NULL,NULL,NULL),
(437916,'utility',21907,'F',2365,'2019-10-28',0,'2019-10-28','2019-10-28','2020-08-28','2019-11-11',NULL,NULL,'F','F','F','T','000002365-0',0,'F','Electricity,Water','2019-09-24','2019-10-23',NULL,0,NULL,NULL,NULL,NULL,NULL,NULL,NULL,NULL),
(453360,'utility',21907,'F',2546,'2019-11-27',0,'2019-11-27','2019-11-27','2020-08-28','2019-12-11',NULL,NULL,'F','F','F','T','000002546-0',0,'F','Electricity,Water','2019-10-24','2019-11-23',NULL,0,NULL,NULL,NULL,NULL,NULL,NULL,NULL,NULL),
(470867,'utility',21907,'F',2727,'2019-12-20',0,'2019-12-20','2019-12-20','2020-08-28','2020-01-03',NULL,NULL,'F','F','F','T','000002727-0',1,'T','Electricity,Water','2019-11-24','2019-12-23',NULL,0,NULL,NULL,NULL,NULL,NULL,NULL,NULL,NULL),
(490494,'utility',21907,'F',2913,'2020-01-31',0,'2020-01-31','2020-01-31','2020-08-28','2020-02-14',NULL,NULL,'F','F','F','T','000002913-0',1,'T','Electricity,Water','2019-12-24','2020-01-23',NULL,0,NULL,NULL,NULL,NULL,NULL,NULL,NULL,NULL),
(505359,'utility',21907,'F',3099,'2020-02-26',0,'2020-02-26','2020-02-26','2020-08-28','2020-03-11',NULL,NULL,'F','F','F','T','000003099-0',0,'F','Electricity,Water','2020-01-24','2020-02-23',NULL,0,NULL,NULL,NULL,NULL,NULL,NULL,NULL,NULL),
(522895,'utility',21907,'F',3281,'2020-03-26',0,'2020-03-26','2020-03-26','2020-08-28','2020-04-09',NULL,NULL,'F','F','F','T','000003281-0',0,'F','Electricity,Water','2020-02-24','2020-03-23',NULL,0,NULL,NULL,NULL,NULL,NULL,NULL,NULL,NULL),
(540307,'utility',34057,'F',2199,'2020-04-28',0,'2020-04-28','2020-04-28','2020-04-30','2020-05-12',NULL,NULL,'F','F','F','T','000002199-0',0,'F','Electricity','2020-03-07','2020-04-06',NULL,0,NULL,NULL,NULL,NULL,NULL,NULL,NULL,NULL),
(540799,'utility',21907,'F',3468,'2020-04-29',0,'2020-04-29','2020-04-29','2020-08-28','2020-05-13',NULL,NULL,'F','F','F','T','000003468-0',0,'F','Electricity,Water','2020-03-24','2020-04-23',NULL,0,NULL,NULL,NULL,NULL,NULL,NULL,NULL,NULL),
(543804,'utility',34057,'F',2200,'2020-05-05',0,'2020-05-05','2020-04-30',NULL,'2020-05-19',NULL,NULL,'F','F','F','T','000002200-0',0,'T','Electricity','2020-04-07','2020-05-06',NULL,0,NULL,NULL,NULL,NULL,NULL,NULL,NULL,NULL),
(545633,'utility',36989,'F',26,'2020-05-06',0,'2020-05-06','2020-05-06',NULL,'2020-05-20',NULL,NULL,'F','F','F','T','000000026-0',0,'F','Electricity','2020-04-01','2020-04-30',NULL,0,NULL,NULL,NULL,NULL,NULL,NULL,NULL,NULL),
(557790,'utility',21907,'F',3650,'2020-05-27',0,'2020-05-27','2020-05-27','2020-08-28','2020-06-10',NULL,NULL,'F','F','F','T','000003650-0',0,'F','Electricity,Water','2020-04-24','2020-05-23',NULL,0,NULL,NULL,NULL,NULL,NULL,NULL,NULL,NULL),
(560617,'utility',36989,'F',53,'2020-06-01',0,'2020-06-01','2020-05-31',NULL,'2020-06-15',NULL,NULL,'F','F','F','T','000000053-0',0,'F','Electricity','2020-05-01','2020-05-31',NULL,0,NULL,NULL,NULL,NULL,NULL,NULL,NULL,NULL),
(560697,'utility',34057,'F',2289,'2020-06-01',0,'2020-06-01','2020-05-31',NULL,'2020-06-15',NULL,NULL,'F','F','F','T','000002289-0',0,'F','Electricity','2020-05-07','2020-06-06',NULL,0,NULL,NULL,NULL,NULL,NULL,NULL,NULL,NULL),
(575331,'utility',21907,'F',3831,'2020-06-26',0,'2020-06-26','2020-06-26','2020-08-28','2020-07-10',NULL,NULL,'F','F','F','T','000003831-0',0,'F','Electricity,Water','2020-05-24','2020-06-23',NULL,0,NULL,NULL,NULL,NULL,NULL,NULL,NULL,NULL),
(578558,'utility',36989,'F',57,'2020-07-01',0,'2020-07-01','2020-06-30',NULL,'2020-07-15',NULL,NULL,'F','F','F','T','000000057-0',0,'F','Electricity','2020-06-01','2020-06-30',NULL,0,NULL,NULL,NULL,NULL,NULL,NULL,NULL,NULL),
(578655,'utility',34057,'F',2378,'2020-07-01',0,'2020-07-01','2020-06-30',NULL,'2020-07-15',NULL,NULL,'F','F','F','T','000002378-0',0,'F','Electricity','2020-06-07','2020-07-06',NULL,0,NULL,NULL,NULL,NULL,NULL,NULL,NULL,NULL),
(594335,'utility',21907,'F',4013,'2020-07-29',0,'2020-07-29','2020-07-29','2020-08-28','2020-08-12',NULL,NULL,'F','F','F','T','000004013-0',0,'F','Electricity,Water','2020-06-24','2020-07-23',NULL,0,NULL,NULL,NULL,NULL,NULL,NULL,NULL,NULL),
(597707,'utility',36989,'F',87,'2020-08-04',0,'2020-08-04','2020-07-31',NULL,'2020-08-18',NULL,NULL,'F','F','F','T','000000087-0',0,'F','Electricity','2020-07-01','2020-07-31',NULL,0,NULL,NULL,NULL,NULL,NULL,NULL,NULL,NULL),
(598535,'utility',34057,'F',2467,'2020-08-05',0,'2020-08-05','2020-07-31',NULL,'2020-08-19',NULL,NULL,'F','F','F','T','000002467-0',0,'F','Electricity','2020-07-07','2020-08-06',NULL,0,NULL,NULL,NULL,NULL,NULL,NULL,NULL,NULL),
(613853,'utility',21907,'F',4197,'2020-08-28',0,'2020-08-28','2020-08-28',NULL,'2020-09-11',NULL,NULL,'F','F','F','T','000004197-0',0,'T','Electricity,Water','2020-07-24','2020-08-23',NULL,0,NULL,NULL,NULL,NULL,NULL,NULL,NULL,NULL),
(615272,'utility',36989,'F',113,'2020-09-01',0,'2020-09-01','2020-08-31',NULL,'2020-09-15',NULL,NULL,'F','F','F','T','000000113-0',0,'F','Electricity','2020-08-01','2020-08-31',NULL,0,NULL,NULL,NULL,NULL,NULL,NULL,NULL,NULL),
(631376,'utility',21907,'F',4374,'2020-09-28',0,'2020-09-28','2020-09-28',NULL,'2020-10-12',NULL,NULL,'F','F','F','T','000004374-0',0,'F','Electricity,Water','2020-08-24','2020-09-23',NULL,0,NULL,NULL,NULL,NULL,NULL,NULL,NULL,NULL),
(634122,'utility',36989,'F',147,'2020-10-01',0,'2020-10-01','2020-09-30',NULL,'2020-10-15',NULL,NULL,'F','F','F','T','000000147-0',0,'F','Electricity','2020-09-01','2020-09-30',NULL,0,NULL,NULL,NULL,NULL,NULL,NULL,NULL,NULL),
(638734,'utility',34057,'F',2662,'2020-10-12',0,'2020-10-12','2020-10-12','2020-11-02','2020-10-26',NULL,NULL,'F','F','F','T','000002662-0',0,'F','Electricity','2020-09-07','2020-10-06',NULL,0,NULL,NULL,NULL,NULL,NULL,NULL,NULL,NULL),
(648863,'utility',21907,'F',4560,'2020-10-28',0,'2020-10-28','2020-10-28',NULL,'2020-11-11',NULL,NULL,'F','F','F','T','000004560-0',0,'F','Electricity,Water','2020-09-24','2020-10-23',NULL,0,NULL,NULL,NULL,NULL,NULL,NULL,NULL,NULL),
(652521,'utility',36989,'F',169,'2020-11-02',0,'2020-11-02','2020-10-31',NULL,'2020-11-16',NULL,NULL,'F','F','F','T','000000169-0',0,'F','Electricity','2020-10-01','2020-10-31',NULL,0,NULL,NULL,NULL,NULL,NULL,NULL,NULL,NULL),
(652650,'utility',34057,'F',2662,'2020-11-02',1,'2020-11-01','2020-10-31',NULL,'2020-11-16',NULL,NULL,'F','F','F','T','000002662-1',0,'T','Electricity','2020-09-07','2020-10-06',NULL,0,NULL,NULL,NULL,NULL,NULL,NULL,NULL,NULL);

/*Data for the table `bbeng_bills_charges` */

insert  into `bbeng_bills_charges`(`id`,`bill_id`,`site_profile_id`,`service_point_id`,`charge_profile_name`,`charge_group_name`,`charging_level`,`identifier`,`description`,`account_item_identifier`,`consumption_ratio`,`tni_code`,`tni_value`,`dlf_code`,`dlf_value`,`applicable_start_date`,`applicable_end_date`,`potd_amount`,`potd_tax`,`tax_rate`,`tax_amount`,`metering_stream`,`display_order`) values 
(1520999,228962,292,NULL,'The Mews - Hot Water',NULL,'CONSUMPTION','001-002','Hot Water Supply Charge','192.4',1.00000000,NULL,NULL,NULL,NULL,NULL,NULL,NULL,NULL,0.100,0.62,NULL,12.000000000000000000000000000000),
(1521000,228962,292,NULL,'The Mews - Hot Water',NULL,'CONSUMPTION','002-013','Hot Water (Next 43L/day)','192.3',1.00000000,NULL,NULL,NULL,NULL,NULL,NULL,NULL,NULL,0.100,3.01,NULL,10.000000000000000000000000000000),
(1521001,228962,292,NULL,'The Mews - Hot Water',NULL,'CONSUMPTION','002-013','Hot Water (Balance)','192.3',1.00000000,NULL,NULL,NULL,NULL,NULL,NULL,NULL,NULL,0.100,9.51,NULL,11.000000000000000000000000000000),
(1521002,228962,292,NULL,'The Mews - Hot Water',NULL,'CONSUMPTION','002-013','Hot Water (First 45L/day)','192.3',1.00000000,NULL,NULL,NULL,NULL,NULL,NULL,NULL,NULL,0.100,5.02,NULL,9.000000000000000000000000000000),
(1616601,245132,292,NULL,'The Mews - Hot Water',NULL,'CONSUMPTION','001-002','Hot Water Supply Charge','192.4',1.00000000,NULL,NULL,NULL,NULL,NULL,NULL,NULL,NULL,0.100,0.38,NULL,12.000000000000000000000000000000),
(1616602,245132,292,NULL,'The Mews - Hot Water',NULL,'CONSUMPTION','002-013','Hot Water (Next 43L/day)','192.3',1.00000000,NULL,NULL,NULL,NULL,NULL,NULL,NULL,NULL,0.100,1.88,NULL,10.000000000000000000000000000000),
(1616603,245132,292,NULL,'The Mews - Hot Water',NULL,'CONSUMPTION','002-013','Hot Water (Balance)','192.3',1.00000000,NULL,NULL,NULL,NULL,NULL,NULL,NULL,NULL,0.100,5.51,NULL,11.000000000000000000000000000000),
(1616604,245132,292,NULL,'The Mews - Hot Water',NULL,'CONSUMPTION','002-013','Hot Water (First 45L/day)','192.3',1.00000000,NULL,NULL,NULL,NULL,NULL,NULL,NULL,NULL,0.100,3.14,NULL,9.000000000000000000000000000000),
(1829797,276243,292,NULL,'The Mews - Hot Water',NULL,'CONSUMPTION','002-013','Hot Water (Balance)','192.3',1.00000000,NULL,NULL,NULL,NULL,NULL,NULL,NULL,NULL,0.100,6.95,NULL,10.000000000000000000000000000000),
(1829798,276243,292,NULL,'The Mews - Hot Water',NULL,'CONSUMPTION','002-013','Hot Water (Next 43L/day)','192.3',1.00000000,NULL,NULL,NULL,NULL,NULL,NULL,NULL,NULL,0.100,3.39,NULL,9.000000000000000000000000000000),
(1829799,276243,292,NULL,'The Mews - Hot Water',NULL,'CONSUMPTION','001-002','Gas Cooktop Charge','192.5',1.00000000,NULL,NULL,NULL,NULL,NULL,NULL,NULL,NULL,0.100,2.53,NULL,12.000000000000000000000000000000),
(1829800,276243,292,NULL,'The Mews - Hot Water',NULL,'CONSUMPTION','002-013','Hot Water (First 45L/day)','192.3',1.00000000,NULL,NULL,NULL,NULL,NULL,NULL,NULL,NULL,0.100,5.65,NULL,8.000000000000000000000000000000),
(1829801,276243,292,NULL,'The Mews - Hot Water',NULL,'CONSUMPTION','001-002','Hot Water Supply Charge','192.4',1.00000000,NULL,NULL,NULL,NULL,NULL,NULL,NULL,NULL,0.100,0.69,NULL,11.000000000000000000000000000000),
(1938177,291141,253,NULL,'The Mews - Residential',NULL,'CONSUMPTION','001-002','Electricity Supply Charge','192.2',1.00000000,NULL,NULL,NULL,NULL,NULL,NULL,NULL,NULL,0.100,2.09,NULL,4.000000000000000000000000000000),
(1938178,291141,292,NULL,'The Mews - Hot Water',NULL,'CONSUMPTION','002-013','Hot Water (First 45L/day)','192.3',1.00000000,NULL,NULL,NULL,NULL,NULL,NULL,NULL,NULL,0.100,3.87,NULL,8.000000000000000000000000000000),
(1938179,291141,292,NULL,'The Mews - Hot Water',NULL,'CONSUMPTION','001-002','Hot Water Supply Charge','192.4',1.00000000,NULL,NULL,NULL,NULL,NULL,NULL,NULL,NULL,0.100,0.47,NULL,11.000000000000000000000000000000),
(1938180,291141,253,NULL,'The Mews - Residential',NULL,'CONSUMPTION','002-001','Electricity Consumption Charge','192.1',1.00000000,NULL,NULL,NULL,NULL,NULL,NULL,NULL,NULL,0.100,14.09,NULL,1.000000000000000000000000000000),
(1938181,291141,292,NULL,'The Mews - Hot Water',NULL,'CONSUMPTION','002-013','Hot Water (Balance)','192.3',1.00000000,NULL,NULL,NULL,NULL,NULL,NULL,NULL,NULL,0.100,2.97,NULL,10.000000000000000000000000000000),
(1938182,291141,253,NULL,'The Mews - Residential',NULL,'CONSUMPTION','001-006','Meter Charge','743',1.00000000,NULL,NULL,NULL,NULL,NULL,NULL,NULL,NULL,0.100,0.58,NULL,6.000000000000000000000000000000),
(1938183,291141,292,NULL,'The Mews - Hot Water',NULL,'CONSUMPTION','001-002','Gas Cooktop Charge','192.5',1.00000000,NULL,NULL,NULL,NULL,NULL,NULL,NULL,NULL,0.100,1.74,NULL,12.000000000000000000000000000000),
(1938184,291141,292,NULL,'The Mews - Hot Water',NULL,'CONSUMPTION','002-013','Hot Water (Next 43L/day)','192.3',1.00000000,NULL,NULL,NULL,NULL,NULL,NULL,NULL,NULL,0.100,2.32,NULL,9.000000000000000000000000000000),
(2044803,308015,253,NULL,'The Mews - Residential',NULL,'CONSUMPTION','001-006','Meter Charge','743',1.00000000,NULL,NULL,NULL,NULL,NULL,NULL,NULL,NULL,0.100,0.49,NULL,6.000000000000000000000000000000),
(2044804,308015,292,NULL,'The Mews - Hot Water',NULL,'CONSUMPTION','002-013','Hot Water (First 45L/day)','192.3',1.00000000,NULL,NULL,NULL,NULL,NULL,NULL,NULL,NULL,0.100,3.35,NULL,9.000000000000000000000000000000),
(2044805,308015,253,NULL,'The Mews - Residential',NULL,'CONSUMPTION','001-002','Gas Cooktop Charge','192.5',1.00000000,NULL,NULL,NULL,NULL,NULL,NULL,NULL,NULL,0.100,1.50,NULL,7.000000000000000000000000000000),
(2044806,308015,292,NULL,'The Mews - Hot Water',NULL,'CONSUMPTION','002-013','Hot Water (Next 43L/day)','192.3',1.00000000,NULL,NULL,NULL,NULL,NULL,NULL,NULL,NULL,0.100,2.01,NULL,10.000000000000000000000000000000),
(2044807,308015,253,NULL,'The Mews - Residential',NULL,'CONSUMPTION','001-002','Electricity Supply Charge','192.2',1.00000000,NULL,NULL,NULL,NULL,NULL,NULL,NULL,NULL,0.100,1.76,NULL,4.000000000000000000000000000000),
(2044808,308015,253,NULL,'The Mews - Residential',NULL,'CONSUMPTION','002-001','Electricity Consumption Charge','192.1',1.00000000,NULL,NULL,NULL,NULL,NULL,NULL,NULL,NULL,0.100,10.63,NULL,1.000000000000000000000000000000),
(2044809,308015,292,NULL,'The Mews - Hot Water',NULL,'CONSUMPTION','002-013','Hot Water (Balance)','192.3',1.00000000,NULL,NULL,NULL,NULL,NULL,NULL,NULL,NULL,0.100,2.81,NULL,11.000000000000000000000000000000),
(2044810,308015,292,NULL,'The Mews - Hot Water',NULL,'CONSUMPTION','001-002','Hot Water Supply Charge','192.4',1.00000000,NULL,NULL,NULL,NULL,NULL,NULL,NULL,NULL,0.100,0.41,NULL,12.000000000000000000000000000000),
(2158705,321985,253,NULL,'The Mews - Residential',NULL,'CONSUMPTION','001-002','Electricity Supply Charge','192.2',1.00000000,NULL,NULL,NULL,NULL,NULL,NULL,NULL,NULL,0.100,1.54,NULL,4.000000000000000000000000000000),
(2158706,321985,253,NULL,'The Mews - Residential',NULL,'CONSUMPTION','002-001','Electricity Consumption Charge','192.1',1.00000000,NULL,NULL,NULL,NULL,NULL,NULL,NULL,NULL,0.100,6.43,NULL,1.000000000000000000000000000000),
(2158707,321985,292,NULL,'The Mews - Hot Water',NULL,'CONSUMPTION','002-013','Hot Water (First 45L/day)','192.3',1.00000000,NULL,NULL,NULL,NULL,NULL,NULL,NULL,NULL,0.100,1.14,NULL,9.000000000000000000000000000000),
(2158708,321985,253,NULL,'The Mews - Residential',NULL,'CONSUMPTION','001-006','Meter Charge','743',1.00000000,NULL,NULL,NULL,NULL,NULL,NULL,NULL,NULL,0.100,0.43,NULL,6.000000000000000000000000000000),
(2158709,321985,253,NULL,'The Mews - Residential',NULL,'CONSUMPTION','001-002','Gas Cooktop Charge','192.5',1.00000000,NULL,NULL,NULL,NULL,NULL,NULL,NULL,NULL,0.100,1.31,NULL,7.000000000000000000000000000000),
(2158710,321985,292,NULL,'The Mews - Hot Water',NULL,'CONSUMPTION','002-013','Hot Water (Next 43L/day)','192.3',1.00000000,NULL,NULL,NULL,NULL,NULL,NULL,NULL,NULL,0.000,0.00,NULL,10.000000000000000000000000000000),
(2158711,321985,292,NULL,'The Mews - Hot Water',NULL,'CONSUMPTION','001-002','Hot Water Supply Charge','192.4',1.00000000,NULL,NULL,NULL,NULL,NULL,NULL,NULL,NULL,0.100,0.36,NULL,12.000000000000000000000000000000),
(2158712,321985,292,NULL,'The Mews - Hot Water',NULL,'CONSUMPTION','002-013','Hot Water (Balance)','192.3',1.00000000,NULL,NULL,NULL,NULL,NULL,NULL,NULL,NULL,0.000,0.00,NULL,11.000000000000000000000000000000),
(2257772,338209,253,NULL,'The Mews - Residential',NULL,'CONSUMPTION','001-006','Meter Charge','743',1.00000000,NULL,NULL,NULL,NULL,NULL,NULL,NULL,NULL,0.100,0.48,NULL,6.000000000000000000000000000000),
(2257773,338209,292,NULL,'The Mews - Hot Water',NULL,'CONSUMPTION','002-013','Hot Water (Balance)','192.3',1.00000000,NULL,NULL,NULL,NULL,NULL,NULL,NULL,NULL,0.000,0.00,NULL,11.000000000000000000000000000000),
(2257774,338209,292,NULL,'The Mews - Hot Water',NULL,'CONSUMPTION','001-002','Hot Water Supply Charge','192.4',1.00000000,NULL,NULL,NULL,NULL,NULL,NULL,NULL,NULL,0.100,0.40,NULL,12.000000000000000000000000000000),
(2257775,338209,253,NULL,'The Mews - Residential',NULL,'CONSUMPTION','001-002','Electricity Supply Charge','192.2',1.00000000,NULL,NULL,NULL,NULL,NULL,NULL,NULL,NULL,0.100,1.71,NULL,4.000000000000000000000000000000),
(2257776,338209,292,NULL,'The Mews - Hot Water',NULL,'CONSUMPTION','002-013','Hot Water (Next 43L/day)','192.3',1.00000000,NULL,NULL,NULL,NULL,NULL,NULL,NULL,NULL,0.100,0.33,NULL,10.000000000000000000000000000000),
(2257777,338209,253,NULL,'The Mews - Residential',NULL,'CONSUMPTION','001-002','Gas Cooktop Charge','192.5',1.00000000,NULL,NULL,NULL,NULL,NULL,NULL,NULL,NULL,0.100,1.46,NULL,7.000000000000000000000000000000),
(2257778,338209,292,NULL,'The Mews - Hot Water',NULL,'CONSUMPTION','002-013','Hot Water (First 45L/day)','192.3',1.00000000,NULL,NULL,NULL,NULL,NULL,NULL,NULL,NULL,0.100,3.24,NULL,9.000000000000000000000000000000),
(2257779,338209,253,NULL,'The Mews - Residential',NULL,'CONSUMPTION','002-001','Electricity Consumption Charge','192.1',1.00000000,NULL,NULL,NULL,NULL,NULL,NULL,NULL,NULL,0.100,4.06,NULL,1.000000000000000000000000000000),
(2362979,356091,292,NULL,'The Mews - Hot Water',NULL,'CONSUMPTION','002-013','Hot Water (Next 43L/day)','192.3',1.00000000,NULL,NULL,NULL,NULL,NULL,NULL,NULL,NULL,0.100,0.35,NULL,10.000000000000000000000000000000),
(2362980,356091,253,NULL,'The Mews - Residential',NULL,'CONSUMPTION','001-002','Electricity Supply Charge','192.2',1.00000000,NULL,NULL,NULL,NULL,NULL,NULL,NULL,NULL,0.100,1.76,NULL,4.000000000000000000000000000000),
(2362981,356091,253,NULL,'The Mews - Residential',NULL,'CONSUMPTION','001-002','Gas Cooktop Charge','192.5',1.00000000,NULL,NULL,NULL,NULL,NULL,NULL,NULL,NULL,0.100,1.50,NULL,7.000000000000000000000000000000),
(2362982,356091,253,NULL,'The Mews - Residential',NULL,'CONSUMPTION','002-001','Electricity Consumption Charge','192.1',1.00000000,NULL,NULL,NULL,NULL,NULL,NULL,NULL,NULL,0.100,3.73,NULL,1.000000000000000000000000000000),
(2362983,356091,292,NULL,'The Mews - Hot Water',NULL,'CONSUMPTION','002-013','Hot Water (Balance)','192.3',1.00000000,NULL,NULL,NULL,NULL,NULL,NULL,NULL,NULL,0.000,0.00,NULL,11.000000000000000000000000000000),
(2362984,356091,292,NULL,'The Mews - Hot Water',NULL,'CONSUMPTION','001-002','Hot Water Supply Charge','192.4',1.00000000,NULL,NULL,NULL,NULL,NULL,NULL,NULL,NULL,0.100,0.41,NULL,12.000000000000000000000000000000),
(2362985,356091,292,NULL,'The Mews - Hot Water',NULL,'CONSUMPTION','002-013','Hot Water (First 45L/day)','192.3',1.00000000,NULL,NULL,NULL,NULL,NULL,NULL,NULL,NULL,0.100,3.35,NULL,9.000000000000000000000000000000),
(2362986,356091,253,NULL,'The Mews - Residential',NULL,'CONSUMPTION','001-006','Meter Charge','743',1.00000000,NULL,NULL,NULL,NULL,NULL,NULL,NULL,NULL,0.100,0.49,NULL,6.000000000000000000000000000000),
(2460523,370375,253,NULL,'The Mews - Residential',NULL,'CONSUMPTION','001-002','Gas Cooktop Charge','192.5',1.00000000,NULL,NULL,NULL,NULL,NULL,NULL,NULL,NULL,0.100,1.31,NULL,7.000000000000000000000000000000),
(2460524,370375,292,NULL,'The Mews - Hot Water',NULL,'CONSUMPTION','001-002','Hot Water Supply Charge','192.4',1.00000000,NULL,NULL,NULL,NULL,NULL,NULL,NULL,NULL,0.100,0.36,NULL,12.000000000000000000000000000000),
(2460525,370375,292,NULL,'The Mews - Hot Water',NULL,'CONSUMPTION','002-013','Hot Water (First 45L/day)','192.3',1.00000000,NULL,NULL,NULL,NULL,NULL,NULL,NULL,NULL,0.100,2.93,NULL,9.000000000000000000000000000000),
(2460526,370375,253,NULL,'The Mews - Residential',NULL,'CONSUMPTION','001-002','Electricity Supply Charge','192.2',1.00000000,NULL,NULL,NULL,NULL,NULL,NULL,NULL,NULL,0.100,1.54,NULL,4.000000000000000000000000000000),
(2460527,370375,292,NULL,'The Mews - Hot Water',NULL,'CONSUMPTION','002-013','Hot Water (Next 43L/day)','192.3',1.00000000,NULL,NULL,NULL,NULL,NULL,NULL,NULL,NULL,0.100,1.65,NULL,10.000000000000000000000000000000),
(2460528,370375,253,NULL,'The Mews - Residential',NULL,'CONSUMPTION','001-006','Meter Charge','743',1.00000000,NULL,NULL,NULL,NULL,NULL,NULL,NULL,NULL,0.100,0.43,NULL,6.000000000000000000000000000000),
(2460529,370375,292,NULL,'The Mews - Hot Water',NULL,'CONSUMPTION','002-013','Hot Water (Balance)','192.3',1.00000000,NULL,NULL,NULL,NULL,NULL,NULL,NULL,NULL,0.000,0.00,NULL,11.000000000000000000000000000000),
(2460530,370375,253,NULL,'The Mews - Residential',NULL,'CONSUMPTION','002-001','Electricity Consumption Charge','192.1',1.00000000,NULL,NULL,NULL,NULL,NULL,NULL,NULL,NULL,0.100,3.59,NULL,1.000000000000000000000000000000),
(2571682,388173,292,NULL,'The Mews - Hot Water',NULL,'CONSUMPTION','001-002','Hot Water Supply Charge','192.4',1.00000000,NULL,NULL,NULL,NULL,NULL,NULL,NULL,NULL,0.100,0.40,NULL,12.000000000000000000000000000000),
(2571683,388173,292,NULL,'The Mews - Hot Water',NULL,'CONSUMPTION','002-013','Hot Water (Balance)','192.3',1.00000000,NULL,NULL,NULL,NULL,NULL,NULL,NULL,NULL,0.000,0.00,NULL,11.000000000000000000000000000000),
(2571684,388173,253,NULL,'The Mews - Residential',NULL,'CONSUMPTION','001-006','Meter Charge','743',1.00000000,NULL,NULL,NULL,NULL,NULL,NULL,NULL,NULL,0.100,0.48,NULL,6.000000000000000000000000000000),
(2571685,388173,253,NULL,'The Mews - Residential',NULL,'CONSUMPTION','002-001','Electricity Consumption Charge','192.1',1.00000000,NULL,NULL,NULL,NULL,NULL,NULL,NULL,NULL,0.100,4.18,NULL,1.000000000000000000000000000000),
(2571686,388173,292,NULL,'The Mews - Hot Water',NULL,'CONSUMPTION','002-013','Hot Water (First 45L/day)','192.3',1.00000000,NULL,NULL,NULL,NULL,NULL,NULL,NULL,NULL,0.100,3.24,NULL,9.000000000000000000000000000000),
(2571687,388173,253,NULL,'The Mews - Residential',NULL,'CONSUMPTION','001-002','Gas Cooktop Charge','192.5',1.00000000,NULL,NULL,NULL,NULL,NULL,NULL,NULL,NULL,0.100,1.46,NULL,7.000000000000000000000000000000),
(2571688,388173,253,NULL,'The Mews - Residential',NULL,'CONSUMPTION','001-002','Electricity Supply Charge','192.2',1.00000000,NULL,NULL,NULL,NULL,NULL,NULL,NULL,NULL,0.100,1.71,NULL,4.000000000000000000000000000000),
(2571689,388173,292,NULL,'The Mews - Hot Water',NULL,'CONSUMPTION','002-013','Hot Water (Next 43L/day)','192.3',1.00000000,NULL,NULL,NULL,NULL,NULL,NULL,NULL,NULL,0.100,1.36,NULL,10.000000000000000000000000000000),
(2673774,404492,292,NULL,'The Mews - Hot Water',NULL,'CONSUMPTION','002-013','Hot Water (Next 43L/day)','192.3',1.00000000,NULL,NULL,NULL,NULL,NULL,NULL,NULL,NULL,0.100,1.79,NULL,10.000000000000000000000000000000),
(2673775,404492,292,NULL,'The Mews - Hot Water',NULL,'CONSUMPTION','002-013','Hot Water (First 45L/day)','192.3',1.00000000,NULL,NULL,NULL,NULL,NULL,NULL,NULL,NULL,0.100,3.35,NULL,9.000000000000000000000000000000),
(2673776,404492,292,NULL,'The Mews - Hot Water',NULL,'CONSUMPTION','001-002','Hot Water Supply Charge','192.4',1.00000000,NULL,NULL,NULL,NULL,NULL,NULL,NULL,NULL,0.100,0.41,NULL,12.000000000000000000000000000000),
(2673777,404492,292,NULL,'The Mews - Hot Water',NULL,'CONSUMPTION','002-013','Hot Water (Balance)','192.3',1.00000000,NULL,NULL,NULL,NULL,NULL,NULL,NULL,NULL,0.100,0.00,NULL,11.000000000000000000000000000000),
(2673778,404492,253,NULL,'The Mews - Residential',NULL,'CONSUMPTION','001-006','Meter Charge','743',1.00000000,NULL,NULL,NULL,NULL,NULL,NULL,NULL,NULL,0.100,0.49,NULL,6.000000000000000000000000000000),
(2673779,404492,253,NULL,'The Mews - Residential',NULL,'CONSUMPTION','001-002','Electricity Supply Charge','192.2',1.00000000,NULL,NULL,NULL,NULL,NULL,NULL,NULL,NULL,0.100,1.76,NULL,4.000000000000000000000000000000),
(2673780,404492,253,NULL,'The Mews - Residential',NULL,'CONSUMPTION','002-001','Electricity Consumption Charge','192.1',1.00000000,NULL,NULL,NULL,NULL,'2019-07-27','2019-07-31',NULL,NULL,0.100,0.60,NULL,1.000000000000000000000000000000),
(2673781,404492,253,NULL,'The Mews - Residential',NULL,'CONSUMPTION','001-002','Gas Cooktop Charge','192.5',1.00000000,NULL,NULL,NULL,NULL,NULL,NULL,NULL,NULL,0.100,1.50,NULL,7.000000000000000000000000000000),
(2673782,404492,253,NULL,'The Mews - Residential',NULL,'CONSUMPTION','002-001','Electricity Consumption Charge','192.1',1.00000000,NULL,NULL,NULL,NULL,'2019-08-01','2019-08-27',NULL,NULL,0.100,2.90,NULL,2.000000000000000000000000000000),
(2775028,421299,253,NULL,'The Mews - Residential',NULL,'CONSUMPTION','001-002','Electricity Supply Charge','192.2',1.00000000,NULL,NULL,NULL,NULL,NULL,NULL,NULL,NULL,0.100,1.65,NULL,4.000000000000000000000000000000),
(2775029,421299,253,NULL,'The Mews - Residential',NULL,'CONSUMPTION','002-001','Electricity Consumption Charge','192.1',1.00000000,NULL,NULL,NULL,NULL,NULL,NULL,NULL,NULL,0.100,3.86,NULL,2.000000000000000000000000000000),
(2775030,421299,253,NULL,'The Mews - Residential',NULL,'CONSUMPTION','001-002','Gas Cooktop Charge','192.5',1.00000000,NULL,NULL,NULL,NULL,NULL,NULL,NULL,NULL,0.100,1.41,NULL,7.000000000000000000000000000000),
(2775031,421299,253,NULL,'The Mews - Residential',NULL,'CONSUMPTION','001-006','Meter Charge','743',1.00000000,NULL,NULL,NULL,NULL,NULL,NULL,NULL,NULL,0.100,0.46,NULL,6.000000000000000000000000000000),
(2775032,421299,292,NULL,'The Mews - Hot Water',NULL,'CONSUMPTION','002-013','Hot Water (First 45L/day)','192.3',1.00000000,NULL,NULL,NULL,NULL,NULL,NULL,NULL,NULL,0.100,3.14,NULL,9.000000000000000000000000000000),
(2775033,421299,292,NULL,'The Mews - Hot Water',NULL,'CONSUMPTION','001-002','Hot Water Supply Charge','192.4',1.00000000,NULL,NULL,NULL,NULL,NULL,NULL,NULL,NULL,0.100,0.38,NULL,12.000000000000000000000000000000),
(2775034,421299,292,NULL,'The Mews - Hot Water',NULL,'CONSUMPTION','002-013','Hot Water (Next 43L/day)','192.3',1.00000000,NULL,NULL,NULL,NULL,NULL,NULL,NULL,NULL,0.100,1.88,NULL,10.000000000000000000000000000000),
(2775035,421299,292,NULL,'The Mews - Hot Water',NULL,'CONSUMPTION','002-013','Hot Water (Balance)','192.3',1.00000000,NULL,NULL,NULL,NULL,NULL,NULL,NULL,NULL,0.100,1.54,NULL,11.000000000000000000000000000000),
(2878256,437916,253,NULL,'The Mews - Residential',NULL,'CONSUMPTION','002-001','Electricity Consumption Charge','192.1',1.00000000,NULL,NULL,NULL,NULL,NULL,NULL,NULL,NULL,0.100,6.18,NULL,2.000000000000000000000000000000),
(2878257,437916,253,NULL,'The Mews - Residential',NULL,'CONSUMPTION','001-002','Electricity Supply Charge','192.2',1.00000000,NULL,NULL,NULL,NULL,NULL,NULL,NULL,NULL,0.100,1.60,NULL,4.000000000000000000000000000000),
(2878258,437916,292,NULL,'The Mews - Hot Water',NULL,'CONSUMPTION','002-013','Hot Water (First 45L/day)','192.3',1.00000000,NULL,NULL,NULL,NULL,NULL,NULL,NULL,NULL,0.100,3.03,NULL,9.000000000000000000000000000000),
(2878259,437916,292,NULL,'The Mews - Hot Water',NULL,'CONSUMPTION','001-002','Hot Water Supply Charge','192.4',1.00000000,NULL,NULL,NULL,NULL,NULL,NULL,NULL,NULL,0.100,0.37,NULL,12.000000000000000000000000000000),
(2878260,437916,292,NULL,'The Mews - Hot Water',NULL,'CONSUMPTION','002-013','Hot Water (Balance)','192.3',1.00000000,NULL,NULL,NULL,NULL,NULL,NULL,NULL,NULL,0.100,0.00,NULL,11.000000000000000000000000000000),
(2878261,437916,292,NULL,'The Mews - Hot Water',NULL,'CONSUMPTION','002-013','Hot Water (Next 43L/day)','192.3',1.00000000,NULL,NULL,NULL,NULL,NULL,NULL,NULL,NULL,0.100,0.73,NULL,10.000000000000000000000000000000),
(2878262,437916,253,NULL,'The Mews - Residential',NULL,'CONSUMPTION','001-006','Meter Charge','743',1.00000000,NULL,NULL,NULL,NULL,NULL,NULL,NULL,NULL,0.100,0.45,NULL,6.000000000000000000000000000000),
(2878263,437916,253,NULL,'The Mews - Residential',NULL,'CONSUMPTION','001-002','Gas Cooktop Charge','192.5',1.00000000,NULL,NULL,NULL,NULL,NULL,NULL,NULL,NULL,0.100,1.36,NULL,7.000000000000000000000000000000),
(2985172,453360,292,NULL,'The Mews - Hot Water',NULL,'CONSUMPTION','002-013','Hot Water (Next 43L/day)','192.3',1.00000000,NULL,NULL,NULL,NULL,NULL,NULL,NULL,NULL,0.100,0.97,NULL,10.000000000000000000000000000000),
(2985173,453360,253,NULL,'The Mews - Residential',NULL,'CONSUMPTION','001-006','Meter Charge','743',1.00000000,NULL,NULL,NULL,NULL,NULL,NULL,NULL,NULL,0.100,0.49,NULL,6.000000000000000000000000000000),
(2985174,453360,292,NULL,'The Mews - Hot Water',NULL,'CONSUMPTION','001-002','Hot Water Supply Charge','192.4',1.00000000,NULL,NULL,NULL,NULL,NULL,NULL,NULL,NULL,0.100,0.41,NULL,12.000000000000000000000000000000),
(2985175,453360,292,NULL,'The Mews - Hot Water',NULL,'CONSUMPTION','002-013','Hot Water (First 45L/day)','192.3',1.00000000,NULL,NULL,NULL,NULL,NULL,NULL,NULL,NULL,0.100,3.35,NULL,9.000000000000000000000000000000),
(2985176,453360,253,NULL,'The Mews - Residential',NULL,'CONSUMPTION','001-002','Electricity Supply Charge','192.2',1.00000000,NULL,NULL,NULL,NULL,NULL,NULL,NULL,NULL,0.100,1.76,NULL,4.000000000000000000000000000000),
(2985177,453360,292,NULL,'The Mews - Hot Water',NULL,'CONSUMPTION','002-013','Hot Water (Balance)','192.3',1.00000000,NULL,NULL,NULL,NULL,NULL,NULL,NULL,NULL,0.100,0.00,NULL,11.000000000000000000000000000000),
(2985178,453360,253,NULL,'The Mews - Residential',NULL,'CONSUMPTION','001-002','Gas Cooktop Charge','192.5',1.00000000,NULL,NULL,NULL,NULL,NULL,NULL,NULL,NULL,0.100,1.50,NULL,7.000000000000000000000000000000),
(2985179,453360,253,NULL,'The Mews - Residential',NULL,'CONSUMPTION','002-001','Electricity Consumption Charge','192.1',1.00000000,NULL,NULL,NULL,NULL,NULL,NULL,NULL,NULL,0.100,6.70,NULL,2.000000000000000000000000000000),
(3098873,470867,292,NULL,'The Mews - Hot Water',NULL,'CONSUMPTION','002-013','Hot Water (Balance)','192.3',1.00000000,NULL,NULL,NULL,NULL,NULL,NULL,NULL,NULL,0.100,0.00,NULL,11.000000000000000000000000000000),
(3098874,470867,292,NULL,'The Mews - Hot Water',NULL,'CONSUMPTION','002-013','Hot Water (Next 43L/day)','192.3',1.00000000,NULL,NULL,NULL,NULL,NULL,NULL,NULL,NULL,0.100,0.61,NULL,10.000000000000000000000000000000),
(3098875,470867,253,NULL,'The Mews - Residential',NULL,'CONSUMPTION','002-001','Electricity Consumption Charge','192.1',1.00000000,NULL,NULL,NULL,NULL,NULL,NULL,NULL,NULL,0.100,4.15,NULL,2.000000000000000000000000000000),
(3098876,470867,253,NULL,'The Mews - Residential',NULL,'CONSUMPTION','001-002','Electricity Supply Charge','192.2',1.00000000,NULL,NULL,NULL,NULL,NULL,NULL,NULL,NULL,0.100,1.27,NULL,4.000000000000000000000000000000),
(3098877,470867,253,NULL,'The Mews - Residential',NULL,'CONSUMPTION','001-002','Gas Cooktop Charge','192.5',1.00000000,NULL,NULL,NULL,NULL,NULL,NULL,NULL,NULL,0.100,1.08,NULL,7.000000000000000000000000000000),
(3098878,470867,292,NULL,'The Mews - Hot Water',NULL,'CONSUMPTION','001-002','Hot Water Supply Charge','192.4',1.00000000,NULL,NULL,NULL,NULL,NULL,NULL,NULL,NULL,0.100,0.30,NULL,12.000000000000000000000000000000),
(3098879,470867,253,NULL,'The Mews - Residential',NULL,'CONSUMPTION','001-006','Meter Charge','743',1.00000000,NULL,NULL,NULL,NULL,NULL,NULL,NULL,NULL,0.100,0.35,NULL,6.000000000000000000000000000000),
(3098880,470867,292,NULL,'The Mews - Hot Water',NULL,'CONSUMPTION','002-013','Hot Water (First 45L/day)','192.3',1.00000000,NULL,NULL,NULL,NULL,NULL,NULL,NULL,NULL,0.100,2.40,NULL,9.000000000000000000000000000000),
(3236421,490494,253,NULL,'The Mews - Residential',NULL,'CONSUMPTION','001-002','Electricity Supply Charge','192.2',1.00000000,NULL,NULL,NULL,NULL,NULL,NULL,NULL,NULL,0.100,2.31,NULL,4.000000000000000000000000000000),
(3236422,490494,253,NULL,'The Mews - Residential',NULL,'CONSUMPTION','001-002','Gas Cooktop Charge','192.5',1.00000000,NULL,NULL,NULL,NULL,NULL,NULL,NULL,NULL,0.100,1.97,NULL,7.000000000000000000000000000000),
(3236423,490494,253,NULL,'The Mews - Residential',NULL,'CONSUMPTION','001-006','Meter Charge','743',1.00000000,NULL,NULL,NULL,NULL,NULL,NULL,NULL,NULL,0.100,0.65,NULL,6.000000000000000000000000000000),
(3236424,490494,292,NULL,'The Mews - Hot Water',NULL,'CONSUMPTION','002-013','Hot Water (Balance)','192.3',1.00000000,NULL,NULL,NULL,NULL,NULL,NULL,NULL,NULL,0.100,0.00,NULL,11.000000000000000000000000000000),
(3236425,490494,253,NULL,'The Mews - Residential',NULL,'CONSUMPTION','002-001','Electricity Consumption Charge','192.1',1.00000000,NULL,NULL,NULL,NULL,NULL,NULL,NULL,NULL,0.100,9.89,NULL,2.000000000000000000000000000000),
(3236426,490494,292,NULL,'The Mews - Hot Water',NULL,'CONSUMPTION','001-002','Hot Water Supply Charge','192.4',1.00000000,NULL,NULL,NULL,NULL,NULL,NULL,NULL,NULL,0.100,0.54,NULL,12.000000000000000000000000000000),
(3236427,490494,292,NULL,'The Mews - Hot Water',NULL,'CONSUMPTION','002-013','Hot Water (Next 43L/day)','192.3',1.00000000,NULL,NULL,NULL,NULL,NULL,NULL,NULL,NULL,0.100,0.00,NULL,10.000000000000000000000000000000),
(3236428,490494,292,NULL,'The Mews - Hot Water',NULL,'CONSUMPTION','002-013','Hot Water (First 45L/day)','192.3',1.00000000,NULL,NULL,NULL,NULL,NULL,NULL,NULL,NULL,0.100,4.33,NULL,9.000000000000000000000000000000),
(3339561,505359,253,NULL,'The Mews - Residential',NULL,'CONSUMPTION','001-006','Meter Charge','743',1.00000000,NULL,NULL,NULL,NULL,NULL,NULL,NULL,NULL,0.100,0.40,NULL,6.000000000000000000000000000000),
(3339562,505359,292,NULL,'The Mews - Hot Water',NULL,'CONSUMPTION','001-002','Hot Water Supply Charge','192.4',1.00000000,NULL,NULL,NULL,NULL,NULL,NULL,NULL,NULL,0.100,0.33,NULL,12.000000000000000000000000000000),
(3339563,505359,292,NULL,'The Mews - Hot Water',NULL,'CONSUMPTION','002-013','Hot Water (Balance)','192.3',1.00000000,NULL,NULL,NULL,NULL,NULL,NULL,NULL,NULL,0.100,0.00,'EXPORT',11.000000000000000000000000000000),
(3339564,505359,253,NULL,'The Mews - Residential',NULL,'CONSUMPTION','001-002','Gas Cooktop Charge','192.5',1.00000000,NULL,NULL,NULL,NULL,NULL,NULL,NULL,NULL,0.100,1.22,NULL,7.000000000000000000000000000000),
(3339565,505359,253,NULL,'The Mews - Residential',NULL,'CONSUMPTION','001-002','Electricity Supply Charge','192.2',1.00000000,NULL,NULL,NULL,NULL,NULL,NULL,NULL,NULL,0.100,1.43,NULL,4.000000000000000000000000000000),
(3339566,505359,292,NULL,'The Mews - Hot Water',NULL,'CONSUMPTION','002-013','Hot Water (First 45L/day)','192.3',1.00000000,NULL,NULL,NULL,NULL,NULL,NULL,NULL,NULL,0.100,1.17,'EXPORT',9.000000000000000000000000000000),
(3339567,505359,253,NULL,'The Mews - Residential',NULL,'CONSUMPTION','002-001','Electricity Consumption Charge','192.1',1.00000000,NULL,NULL,NULL,NULL,NULL,NULL,NULL,NULL,0.100,4.96,'EXPORT',2.000000000000000000000000000000),
(3339568,505359,292,NULL,'The Mews - Hot Water',NULL,'CONSUMPTION','002-013','Hot Water (Next 43L/day)','192.3',1.00000000,NULL,NULL,NULL,NULL,NULL,NULL,NULL,NULL,0.100,0.00,'EXPORT',10.000000000000000000000000000000),
(3457682,522895,253,NULL,'The Mews - Residential',NULL,'CONSUMPTION','001-006','Meter Charge','743',1.00000000,NULL,NULL,NULL,NULL,NULL,NULL,NULL,NULL,0.100,0.45,NULL,6.000000000000000000000000000000),
(3457683,522895,253,NULL,'The Mews - Residential',NULL,'CONSUMPTION','001-002','Gas Cooktop Charge','192.5',1.00000000,NULL,NULL,NULL,NULL,NULL,NULL,NULL,NULL,0.100,1.36,NULL,7.000000000000000000000000000000),
(3457684,522895,253,NULL,'The Mews - Residential',NULL,'CONSUMPTION','002-001','Electricity Consumption Charge','192.1',1.00000000,NULL,NULL,NULL,NULL,NULL,NULL,NULL,NULL,0.100,6.18,'EXPORT',2.000000000000000000000000000000),
(3457685,522895,292,NULL,'The Mews - Hot Water',NULL,'CONSUMPTION','002-013','Hot Water (First 45L/day)','192.3',1.00000000,NULL,NULL,NULL,NULL,NULL,NULL,NULL,NULL,0.100,3.03,'EXPORT',9.000000000000000000000000000000),
(3457686,522895,292,NULL,'The Mews - Hot Water',NULL,'CONSUMPTION','001-002','Hot Water Supply Charge','192.4',1.00000000,NULL,NULL,NULL,NULL,NULL,NULL,NULL,NULL,0.100,0.37,NULL,12.000000000000000000000000000000),
(3457687,522895,292,NULL,'The Mews - Hot Water',NULL,'CONSUMPTION','002-013','Hot Water (Balance)','192.3',1.00000000,NULL,NULL,NULL,NULL,NULL,NULL,NULL,NULL,0.100,0.00,'EXPORT',11.000000000000000000000000000000),
(3457688,522895,253,NULL,'The Mews - Residential',NULL,'CONSUMPTION','001-002','Electricity Supply Charge','192.2',1.00000000,NULL,NULL,NULL,NULL,NULL,NULL,NULL,NULL,0.100,1.60,NULL,4.000000000000000000000000000000),
(3457689,522895,292,NULL,'The Mews - Hot Water',NULL,'CONSUMPTION','002-013','Hot Water (Next 43L/day)','192.3',1.00000000,NULL,NULL,NULL,NULL,NULL,NULL,NULL,NULL,0.100,0.40,'EXPORT',10.000000000000000000000000000000),
(3562376,540307,256,NULL,'Coolamon Churches of Christ - Common Area - Solar',NULL,'CONSUMPTION','002-001','Electricity Usage Charge','192.1',1.00000000,NULL,NULL,NULL,NULL,NULL,NULL,NULL,NULL,0.100,370.05,'EXPORT',1.000000000000000000000000000000),
(3562377,540307,256,NULL,'Coolamon Churches of Christ - Common Area - Solar',NULL,'CONSUMPTION','002-001','Solar Usage Charge','192.1',1.00000000,NULL,NULL,NULL,NULL,NULL,NULL,NULL,NULL,0.100,140.51,'IMPORT',2.000000000000000000000000000000),
(3562378,540307,256,NULL,'Coolamon Churches of Christ - Common Area - Solar',NULL,'CONSUMPTION','001-002','Electricity Supply Charge','192.2',1.00000000,NULL,NULL,NULL,NULL,NULL,NULL,NULL,NULL,0.100,9.87,NULL,3.000000000000000000000000000000),
(3571415,540799,292,NULL,'The Mews - Hot Water',NULL,'CONSUMPTION','002-013','Hot Water (Balance)','192.3',1.00000000,NULL,NULL,NULL,NULL,NULL,NULL,NULL,NULL,0.100,0.00,'EXPORT',11.000000000000000000000000000000),
(3571416,540799,253,NULL,'The Mews - Residential',NULL,'CONSUMPTION','001-002','Electricity Supply Charge','192.2',1.00000000,NULL,NULL,NULL,NULL,NULL,NULL,NULL,NULL,0.100,1.87,NULL,4.000000000000000000000000000000),
(3571417,540799,292,NULL,'The Mews - Hot Water',NULL,'CONSUMPTION','001-002','Hot Water Supply Charge','192.4',1.00000000,NULL,NULL,NULL,NULL,NULL,NULL,NULL,NULL,0.100,0.44,NULL,12.000000000000000000000000000000),
(3571418,540799,253,NULL,'The Mews - Residential',NULL,'CONSUMPTION','001-002','Gas Cooktop Charge','192.5',1.00000000,NULL,NULL,NULL,NULL,NULL,NULL,NULL,NULL,0.100,1.60,NULL,7.000000000000000000000000000000),
(3571419,540799,253,NULL,'The Mews - Residential',NULL,'CONSUMPTION','001-006','Meter Charge','743',1.00000000,NULL,NULL,NULL,NULL,NULL,NULL,NULL,NULL,0.100,0.52,NULL,6.000000000000000000000000000000),
(3571420,540799,292,NULL,'The Mews - Hot Water',NULL,'CONSUMPTION','002-013','Hot Water (Next 43L/day)','192.3',1.00000000,NULL,NULL,NULL,NULL,NULL,NULL,NULL,NULL,0.100,0.00,'EXPORT',10.000000000000000000000000000000),
(3571421,540799,292,NULL,'The Mews - Hot Water',NULL,'CONSUMPTION','002-013','Hot Water (First 45L/day)','192.3',1.00000000,NULL,NULL,NULL,NULL,NULL,NULL,NULL,NULL,0.100,2.03,'EXPORT',9.000000000000000000000000000000),
(3571422,540799,253,NULL,'The Mews - Residential',NULL,'CONSUMPTION','002-001','Electricity Consumption Charge','192.1',1.00000000,NULL,NULL,NULL,NULL,NULL,NULL,NULL,NULL,0.100,3.75,'EXPORT',2.000000000000000000000000000000),
(3585617,543804,256,NULL,'Coolamon Churches of Christ - Common Area - Solar',NULL,'CONSUMPTION','002-001','Electricity Usage Charge','192.1',1.00000000,NULL,NULL,NULL,NULL,NULL,NULL,NULL,NULL,0.100,452.96,'EXPORT',1.000000000000000000000000000000),
(3585618,543804,256,NULL,'Coolamon Churches of Christ - Common Area - Solar',NULL,'CONSUMPTION','002-001','Solar Usage Charge','192.1',1.00000000,NULL,NULL,NULL,NULL,NULL,NULL,NULL,NULL,0.100,177.08,'IMPORT',2.000000000000000000000000000000),
(3585619,543804,256,NULL,'Coolamon Churches of Christ - Common Area - Solar',NULL,'CONSUMPTION','001-002','Electricity Supply Charge','192.2',1.00000000,NULL,NULL,NULL,NULL,NULL,NULL,NULL,NULL,0.100,10.80,NULL,3.000000000000000000000000000000),
(3598404,545633,394,NULL,'Logan Central Apartments - Common Area Solar',NULL,'CONSUMPTION','002-001','Solar Usage Charge','192.10',1.00000000,NULL,NULL,NULL,NULL,NULL,NULL,NULL,NULL,0.100,0.82,'IMPORT',2.000000000000000000000000000000),
(3598405,545633,394,NULL,'Logan Central Apartments - Common Area Solar',NULL,'CONSUMPTION','001-002','Electricity Supply Charge','192.2',1.00000000,NULL,NULL,NULL,NULL,NULL,NULL,NULL,NULL,0.100,1.70,NULL,3.000000000000000000000000000000),
(3598406,545633,394,NULL,'Logan Central Apartments - Common Area Solar',NULL,'CONSUMPTION','002-001','Electricity Usage Charge','192.1',1.00000000,NULL,NULL,NULL,NULL,NULL,NULL,NULL,NULL,0.100,4.21,'EXPORT',1.000000000000000000000000000000),
(3686580,557790,253,NULL,'The Mews - Residential',NULL,'CONSUMPTION','001-006','Meter Charge','743',1.00000000,NULL,NULL,NULL,NULL,NULL,NULL,NULL,NULL,0.100,0.43,NULL,6.000000000000000000000000000000),
(3686581,557790,292,NULL,'The Mews - Hot Water',NULL,'CONSUMPTION','002-013','Hot Water (First 45L/day)','192.3',1.00000000,NULL,NULL,NULL,NULL,NULL,NULL,NULL,NULL,0.100,2.36,'EXPORT',9.000000000000000000000000000000),
(3686582,557790,253,NULL,'The Mews - Residential',NULL,'CONSUMPTION','001-002','Electricity Supply Charge','192.2',1.00000000,NULL,NULL,NULL,NULL,NULL,NULL,NULL,NULL,0.100,1.54,NULL,4.000000000000000000000000000000),
(3686583,557790,292,NULL,'The Mews - Hot Water',NULL,'CONSUMPTION','002-013','Hot Water (Balance)','192.3',1.00000000,NULL,NULL,NULL,NULL,NULL,NULL,NULL,NULL,0.100,0.00,'EXPORT',11.000000000000000000000000000000),
(3686584,557790,253,NULL,'The Mews - Residential',NULL,'CONSUMPTION','001-002','Gas Cooktop Charge','192.5',1.00000000,NULL,NULL,NULL,NULL,NULL,NULL,NULL,NULL,0.100,1.31,NULL,7.000000000000000000000000000000),
(3686585,557790,292,NULL,'The Mews - Hot Water',NULL,'CONSUMPTION','002-013','Hot Water (Next 43L/day)','192.3',1.00000000,NULL,NULL,NULL,NULL,NULL,NULL,NULL,NULL,0.100,0.00,'EXPORT',10.000000000000000000000000000000),
(3686586,557790,253,NULL,'The Mews - Residential',NULL,'CONSUMPTION','002-001','Electricity Consumption Charge','192.1',1.00000000,NULL,NULL,NULL,NULL,NULL,NULL,NULL,NULL,0.100,0.03,'EXPORT',2.000000000000000000000000000000),
(3686587,557790,292,NULL,'The Mews - Hot Water',NULL,'CONSUMPTION','001-002','Hot Water Supply Charge','192.4',1.00000000,NULL,NULL,NULL,NULL,NULL,NULL,NULL,NULL,0.100,0.36,NULL,12.000000000000000000000000000000),
(3699415,560617,394,NULL,'Logan Central Apartments - Common Area Solar',NULL,'CONSUMPTION','001-002','Electricity Supply Charge','192.2',1.00000000,NULL,NULL,NULL,NULL,NULL,NULL,NULL,NULL,0.100,3.10,NULL,3.000000000000000000000000000000),
(3699416,560617,394,NULL,'Logan Central Apartments - Common Area Solar',NULL,'CONSUMPTION','002-001','Electricity Usage Charge','192.1',1.00000000,NULL,NULL,NULL,NULL,NULL,NULL,NULL,NULL,0.100,7.47,'EXPORT',1.000000000000000000000000000000),
(3699417,560617,394,NULL,'Logan Central Apartments - Common Area Solar',NULL,'CONSUMPTION','002-001','Solar Usage Charge','192.10',1.00000000,NULL,NULL,NULL,NULL,NULL,NULL,NULL,NULL,0.100,1.25,'IMPORT',2.000000000000000000000000000000),
(3699509,560697,256,NULL,'Coolamon Churches of Christ - Common Area - Solar',NULL,'CONSUMPTION','001-002','Electricity Supply Charge','192.2',1.00000000,NULL,NULL,NULL,NULL,NULL,NULL,NULL,NULL,0.100,3.10,NULL,3.000000000000000000000000000000),
(3699510,560697,256,NULL,'Coolamon Churches of Christ - Common Area - Solar',NULL,'CONSUMPTION','002-001','Electricity Usage Charge','192.1',1.00000000,NULL,NULL,NULL,NULL,NULL,NULL,NULL,NULL,0.100,155.07,'EXPORT',1.000000000000000000000000000000),
(3699511,560697,256,NULL,'Coolamon Churches of Christ - Common Area - Solar',NULL,'CONSUMPTION','002-001','Solar Usage Charge','192.10',1.00000000,NULL,NULL,NULL,NULL,NULL,NULL,NULL,NULL,0.100,41.42,'IMPORT',2.000000000000000000000000000000),
(3699512,560697,256,NULL,'Interest Charge Common Area Only',NULL,'CONSUMPTION','002-034','Interest Charge','194',1.00000000,NULL,NULL,NULL,NULL,NULL,NULL,NULL,NULL,0.000,0.00,NULL,4.010000228881835937500000000000),
(3799663,575331,292,NULL,'The Mews - Hot Water',NULL,'CONSUMPTION','002-013','Hot Water (First 45L/day)','192.3',1.00000000,NULL,NULL,NULL,NULL,NULL,NULL,NULL,NULL,0.100,3.14,'EXPORT',9.000000000000000000000000000000),
(3799664,575331,253,NULL,'The Mews - Residential',NULL,'CONSUMPTION','001-002','Electricity Supply Charge','192.2',1.00000000,NULL,NULL,NULL,NULL,NULL,NULL,NULL,NULL,0.100,1.65,NULL,4.000000000000000000000000000000),
(3799665,575331,253,NULL,'The Mews - Residential',NULL,'CONSUMPTION','002-001','Electricity Consumption Charge','192.1',1.00000000,NULL,NULL,NULL,NULL,NULL,NULL,NULL,NULL,0.100,1.15,'EXPORT',2.000000000000000000000000000000),
(3799666,575331,292,NULL,'The Mews - Hot Water',NULL,'CONSUMPTION','002-013','Hot Water (Balance)','192.3',1.00000000,NULL,NULL,NULL,NULL,NULL,NULL,NULL,NULL,0.100,0.00,'EXPORT',11.000000000000000000000000000000),
(3799667,575331,292,NULL,'The Mews - Hot Water',NULL,'CONSUMPTION','001-002','Hot Water Supply Charge','192.4',1.00000000,NULL,NULL,NULL,NULL,NULL,NULL,NULL,NULL,0.100,0.38,NULL,12.000000000000000000000000000000),
(3799668,575331,253,NULL,'The Mews - Residential',NULL,'CONSUMPTION','001-002','Gas Cooktop Charge','192.5',1.00000000,NULL,NULL,NULL,NULL,NULL,NULL,NULL,NULL,0.100,1.41,NULL,7.000000000000000000000000000000),
(3799669,575331,253,NULL,'The Mews - Residential',NULL,'CONSUMPTION','001-006','Meter Charge','743',1.00000000,NULL,NULL,NULL,NULL,NULL,NULL,NULL,NULL,0.100,0.46,NULL,6.000000000000000000000000000000),
(3799670,575331,292,NULL,'The Mews - Hot Water',NULL,'CONSUMPTION','002-013','Hot Water (Next 43L/day)','192.3',1.00000000,NULL,NULL,NULL,NULL,NULL,NULL,NULL,NULL,0.100,1.16,'EXPORT',10.000000000000000000000000000000),
(3815397,578655,256,NULL,'Coolamon Churches of Christ - Common Area - Solar',NULL,'CONSUMPTION','002-001','Solar Usage Charge','192.10',1.00000000,NULL,NULL,NULL,NULL,NULL,NULL,NULL,NULL,0.100,41.27,'IMPORT',2.000000000000000000000000000000),
(3815398,578655,256,NULL,'Coolamon Churches of Christ - Common Area - Solar',NULL,'CONSUMPTION','002-001','Electricity Usage Charge','192.1',1.00000000,NULL,NULL,NULL,NULL,NULL,NULL,NULL,NULL,0.100,152.53,'EXPORT',1.000000000000000000000000000000),
(3815399,578655,256,NULL,'Coolamon Churches of Christ - Common Area - Solar',NULL,'CONSUMPTION','001-002','Electricity Supply Charge','192.2',1.00000000,NULL,NULL,NULL,NULL,NULL,NULL,NULL,NULL,0.100,3.00,NULL,3.000000000000000000000000000000),
(3815486,578558,394,NULL,'Logan Central Apartments - Common Area Solar',NULL,'CONSUMPTION','001-002','Electricity Supply Charge','192.2',1.00000000,NULL,NULL,NULL,NULL,NULL,NULL,NULL,NULL,0.100,3.00,NULL,3.000000000000000000000000000000),
(3815487,578558,394,NULL,'Logan Central Apartments - Common Area Solar',NULL,'CONSUMPTION','002-001','Electricity Usage Charge','192.1',1.00000000,NULL,NULL,NULL,NULL,NULL,NULL,NULL,NULL,0.100,7.10,'EXPORT',1.000000000000000000000000000000),
(3815488,578558,394,NULL,'Logan Central Apartments - Common Area Solar',NULL,'CONSUMPTION','002-001','Solar Usage Charge','192.10',1.00000000,NULL,NULL,NULL,NULL,NULL,NULL,NULL,NULL,0.100,1.13,'IMPORT',2.000000000000000000000000000000),
(3926413,594335,253,NULL,'The Mews - Residential',NULL,'CONSUMPTION','001-006','Meter Charge','743',1.00000000,NULL,NULL,NULL,NULL,NULL,NULL,NULL,NULL,0.100,0.51,NULL,6.000000000000000000000000000000),
(3926414,594335,292,NULL,'The Mews - Hot Water',NULL,'CONSUMPTION','001-002','Hot Water Supply Charge','192.4',1.00000000,NULL,NULL,NULL,NULL,NULL,NULL,NULL,NULL,0.100,0.42,NULL,12.000000000000000000000000000000),
(3926415,594335,253,NULL,'The Mews - Residential',NULL,'CONSUMPTION','001-002','Gas Cooktop Charge','192.5',1.00000000,NULL,NULL,NULL,NULL,NULL,NULL,NULL,NULL,0.100,1.55,NULL,7.000000000000000000000000000000),
(3926416,594335,292,NULL,'The Mews - Hot Water',NULL,'CONSUMPTION','002-013','Hot Water (Balance)','192.3',1.00000000,NULL,NULL,NULL,NULL,NULL,NULL,NULL,NULL,0.100,0.00,'EXPORT',11.000000000000000000000000000000),
(3926417,594335,253,NULL,'The Mews - Residential',NULL,'CONSUMPTION','002-001','Electricity Consumption Charge','192.1',1.00000000,NULL,NULL,NULL,NULL,NULL,NULL,NULL,NULL,0.100,2.92,'EXPORT',2.000000000000000000000000000000),
(3926418,594335,253,NULL,'The Mews - Residential',NULL,'CONSUMPTION','001-002','Electricity Supply Charge','192.2',1.00000000,NULL,NULL,NULL,NULL,NULL,NULL,NULL,NULL,0.100,1.82,NULL,4.000000000000000000000000000000),
(3926419,594335,292,NULL,'The Mews - Hot Water',NULL,'CONSUMPTION','002-013','Hot Water (Next 43L/day)','192.3',1.00000000,NULL,NULL,NULL,NULL,NULL,NULL,NULL,NULL,0.100,0.81,'EXPORT',10.000000000000000000000000000000),
(3926420,594335,292,NULL,'The Mews - Hot Water',NULL,'CONSUMPTION','002-013','Hot Water (First 45L/day)','192.3',1.00000000,NULL,NULL,NULL,NULL,NULL,NULL,NULL,NULL,0.100,3.45,'EXPORT',9.000000000000000000000000000000),
(3946403,597707,394,NULL,'Logan Central Apartments - Common Area Solar',NULL,'CONSUMPTION','001-002','Electricity Supply Charge','192.2',1.00000000,NULL,NULL,NULL,NULL,NULL,NULL,NULL,NULL,0.100,3.10,NULL,3.000000000000000000000000000000),
(3946404,597707,394,NULL,'Logan Central Apartments - Common Area Solar',NULL,'CONSUMPTION','002-001','Electricity Usage Charge','192.1',1.00000000,NULL,NULL,NULL,NULL,NULL,NULL,NULL,NULL,0.100,7.13,'EXPORT',1.000000000000000000000000000000),
(3946405,597707,394,NULL,'Logan Central Apartments - Common Area Solar',NULL,'CONSUMPTION','002-001','Solar Usage Charge','192.10',1.00000000,NULL,NULL,NULL,NULL,NULL,NULL,NULL,NULL,0.100,1.06,'IMPORT',2.000000000000000000000000000000),
(3950795,598535,256,NULL,'Coolamon Churches of Christ - Common Area - Solar',NULL,'CONSUMPTION','002-001','Solar Usage Charge','192.10',1.00000000,NULL,NULL,NULL,NULL,NULL,NULL,NULL,NULL,0.100,44.38,'IMPORT',2.000000000000000000000000000000),
(3950796,598535,256,NULL,'Coolamon Churches of Christ - Common Area - Solar',NULL,'CONSUMPTION','002-001','Electricity Usage Charge','192.1',1.00000000,NULL,NULL,NULL,NULL,NULL,NULL,NULL,NULL,0.100,163.26,'EXPORT',1.000000000000000000000000000000),
(3950797,598535,256,NULL,'Coolamon Churches of Christ - Common Area - Solar',NULL,'CONSUMPTION','001-002','Electricity Supply Charge','192.2',1.00000000,NULL,NULL,NULL,NULL,NULL,NULL,NULL,NULL,0.100,3.10,NULL,3.000000000000000000000000000000),
(4073264,613853,253,NULL,'The Mews - Residential',NULL,'CONSUMPTION','002-001','Electricity Usage Charge','192.1',1.00000000,NULL,NULL,NULL,NULL,'2020-08-01','2020-08-26',NULL,NULL,0.100,4.53,'EXPORT',3.000000000000000000000000000000),
(4073265,613853,253,NULL,'The Mews - Residential',NULL,'CONSUMPTION','001-006','Meter Charge','743',1.00000000,NULL,NULL,NULL,NULL,NULL,NULL,NULL,NULL,0.100,9.47,NULL,6.000000000000000000000000000000),
(4073266,613853,292,NULL,'The Mews - Hot Water',NULL,'CONSUMPTION','002-013','Hot Water (Next 43L/day)','192.3',1.00000000,NULL,NULL,NULL,NULL,NULL,NULL,NULL,NULL,0.100,46.96,'EXPORT',10.000000000000000000000000000000),
(4073267,613853,253,NULL,'The Mews - Residential',NULL,'CONSUMPTION','001-002','Gas Cooktop Charge','192.5',1.00000000,NULL,NULL,NULL,NULL,'2019-01-26','2020-08-26',NULL,NULL,0.100,27.17,NULL,13.000000000000000000000000000000),
(4073268,613853,253,NULL,'The Mews - Residential',NULL,'CONSUMPTION','002-001','Electricity Consumption Charge','192.1',1.00000000,NULL,NULL,NULL,NULL,'2018-12-19','2019-07-31',NULL,NULL,0.100,94.12,'EXPORT',2.000000000000000000000000000000),
(4073269,613853,292,NULL,'The Mews - Hot Water',NULL,'CONSUMPTION','001-002','Gas Cooktop Charge','192.5',1.00000000,NULL,NULL,NULL,NULL,'2018-08-10','2019-01-25',NULL,NULL,0.100,7.93,NULL,13.000000000000000000000000000000),
(4073270,613853,292,NULL,'The Mews - Hot Water',NULL,'CONSUMPTION','001-002','Hot Water Supply Charge','192.4',1.00000000,NULL,NULL,NULL,NULL,NULL,NULL,NULL,NULL,0.100,9.58,NULL,12.000000000000000000000000000000),
(4073271,613853,253,NULL,'The Mews - Residential',NULL,'CONSUMPTION','002-001','Electricity Consumption Charge','192.1',1.00000000,NULL,NULL,NULL,NULL,'2019-08-01','2020-07-31',NULL,NULL,0.100,94.37,'EXPORT',2.000000000000000000000000000000),
(4073272,613853,253,NULL,'The Mews - Residential',NULL,'CONSUMPTION','001-002','Electricity Supply Charge','192.2',1.00000000,NULL,NULL,NULL,NULL,NULL,NULL,NULL,NULL,0.100,33.97,NULL,4.000000000000000000000000000000),
(4073273,613853,292,NULL,'The Mews - Hot Water',NULL,'CONSUMPTION','002-013','Hot Water (Balance)','192.3',1.00000000,NULL,NULL,NULL,NULL,NULL,NULL,NULL,NULL,0.100,18.05,'EXPORT',11.000000000000000000000000000000),
(4073274,613853,292,NULL,'The Mews - Hot Water',NULL,'CONSUMPTION','002-013','Hot Water (First 45L/day)','192.3',1.00000000,NULL,NULL,NULL,NULL,NULL,NULL,NULL,NULL,0.100,78.19,'EXPORT',9.000000000000000000000000000000),
(4080628,615272,394,NULL,'Logan Central Apartments - Common Area Solar',NULL,'CONSUMPTION','001-002','Electricity Supply Charge','192.2',1.00000000,NULL,NULL,NULL,NULL,NULL,NULL,NULL,NULL,0.100,3.10,NULL,3.000000000000000000000000000000),
(4080629,615272,394,NULL,'Logan Central Apartments - Common Area Solar',NULL,'CONSUMPTION','002-001','Solar Usage Charge','192.10',1.00000000,NULL,NULL,NULL,NULL,NULL,NULL,NULL,NULL,0.100,1.06,'IMPORT',2.000000000000000000000000000000),
(4080630,615272,394,NULL,'Logan Central Apartments - Common Area Solar',NULL,'CONSUMPTION','002-001','Electricity Usage Charge','192.1',1.00000000,NULL,NULL,NULL,NULL,NULL,NULL,NULL,NULL,0.100,6.40,'EXPORT',1.000000000000000000000000000000),
(4187635,631376,292,NULL,'The Mews - Hot Water',NULL,'CONSUMPTION','002-013','Hot Water (Next 43L/day)','192.3',1.00000000,NULL,NULL,NULL,NULL,NULL,NULL,NULL,NULL,0.100,1.88,'EXPORT',10.000000000000000000000000000000),
(4187636,631376,253,NULL,'The Mews - Residential',NULL,'CONSUMPTION','001-002','Electricity Supply Charge','192.2',1.00000000,NULL,NULL,NULL,NULL,NULL,NULL,NULL,NULL,0.100,1.65,NULL,4.000000000000000000000000000000),
(4187637,631376,253,NULL,'The Mews - Residential',NULL,'CONSUMPTION','001-006','Meter Charge','743',1.00000000,NULL,NULL,NULL,NULL,NULL,NULL,NULL,NULL,0.100,0.46,NULL,6.000000000000000000000000000000),
(4187638,631376,292,NULL,'The Mews - Hot Water',NULL,'CONSUMPTION','002-013','Hot Water (First 45L/day)','192.3',1.00000000,NULL,NULL,NULL,NULL,NULL,NULL,NULL,NULL,0.100,3.14,'EXPORT',9.000000000000000000000000000000),
(4187639,631376,292,NULL,'The Mews - Hot Water',NULL,'CONSUMPTION','001-002','Hot Water Supply Charge','192.4',1.00000000,NULL,NULL,NULL,NULL,NULL,NULL,NULL,NULL,0.100,0.38,NULL,12.000000000000000000000000000000),
(4187640,631376,253,NULL,'The Mews - Residential',NULL,'CONSUMPTION','002-001','Electricity Usage Charge','192.1',1.00000000,NULL,NULL,NULL,NULL,NULL,NULL,NULL,NULL,0.100,8.00,'EXPORT',3.000000000000000000000000000000),
(4187641,631376,292,NULL,'The Mews - Hot Water',NULL,'CONSUMPTION','002-013','Hot Water (Balance)','192.3',1.00000000,NULL,NULL,NULL,NULL,NULL,NULL,NULL,NULL,0.100,6.39,'EXPORT',11.000000000000000000000000000000),
(4187642,631376,253,NULL,'The Mews - Residential',NULL,'CONSUMPTION','001-002','Gas Cooktop Charge','192.5',1.00000000,NULL,NULL,NULL,NULL,NULL,NULL,NULL,NULL,0.100,1.41,NULL,7.000000000000000000000000000000),
(4206981,634122,394,NULL,'Logan Central Apartments - Common Area Solar',NULL,'CONSUMPTION','002-001','Solar Usage Charge','192.10',1.00000000,NULL,NULL,NULL,NULL,NULL,NULL,NULL,NULL,0.100,1.19,'IMPORT',2.000000000000000000000000000000),
(4206982,634122,394,NULL,'Logan Central Apartments - Common Area Solar',NULL,'CONSUMPTION','002-001','Electricity Usage Charge','192.1',1.00000000,NULL,NULL,NULL,NULL,NULL,NULL,NULL,NULL,0.100,6.10,'EXPORT',1.000000000000000000000000000000),
(4206983,634122,394,NULL,'Logan Central Apartments - Common Area Solar',NULL,'CONSUMPTION','001-002','Electricity Supply Charge','192.2',1.00000000,NULL,NULL,NULL,NULL,NULL,NULL,NULL,NULL,0.100,3.00,NULL,3.000000000000000000000000000000),
(4230876,638734,256,NULL,'Coolamon Churches of Christ - Common Area - Solar',NULL,'CONSUMPTION','002-001','Electricity Usage Charge','192.1',1.00000000,NULL,NULL,NULL,NULL,NULL,NULL,NULL,NULL,0.100,303.37,'EXPORT',1.000000000000000000000000000000),
(4230877,638734,256,NULL,'Coolamon Churches of Christ - Common Area - Solar',NULL,'CONSUMPTION','002-001','Solar Usage Charge','192.10',1.00000000,NULL,NULL,NULL,NULL,NULL,NULL,NULL,NULL,0.100,87.19,'IMPORT',2.000000000000000000000000000000),
(4230878,638734,256,NULL,'Coolamon Churches of Christ - Common Area - Solar',NULL,'CONSUMPTION','001-002','Electricity Supply Charge','192.2',1.00000000,NULL,NULL,NULL,NULL,NULL,NULL,NULL,NULL,0.100,6.10,NULL,3.000000000000000000000000000000),
(4302383,648863,253,NULL,'The Mews - Residential',NULL,'CONSUMPTION','001-002','Electricity Supply Charge','192.2',1.00000000,NULL,NULL,NULL,NULL,NULL,NULL,NULL,NULL,0.100,1.76,NULL,4.000000000000000000000000000000),
(4302384,648863,292,NULL,'The Mews - Hot Water',NULL,'CONSUMPTION','001-002','Hot Water Supply Charge','192.4',1.00000000,NULL,NULL,NULL,NULL,NULL,NULL,NULL,NULL,0.100,0.41,NULL,12.000000000000000000000000000000),
(4302385,648863,253,NULL,'The Mews - Residential',NULL,'CONSUMPTION','001-002','Gas Cooktop Charge','192.5',1.00000000,NULL,NULL,NULL,NULL,NULL,NULL,NULL,NULL,0.100,1.50,NULL,7.000000000000000000000000000000),
(4302386,648863,292,NULL,'The Mews - Hot Water',NULL,'CONSUMPTION','002-013','Hot Water (Next 43L/day)','192.3',1.00000000,NULL,NULL,NULL,NULL,NULL,NULL,NULL,NULL,0.100,2.01,'EXPORT',10.000000000000000000000000000000),
(4302387,648863,292,NULL,'The Mews - Hot Water',NULL,'CONSUMPTION','002-013','Hot Water (Balance)','192.3',1.00000000,NULL,NULL,NULL,NULL,NULL,NULL,NULL,NULL,0.100,0.77,'EXPORT',11.000000000000000000000000000000),
(4302388,648863,253,NULL,'The Mews - Residential',NULL,'CONSUMPTION','001-006','Meter Charge','743',1.00000000,NULL,NULL,NULL,NULL,NULL,NULL,NULL,NULL,0.100,0.49,NULL,6.000000000000000000000000000000),
(4302389,648863,292,NULL,'The Mews - Hot Water',NULL,'CONSUMPTION','002-013','Hot Water (First 45L/day)','192.3',1.00000000,NULL,NULL,NULL,NULL,NULL,NULL,NULL,NULL,0.100,3.35,'EXPORT',9.000000000000000000000000000000),
(4302390,648863,253,NULL,'The Mews - Residential',NULL,'CONSUMPTION','002-001','Electricity Usage Charge','192.1',1.00000000,NULL,NULL,NULL,NULL,NULL,NULL,NULL,NULL,0.100,7.00,'EXPORT',3.000000000000000000000000000000),
(4321039,652650,256,NULL,'Coolamon Churches of Christ - Common Area - Solar',NULL,'CONSUMPTION','001-002','Electricity Supply Charge','192.2',1.00000000,NULL,NULL,NULL,NULL,NULL,NULL,NULL,NULL,0.100,9.20,NULL,3.000000000000000000000000000000),
(4321040,652650,256,NULL,'Coolamon Churches of Christ - Common Area - Solar',NULL,'CONSUMPTION','002-001','Electricity Usage Charge','192.1',1.00000000,NULL,NULL,NULL,NULL,NULL,NULL,NULL,NULL,0.100,432.64,'EXPORT',1.000000000000000000000000000000),
(4321041,652650,256,NULL,'Coolamon Churches of Christ - Common Area - Solar',NULL,'CONSUMPTION','002-001','Solar Usage Charge','192.10',1.00000000,NULL,NULL,NULL,NULL,NULL,NULL,NULL,NULL,0.100,134.76,'IMPORT',2.000000000000000000000000000000),
(4321150,652521,394,NULL,'Logan Central Apartments - Common Area Solar',NULL,'CONSUMPTION','001-002','Electricity Supply Charge','192.2',1.00000000,NULL,NULL,NULL,NULL,NULL,NULL,NULL,NULL,0.100,3.10,NULL,3.000000000000000000000000000000),
(4321151,652521,394,NULL,'Logan Central Apartments - Common Area Solar',NULL,'CONSUMPTION','002-001','Electricity Usage Charge','192.1',1.00000000,NULL,NULL,NULL,NULL,NULL,NULL,NULL,NULL,0.100,6.29,'EXPORT',1.000000000000000000000000000000),
(4321152,652521,394,NULL,'Logan Central Apartments - Common Area Solar',NULL,'CONSUMPTION','002-001','Solar Usage Charge','192.10',1.00000000,NULL,NULL,NULL,NULL,NULL,NULL,NULL,NULL,0.100,1.12,'IMPORT',2.000000000000000000000000000000);

/*Data for the table `bbeng_bills_charges_fixed` */

insert  into `bbeng_bills_charges_fixed`(`id`,`amount`) values 
(3699512,3.14000000);

/*Data for the table `bbeng_bills_charges_rated` */

insert  into `bbeng_bills_charges_rated`(`id`,`rate`,`rate_uom`,`unit`,`unit_uom`,`capped_amount`) values 
(1520999,0.12809000,'day',48.00000000,'day',NULL),
(1521000,0.01460000,'L',2064.00000000,'L',NULL),
(1521001,0.01068000,'L',8906.00000000,'L',NULL),
(1521002,0.02323000,'L',2160.00000000,'L',NULL),
(1616601,0.12809000,'day',30.00000000,'day',NULL),
(1616602,0.01460000,'L',1290.00000000,'L',NULL),
(1616603,0.01068000,'L',5157.00000000,'L',NULL),
(1616604,0.02323000,'L',1350.00000000,'L',NULL),
(1829797,0.01068000,'L',6506.00000000,'L',NULL),
(1829798,0.01460000,'L',2322.00000000,'L',NULL),
(1829799,0.46930000,'day',54.00000000,'day',NULL),
(1829800,0.02323000,'L',2430.00000000,'L',NULL),
(1829801,0.12809000,'day',54.00000000,'day',NULL),
(1938177,0.55050000,'day',38.00000000,'day',NULL),
(1938178,0.02323000,'L',1665.00000000,'L',NULL),
(1938179,0.12809000,'day',37.00000000,'day',NULL),
(1938180,0.17950000,'KWH',785.00000000,'KWH',NULL),
(1938181,0.01068000,'L',2777.00000000,'L',NULL),
(1938182,0.15350000,'service point',1.00000000,'service point',NULL),
(1938183,0.46930000,'day',37.00000000,'day',NULL),
(1938184,0.01460000,'L',1591.00000000,'L',NULL),
(2044803,0.15350000,'service point',1.00000000,'service point',NULL),
(2044804,0.02323000,'L',1440.00000000,'L',NULL),
(2044805,0.46930000,'day',32.00000000,'day',NULL),
(2044806,0.01460000,'L',1376.00000000,'L',NULL),
(2044807,0.55050000,'day',32.00000000,'day',NULL),
(2044808,0.17950000,'KWH',592.00000000,'KWH',NULL),
(2044809,0.01068000,'L',2633.00000000,'L',NULL),
(2044810,0.12809000,'day',32.00000000,'day',NULL),
(2158705,0.55050000,'day',28.00000000,'day',NULL),
(2158706,0.17950000,'KWH',358.00000000,'KWH',NULL),
(2158707,0.02323000,'L',492.00000000,'L',NULL),
(2158708,0.15350000,'service point',1.00000000,'service point',NULL),
(2158709,0.46930000,'day',28.00000000,'day',NULL),
(2158710,0.01460000,'L',0.00000000,'L',NULL),
(2158711,0.12809000,'day',28.00000000,'day',NULL),
(2158712,0.01068000,'L',0.00000000,'L',NULL),
(2257772,0.15350000,'service point',1.00000000,'service point',NULL),
(2257773,0.01068000,'L',0.00000000,'L',NULL),
(2257774,0.12809000,'day',31.00000000,'day',NULL),
(2257775,0.55050000,'day',31.00000000,'day',NULL),
(2257776,0.01460000,'L',227.00000000,'L',NULL),
(2257777,0.46930000,'day',31.00000000,'day',NULL),
(2257778,0.02323000,'L',1395.00000000,'L',NULL),
(2257779,0.17950000,'KWH',226.00000000,'KWH',NULL),
(2362979,0.01460000,'L',239.00000000,'L',NULL),
(2362980,0.55050000,'day',32.00000000,'day',NULL),
(2362981,0.46930000,'day',32.00000000,'day',NULL),
(2362982,0.17950000,'KWH',208.00000000,'KWH',NULL),
(2362983,0.01068000,'L',0.00000000,'L',NULL),
(2362984,0.12809000,'day',32.00000000,'day',NULL),
(2362985,0.02323000,'L',1440.00000000,'L',NULL),
(2362986,0.15350000,'service point',1.00000000,'service point',NULL),
(2460523,0.46930000,'day',28.00000000,'day',NULL),
(2460524,0.12809000,'day',28.00000000,'day',NULL),
(2460525,0.02323000,'L',1260.00000000,'L',NULL),
(2460526,0.55050000,'day',28.00000000,'day',NULL),
(2460527,0.01460000,'L',1131.00000000,'L',NULL),
(2460528,0.15350000,'service point',1.00000000,'service point',NULL),
(2460529,0.01068000,'L',0.00000000,'L',NULL),
(2460530,0.17950000,'KWH',200.00000000,'KWH',NULL),
(2571682,0.12809000,'day',31.00000000,'day',NULL),
(2571683,0.01068000,'L',0.00000000,'L',NULL),
(2571684,0.15350000,'service point',1.00000000,'service point',NULL),
(2571685,0.17950000,'KWH',233.00000000,'KWH',NULL),
(2571686,0.02323000,'L',1395.00000000,'L',NULL),
(2571687,0.46930000,'day',31.00000000,'day',NULL),
(2571688,0.55050000,'day',31.00000000,'day',NULL),
(2571689,0.01460000,'L',934.00000000,'L',NULL),
(2673774,0.01460000,'L',1229.00000000,'L',NULL),
(2673775,0.02323000,'L',1440.00000000,'L',NULL),
(2673776,0.12809000,'day',32.00000000,'day',NULL),
(2673777,0.01068000,'L',0.00000000,'L',NULL),
(2673778,0.15350000,'service point',1.00000000,'service point',NULL),
(2673779,0.55050000,'day',32.00000000,'day',NULL),
(2673780,0.17950000,'KWH',33.12500000,'KWH',NULL),
(2673781,0.46930000,'day',32.00000000,'day',NULL),
(2673782,0.16215000,'KWH',178.87500000,'KWH',NULL),
(2775028,0.55050000,'day',30.00000000,'day',NULL),
(2775029,0.16215000,'KWH',238.00000000,'KWH',NULL),
(2775030,0.46930000,'day',30.00000000,'day',NULL),
(2775031,0.15350000,'service point',1.00000000,'service point',NULL),
(2775032,0.02323000,'L',1350.00000000,'L',NULL),
(2775033,0.12809000,'day',30.00000000,'day',NULL),
(2775034,0.01460000,'L',1290.00000000,'L',NULL),
(2775035,0.01068000,'L',1439.00000000,'L',NULL),
(2878256,0.16215000,'KWH',381.00000000,'KWH',NULL),
(2878257,0.55050000,'day',29.00000000,'day',NULL),
(2878258,0.02323000,'L',1305.00000000,'L',NULL),
(2878259,0.12809000,'day',29.00000000,'day',NULL),
(2878260,0.01068000,'L',0.00000000,'L',NULL),
(2878261,0.01460000,'L',500.00000000,'L',NULL),
(2878262,0.15350000,'service point',1.00000000,'service point',NULL),
(2878263,0.46930000,'day',29.00000000,'day',NULL),
(2985172,0.01460000,'L',663.00000000,'L',NULL),
(2985173,0.15350000,'service point',1.00000000,'service point',NULL),
(2985174,0.12809000,'day',32.00000000,'day',NULL),
(2985175,0.02323000,'L',1440.00000000,'L',NULL),
(2985176,0.55050000,'day',32.00000000,'day',NULL),
(2985177,0.01068000,'L',0.00000000,'L',NULL),
(2985178,0.46930000,'day',32.00000000,'day',NULL),
(2985179,0.16215000,'KWH',413.00000000,'KWH',NULL),
(3098873,0.01068000,'L',0.00000000,'L',NULL),
(3098874,0.01460000,'L',417.00000000,'L',NULL),
(3098875,0.16215000,'KWH',256.00000000,'KWH',NULL),
(3098876,0.55050000,'day',23.00000000,'day',NULL),
(3098877,0.46930000,'day',23.00000000,'day',NULL),
(3098878,0.12809000,'day',23.00000000,'day',NULL),
(3098879,0.15350000,'service point',1.00000000,'service point',NULL),
(3098880,0.02323000,'L',1035.00000000,'L',NULL),
(3236421,0.55050000,'day',42.00000000,'day',NULL),
(3236422,0.46930000,'day',42.00000000,'day',NULL),
(3236423,0.15350000,'service point',1.00000000,'service point',NULL),
(3236424,0.01068000,'L',0.00000000,'L',NULL),
(3236425,0.16215000,'KWH',610.00000000,'KWH',NULL),
(3236426,0.12809000,'day',42.00000000,'day',NULL),
(3236427,0.01460000,'L',0.00000000,'L',NULL),
(3236428,0.02323000,'L',1862.00000000,'L',NULL),
(3339561,0.15350000,'service point',1.00000000,'service point',NULL),
(3339562,0.12809000,'day',26.00000000,'day',NULL),
(3339563,0.01068000,'L',0.00000000,'L',NULL),
(3339564,0.46930000,'day',26.00000000,'day',NULL),
(3339565,0.55050000,'day',26.00000000,'day',NULL),
(3339566,0.02323000,'L',504.00000000,'L',NULL),
(3339567,0.16215000,'KWH',306.00000000,'KWH',NULL),
(3339568,0.01460000,'L',0.00000000,'L',NULL),
(3457682,0.15350000,'service point',1.00000000,'service point',NULL),
(3457683,0.46930000,'day',29.00000000,'day',NULL),
(3457684,0.16215000,'KWH',381.00000000,'KWH',NULL),
(3457685,0.02323000,'L',1305.00000000,'L',NULL),
(3457686,0.12809000,'day',29.00000000,'day',NULL),
(3457687,0.01068000,'L',0.00000000,'L',NULL),
(3457688,0.55050000,'day',29.00000000,'day',NULL),
(3457689,0.01460000,'L',273.00000000,'L',NULL),
(3562376,0.21400000,'KWH',17291.95000000,'KWH',NULL),
(3562377,-0.13410000,'KWH',-10477.78000000,'KWH',NULL),
(3562378,1.20400000,'day',82.00000000,'day',NULL),
(3571415,0.01068000,'L',0.00000000,'L',NULL),
(3571416,0.55050000,'day',34.00000000,'day',NULL),
(3571417,0.12809000,'day',34.00000000,'day',NULL),
(3571418,0.46930000,'day',34.00000000,'day',NULL),
(3571419,0.15350000,'service point',1.00000000,'service point',NULL),
(3571420,0.01460000,'L',0.00000000,'L',NULL),
(3571421,0.02323000,'L',874.00000000,'L',NULL),
(3571422,0.16215000,'KWH',231.00000000,'KWH',NULL),
(3585617,0.19640000,'KWH',23063.15000000,'KWH',NULL),
(3585618,-0.13410000,'KWH',-13204.78000000,'KWH',NULL),
(3585619,1.00000000,'day',108.00000000,'day',NULL),
(3598404,-0.13410000,'KWH',-61.29400000,'KWH',NULL),
(3598405,1.00000000,'day',17.00000000,'day',NULL),
(3598406,0.19640000,'KWH',214.42100000,'KWH',NULL),
(3686580,0.15350000,'service point',1.00000000,'service point',NULL),
(3686581,0.02323000,'L',1016.00000000,'L',NULL),
(3686582,0.55050000,'day',28.00000000,'day',NULL),
(3686583,0.01068000,'L',0.00000000,'L',NULL),
(3686584,0.46930000,'day',28.00000000,'day',NULL),
(3686585,0.01460000,'L',0.00000000,'L',NULL),
(3686586,0.16215000,'KWH',2.00000000,'KWH',NULL),
(3686587,0.12809000,'day',28.00000000,'day',NULL),
(3699415,1.00000000,'day',31.00000000,'day',NULL),
(3699416,0.19640000,'KWH',380.07100000,'KWH',NULL),
(3699417,-0.13410000,'KWH',-92.99800000,'KWH',NULL),
(3699509,1.00000000,'day',31.00000000,'day',NULL),
(3699510,0.19640000,'KWH',7895.38000000,'KWH',NULL),
(3699511,-0.13410000,'KWH',-3088.78000000,'KWH',NULL),
(3799663,0.02323000,'L',1350.00000000,'L',NULL),
(3799664,0.55050000,'day',30.00000000,'day',NULL),
(3799665,0.16215000,'KWH',71.00000000,'KWH',NULL),
(3799666,0.01068000,'L',0.00000000,'L',NULL),
(3799667,0.12809000,'day',30.00000000,'day',NULL),
(3799668,0.46930000,'day',30.00000000,'day',NULL),
(3799669,0.15350000,'service point',1.00000000,'service point',NULL),
(3799670,0.01460000,'L',797.00000000,'L',NULL),
(3815397,-0.13410000,'KWH',-3077.37000000,'KWH',NULL),
(3815398,0.19640000,'KWH',7766.12000000,'KWH',NULL),
(3815399,1.00000000,'day',30.00000000,'day',NULL),
(3815486,1.00000000,'day',30.00000000,'day',NULL),
(3815487,0.19640000,'KWH',361.32300000,'KWH',NULL),
(3815488,-0.13410000,'KWH',-84.22200000,'KWH',NULL),
(3926413,0.15350000,'service point',1.00000000,'service point',NULL),
(3926414,0.12809000,'day',33.00000000,'day',NULL),
(3926415,0.46930000,'day',33.00000000,'day',NULL),
(3926416,0.01068000,'L',0.00000000,'L',NULL),
(3926417,0.16215000,'KWH',180.00000000,'KWH',NULL),
(3926418,0.55050000,'day',33.00000000,'day',NULL),
(3926419,0.01460000,'L',555.00000000,'L',NULL),
(3926420,0.02323000,'L',1485.00000000,'L',NULL),
(3946403,1.00000000,'day',31.00000000,'day',NULL),
(3946404,0.19640000,'KWH',363.21100000,'KWH',NULL),
(3946405,-0.13410000,'KWH',-78.82200000,'KWH',NULL),
(3950795,-0.13410000,'KWH',-3309.10000000,'KWH',NULL),
(3950796,0.19640000,'KWH',8312.66000000,'KWH',NULL),
(3950797,1.00000000,'day',31.00000000,'day',NULL),
(4073264,0.15479000,'KWH',292.83665339,'KWH',NULL),
(4073265,0.15350000,'service point',1.00000000,'service point',NULL),
(4073266,0.01460000,'L',32164.00000000,'L',NULL),
(4073267,0.46930000,'day',579.00000000,'day',NULL),
(4073268,0.17950000,'KWH',5243.23770492,'KWH',NULL),
(4073269,0.46930000,'day',169.00000000,'day',NULL),
(4073270,0.12809000,'day',748.00000000,'day',NULL),
(4073271,0.16215000,'KWH',5819.92564170,'KWH',NULL),
(4073272,0.55050000,'day',617.00000000,'day',NULL),
(4073273,0.01068000,'L',16900.00000000,'L',NULL),
(4073274,0.02323000,'L',33660.00000000,'L',NULL),
(4080628,1.00000000,'day',31.00000000,'day',NULL),
(4080629,-0.13410000,'KWH',-78.92000000,'KWH',NULL),
(4080630,0.19640000,'KWH',326.05600000,'KWH',NULL),
(4187635,0.01460000,'L',1290.00000000,'L',NULL),
(4187636,0.55050000,'day',30.00000000,'day',NULL),
(4187637,0.15350000,'service point',1.00000000,'service point',NULL),
(4187638,0.02323000,'L',1350.00000000,'L',NULL),
(4187639,0.12809000,'day',30.00000000,'day',NULL),
(4187640,0.15479000,'KWH',517.00000000,'KWH',NULL),
(4187641,0.01068000,'L',5985.00000000,'L',NULL),
(4187642,0.46930000,'day',30.00000000,'day',NULL),
(4206981,-0.13410000,'KWH',-88.84300000,'KWH',NULL),
(4206982,0.19640000,'KWH',310.76300000,'KWH',NULL),
(4206983,1.00000000,'day',30.00000000,'day',NULL),
(4230876,0.19640000,'KWH',15446.48000000,'KWH',NULL),
(4230877,-0.13410000,'KWH',-6501.88000000,'KWH',NULL),
(4230878,1.00000000,'day',61.00000000,'day',NULL),
(4302383,0.55050000,'day',32.00000000,'day',NULL),
(4302384,0.12809000,'day',32.00000000,'day',NULL),
(4302385,0.46930000,'day',32.00000000,'day',NULL),
(4302386,0.01460000,'L',1376.00000000,'L',NULL),
(4302387,0.01068000,'L',719.00000000,'L',NULL),
(4302388,0.15350000,'service point',1.00000000,'service point',NULL),
(4302389,0.02323000,'L',1440.00000000,'L',NULL),
(4302390,0.15479000,'KWH',452.00000000,'KWH',NULL),
(4321039,1.00000000,'day',92.00000000,'day',NULL),
(4321040,0.19640000,'KWH',22028.38000000,'KWH',NULL),
(4321041,-0.13410000,'KWH',-10049.19000000,'KWH',NULL),
(4321150,1.00000000,'day',31.00000000,'day',NULL),
(4321151,0.19640000,'KWH',320.31500000,'KWH',NULL),
(4321152,-0.13410000,'KWH',-83.43900000,'KWH',NULL);

/*Data for the table `bbeng_bills_charges_rated_quantity` */

insert  into `bbeng_bills_charges_rated_quantity`(`id`,`quantity`,`quantity_uom`) values 
(1938182,38.00000000,'days'),
(2044803,32.00000000,'days'),
(2158708,28.00000000,'days'),
(2257772,31.00000000,'days'),
(2362986,32.00000000,'days'),
(2460528,28.00000000,'days'),
(2571684,31.00000000,'days'),
(2673778,32.00000000,'days'),
(2775031,30.00000000,'days'),
(2878262,29.00000000,'days'),
(2985173,32.00000000,'days'),
(3098879,23.00000000,'days'),
(3236423,42.00000000,'days'),
(3339561,26.00000000,'days'),
(3457682,29.00000000,'days'),
(3571419,34.00000000,'days'),
(3686580,28.00000000,'days'),
(3799669,30.00000000,'days'),
(3926413,33.00000000,'days'),
(4073265,617.00000000,'days'),
(4187637,30.00000000,'days'),
(4302388,32.00000000,'days');

/*Data for the table `bbeng_bills_charges_rebate_details` */

/*Data for the table `bbeng_bills_consumption_map` */

insert  into `bbeng_bills_consumption_map`(`bill_summary_id`,`consumption_id`,`consumption_ratio`) values 
(1269637,1421785,-1.00000000),
(1269637,1421786,-1.00000000),
(1269637,1421787,-1.00000000),
(1269637,1421788,-1.00000000),
(1269637,1421789,-1.00000000),
(1269637,1421790,-1.00000000),
(1269637,1421791,1.00000000),
(1269637,1421792,1.00000000),
(1269638,1421793,1.00000000),
(1269638,1421794,1.00000000),
(1269638,1421795,-1.00000000),
(1269638,1421796,-1.00000000),
(1278102,1431482,1.00000000),
(1278102,1431483,1.00000000),
(1278102,1431484,-1.00000000),
(1278102,1431485,-1.00000000),
(1278103,1431486,-1.00000000),
(1278103,1431487,-1.00000000),
(1278103,1431488,-1.00000000),
(1278103,1431489,-1.00000000),
(1278103,1431490,-1.00000000),
(1278103,1431491,-1.00000000),
(1278103,1431492,1.00000000),
(1278103,1431493,1.00000000),
(1317757,1475542,1.00000000),
(1317757,1475543,1.00000000),
(1317757,1475544,-1.00000000),
(1317757,1475545,-1.00000000),
(1317758,1475546,-1.00000000),
(1317758,1475547,-1.00000000),
(1317758,1475548,1.00000000),
(1317758,1475549,1.00000000),
(1358936,1520475,1.00000000),
(1358936,1520476,1.00000000),
(1358936,1520477,-1.00000000),
(1358936,1520478,-1.00000000),
(1358937,1520479,-1.00000000),
(1358937,1520480,-1.00000000),
(1358937,1520481,1.00000000),
(1358937,1520482,1.00000000),
(1404908,1572197,1.00000000),
(1404908,1572198,1.00000000),
(1404908,1572199,-1.00000000),
(1404908,1572200,-1.00000000),
(1404909,1572201,-1.00000000),
(1404909,1572202,-1.00000000),
(1404909,1572203,1.00000000),
(1404909,1572204,1.00000000),
(1495226,1672800,-1.00000000),
(1495226,1672801,-1.00000000),
(1495226,1672802,1.00000000),
(1495226,1672803,1.00000000),
(1495227,1672804,1.00000000),
(1495227,1672805,1.00000000),
(1495227,1672806,-1.00000000),
(1495227,1672807,-1.00000000),
(1526204,1707165,1.00000000),
(1526204,1707166,1.00000000),
(1526204,1707167,-1.00000000),
(1526204,1707168,-1.00000000),
(1526205,1707169,-1.00000000),
(1526205,1707170,-1.00000000),
(1526205,1707171,1.00000000),
(1526205,1707172,1.00000000),
(550639,629445,1.00000000),
(584507,666481,1.00000000),
(662345,751651,1.00000000),
(699583,791799,1.00000000),
(699584,791800,1.00000000),
(736291,835041,1.00000000),
(736292,835042,1.00000000),
(777888,880417,1.00000000),
(777889,880418,1.00000000),
(812756,918903,1.00000000),
(812757,918904,1.00000000),
(850516,960470,1.00000000),
(850517,960471,1.00000000),
(885519,998897,1.00000000),
(885520,998898,1.00000000),
(925180,1042127,1.00000000),
(925181,1042128,1.00000000),
(961265,1081024,1.00000000),
(961266,1081025,1.00000000),
(996665,1120164,1.00000000),
(996666,1120165,1.00000000),
(1032697,1159849,1.00000000),
(1032698,1159850,1.00000000),
(1069836,1201483,1.00000000),
(1069837,1201484,1.00000000),
(1110131,1245765,1.00000000),
(1110132,1245766,1.00000000),
(1155624,1296335,1.00000000),
(1155625,1296336,1.00000000),
(1191253,1335245,1.00000000),
(1191254,1335246,1.00000000),
(1233177,1381164,1.00000000),
(1233178,1381165,1.00000000),
(1272864,1425278,1.00000000),
(1272865,1425279,1.00000000),
(1312963,1469632,1.00000000),
(1312964,1469633,1.00000000),
(1352811,1513193,1.00000000),
(1352812,1513194,1.00000000),
(1396630,1561763,1.00000000),
(1396631,1561764,1.00000000),
(1441122,1612342,1.00000000),
(1441122,1612343,1.00000000),
(1441123,1612344,1.00000000),
(1479895,1655178,1.00000000),
(1479896,1655179,1.00000000),
(1519563,1699261,1.00000000),
(1519564,1699262,1.00000000),
(1282866,1436624,-1.00000000),
(1282866,1436625,1.00000000),
(1282866,1436626,1.00000000),
(1317734,1475473,-1.00000000),
(1317734,1475474,1.00000000),
(1317734,1475475,1.00000000),
(1358963,1520548,-1.00000000),
(1358963,1520549,1.00000000),
(1358963,1520550,1.00000000),
(1403089,1569474,-1.00000000),
(1403089,1569475,1.00000000),
(1403089,1569476,1.00000000),
(1443515,1615629,-1.00000000),
(1443515,1615630,1.00000000),
(1443515,1615631,1.00000000),
(1486634,1663365,-1.00000000),
(1486634,1663366,1.00000000),
(1486634,1663367,1.00000000),
(1526238,1707271,-1.00000000),
(1526238,1707272,1.00000000),
(1526238,1707273,1.00000000);

/*Data for the table `bbeng_bills_consumptions` */

insert  into `bbeng_bills_consumptions`(`id`,`type`,`start_date`,`end_date`,`reading_quality`,`crnt_reading_value`,`prv_reading_value`,`unit_of_measure`,`meter_id`,`multiplier`,`consumption_type`,`readings_type`,`metering_stream`,`crnt_reading_date`,`prv_reading_date`) values 
(629445,'utility','2018-08-24','2018-09-23','A',13130.000,0.000,'L',21681,1.00000000,'DYNAMIC','INDEXED','EXPORT','2018-09-26','2018-08-09'),
(666481,'utility','2018-09-24','2018-10-23','A',20927.000,13130.000,'L',21681,1.00000000,'DYNAMIC','INDEXED','EXPORT','2018-10-26','2018-09-26'),
(751651,'utility','2018-11-24','2018-12-23','A',32185.000,20927.000,'L',21681,1.00000000,'DYNAMIC','INDEXED','EXPORT','2018-12-19','2018-10-26'),
(791799,'utility','2018-12-24','2019-01-23','A',70032.000,69247.000,'KWH',21535,1.00000000,'DYNAMIC','INDEXED','EXPORT','2019-01-25','2018-12-18'),
(791800,'utility','2018-12-24','2019-01-23','A',38218.000,32185.000,'L',21681,1.00000000,'DYNAMIC','INDEXED','EXPORT','2019-01-25','2018-12-19'),
(835041,'utility','2019-01-24','2019-02-23','A',43667.000,38218.000,'L',21681,1.00000000,'DYNAMIC','INDEXED','EXPORT','2019-02-26','2019-01-25'),
(835042,'utility','2019-01-24','2019-02-23','A',70624.000,70032.000,'KWH',21535,1.00000000,'DYNAMIC','INDEXED','EXPORT','2019-02-26','2019-01-25'),
(880417,'utility','2019-02-24','2019-03-23','A',44159.000,43667.000,'L',21681,1.00000000,'DYNAMIC','INDEXED','EXPORT','2019-03-26','2019-02-26'),
(880418,'utility','2019-02-24','2019-03-23','A',70982.000,70624.000,'KWH',21535,1.00000000,'DYNAMIC','INDEXED','EXPORT','2019-03-26','2019-02-26'),
(918903,'utility','2019-03-24','2019-04-23','A',45781.000,44159.000,'L',21681,1.00000000,'DYNAMIC','INDEXED','EXPORT','2019-04-26','2019-03-26'),
(918904,'utility','2019-03-24','2019-04-23','A',71208.000,70982.000,'KWH',21535,1.00000000,'DYNAMIC','INDEXED','EXPORT','2019-04-26','2019-03-26'),
(960470,'utility','2019-04-24','2019-05-23','A',47460.000,45781.000,'L',21681,1.00000000,'DYNAMIC','INDEXED','EXPORT','2019-05-28','2019-04-26'),
(960471,'utility','2019-04-24','2019-05-23','A',71416.000,71208.000,'KWH',21535,1.00000000,'DYNAMIC','INDEXED','EXPORT','2019-05-28','2019-04-26'),
(998897,'utility','2019-05-24','2019-06-23','A',71616.000,71416.000,'KWH',21535,1.00000000,'DYNAMIC','INDEXED','EXPORT','2019-06-25','2019-05-28'),
(998898,'utility','2019-05-24','2019-06-23','A',49851.000,47460.000,'L',21681,1.00000000,'DYNAMIC','INDEXED','EXPORT','2019-06-25','2019-05-28'),
(1042127,'utility','2019-06-24','2019-07-23','A',71849.000,71616.000,'KWH',21535,1.00000000,'DYNAMIC','INDEXED','EXPORT','2019-07-26','2019-06-25'),
(1042128,'utility','2019-06-24','2019-07-23','A',52180.000,49851.000,'L',21681,1.00000000,'DYNAMIC','INDEXED','EXPORT','2019-07-26','2019-06-25'),
(1081024,'utility','2019-07-24','2019-08-23','A',72061.000,71849.000,'KWH',21535,1.00000000,'DYNAMIC','INDEXED','EXPORT','2019-08-27','2019-07-26'),
(1081025,'utility','2019-07-24','2019-08-23','A',54849.000,52180.000,'L',21681,1.00000000,'DYNAMIC','INDEXED','EXPORT','2019-08-27','2019-07-26'),
(1120164,'utility','2019-08-24','2019-09-23','A',72299.000,72061.000,'KWH',21535,1.00000000,'DYNAMIC','INDEXED','EXPORT','2019-09-26','2019-08-27'),
(1120165,'utility','2019-08-24','2019-09-23','A',58928.000,54849.000,'L',21681,1.00000000,'DYNAMIC','INDEXED','EXPORT','2019-09-26','2019-08-27'),
(1159849,'utility','2019-09-24','2019-10-23','A',72680.000,72299.000,'KWH',21535,1.00000000,'DYNAMIC','INDEXED','EXPORT','2019-10-25','2019-09-26'),
(1159850,'utility','2019-09-24','2019-10-23','A',60733.000,58928.000,'L',21681,1.00000000,'DYNAMIC','INDEXED','EXPORT','2019-10-25','2019-09-26'),
(1201483,'utility','2019-10-24','2019-11-23','A',62836.000,60733.000,'L',21681,1.00000000,'DYNAMIC','INDEXED','EXPORT','2019-11-26','2019-10-25'),
(1201484,'utility','2019-10-24','2019-11-23','A',73093.000,72680.000,'KWH',21535,1.00000000,'DYNAMIC','INDEXED','EXPORT','2019-11-26','2019-10-25'),
(1245765,'utility','2019-11-24','2019-12-23','A',73349.000,73093.000,'KWH',21535,1.00000000,'DYNAMIC','INDEXED','EXPORT','2019-12-19','2019-11-26'),
(1245766,'utility','2019-11-24','2019-12-23','A',64288.000,62836.000,'L',21681,1.00000000,'DYNAMIC','INDEXED','EXPORT','2019-12-19','2019-11-26'),
(1296335,'utility','2019-12-24','2020-01-23','A',73959.000,73349.000,'KWH',21535,1.00000000,'DYNAMIC','INDEXED','EXPORT','2020-01-30','2019-12-19'),
(1296336,'utility','2019-12-24','2020-01-23','A',66150.000,64288.000,'L',21681,1.00000000,'DYNAMIC','INDEXED','EXPORT','2020-01-30','2019-12-19'),
(1335245,'utility','2020-01-24','2020-02-23','A',66654.000,66150.000,'L',21681,1.00000000,'DYNAMIC','INDEXED','EXPORT','2020-02-25','2020-01-30'),
(1335246,'utility','2020-01-24','2020-02-23','A',74265.000,73959.000,'KWH',21535,1.00000000,'DYNAMIC','INDEXED','EXPORT','2020-02-25','2020-01-30'),
(1381164,'utility','2020-02-24','2020-03-23','A',74646.000,74265.000,'KWH',21535,1.00000000,'DYNAMIC','INDEXED','EXPORT','2020-03-25','2020-02-25'),
(1381165,'utility','2020-02-24','2020-03-23','A',68232.000,66654.000,'L',21681,1.00000000,'DYNAMIC','INDEXED','EXPORT','2020-03-25','2020-02-25'),
(1421785,'utility','2020-03-07','2020-04-06','A',7043.000,5100.000,'KWH',30292,1.00000000,'DYNAMIC','INDEXED','IMPORT','2020-01-30','2020-01-13'),
(1421786,'utility','2020-03-07','2020-04-06','A',6345.000,4594.000,'KWH',30291,1.00000000,'DYNAMIC','INDEXED','IMPORT','2020-01-30','2020-01-13'),
(1421787,'utility','2020-03-07','2020-04-06','A',6098.000,4415.000,'KWH',30290,1.00000000,'DYNAMIC','INDEXED','IMPORT','2020-01-30','2020-01-13'),
(1421788,'utility','2020-03-07','2020-04-06','A',6737.600,4878.000,'KWH',30293,1.00000000,'DYNAMIC','INDEXED','IMPORT','2020-01-30','2020-01-13'),
(1421789,'utility','2020-03-07','2020-04-06','A',5305.590,0.000,'KWH',31795,1.00000000,'DYNAMIC','INTERVAL','IMPORT','2020-04-04','2020-01-30'),
(1421790,'utility','2020-03-07','2020-04-06','A',5322.000,0.000,'KWH',31794,1.00000000,'DYNAMIC','INTERVAL','IMPORT','2020-04-04','2020-01-30'),
(1421791,'utility','2020-03-07','2020-04-06','A',5932.320,0.000,'KWH',30289,1.00000000,'DYNAMIC','INTERVAL','EXPORT','2020-04-04','2020-01-13'),
(1421792,'utility','2020-03-07','2020-04-06','A',11039.930,0.000,'KWH',30289,1.00000000,'DYNAMIC','INTERVAL','IMPORT','2020-04-04','2020-01-13'),
(1421793,'utility','2020-03-07','2020-04-06','A',11359.630,0.000,'KWH',31799,1.00000000,'DYNAMIC','INTERVAL','EXPORT','2020-04-04','2020-01-13'),
(1421794,'utility','2020-03-07','2020-04-06','A',6022.230,0.000,'KWH',31799,1.00000000,'DYNAMIC','INTERVAL','IMPORT','2020-04-04','2020-01-13'),
(1421795,'utility','2020-03-07','2020-04-06','A',5389.150,0.000,'KWH',31798,1.00000000,'DYNAMIC','INTERVAL','IMPORT','2020-04-04','2020-01-30'),
(1421796,'utility','2020-03-07','2020-04-06','A',4286.600,0.000,'KWH',31800,1.00000000,'DYNAMIC','INTERVAL','IMPORT','2020-04-04','2020-01-30'),
(1425278,'utility','2020-03-24','2020-04-23','A',69106.000,68232.000,'L',21681,1.00000000,'DYNAMIC','INDEXED','EXPORT','2020-04-28','2020-03-25'),
(1425279,'utility','2020-03-24','2020-04-23','A',74877.000,74646.000,'KWH',21535,1.00000000,'DYNAMIC','INDEXED','EXPORT','2020-04-28','2020-03-25'),
(1431482,'utility','2020-04-07','2020-05-06','A',15025.120,0.000,'KWH',31799,1.00000000,'DYNAMIC','INTERVAL','EXPORT','2020-04-30','2020-01-13'),
(1431483,'utility','2020-04-07','2020-05-06','A',7701.770,0.000,'KWH',31799,1.00000000,'DYNAMIC','INTERVAL','IMPORT','2020-04-30','2020-01-13'),
(1431484,'utility','2020-04-07','2020-05-06','A',7322.820,0.000,'KWH',31798,1.00000000,'DYNAMIC','INTERVAL','IMPORT','2020-04-30','2020-01-30'),
(1431485,'utility','2020-04-07','2020-05-06','A',5756.340,0.000,'KWH',31800,1.00000000,'DYNAMIC','INTERVAL','IMPORT','2020-04-30','2020-01-30'),
(1431486,'utility','2020-04-07','2020-05-06','A',7043.000,5100.000,'KWH',30292,1.00000000,'DYNAMIC','INDEXED','IMPORT','2020-01-30','2020-01-13'),
(1431487,'utility','2020-04-07','2020-05-06','A',6345.000,4594.000,'KWH',30291,1.00000000,'DYNAMIC','INDEXED','IMPORT','2020-01-30','2020-01-13'),
(1431488,'utility','2020-04-07','2020-05-06','A',6098.000,4415.000,'KWH',30290,1.00000000,'DYNAMIC','INDEXED','IMPORT','2020-01-30','2020-01-13'),
(1431489,'utility','2020-04-07','2020-05-06','A',6737.600,4878.000,'KWH',30293,1.00000000,'DYNAMIC','INDEXED','IMPORT','2020-01-30','2020-01-13'),
(1431490,'utility','2020-04-07','2020-05-06','A',7138.580,0.000,'KWH',31795,1.00000000,'DYNAMIC','INTERVAL','IMPORT','2020-04-30','2020-01-30'),
(1431491,'utility','2020-04-07','2020-05-06','A',7284.430,0.000,'KWH',31794,1.00000000,'DYNAMIC','INTERVAL','IMPORT','2020-04-30','2020-01-30'),
(1431492,'utility','2020-04-07','2020-05-06','A',8038.030,0.000,'KWH',30289,1.00000000,'DYNAMIC','INTERVAL','EXPORT','2020-04-30','2020-01-13'),
(1431493,'utility','2020-04-07','2020-05-06','A',13832.220,0.000,'KWH',30289,1.00000000,'DYNAMIC','INTERVAL','IMPORT','2020-04-30','2020-01-13'),
(1436624,'utility','2020-04-01','2020-04-30','A',170.355,0.000,'KWH',33461,1.00000000,'DYNAMIC','INTERVAL','IMPORT','2020-04-30','2020-04-13'),
(1436625,'utility','2020-04-01','2020-04-30','A',214.421,0.000,'KWH',33459,1.00000000,'DYNAMIC','INTERVAL','EXPORT','2020-04-30','2020-04-13'),
(1436626,'utility','2020-04-01','2020-04-30','A',170.355,0.000,'KWH',33459,1.00000000,'DYNAMIC','INTERVAL','IMPORT','2020-04-30','2020-04-13'),
(1469632,'utility','2020-04-24','2020-05-23','A',74879.000,74877.000,'KWH',21535,1.00000000,'DYNAMIC','INDEXED','EXPORT','2020-05-26','2020-04-28'),
(1469633,'utility','2020-04-24','2020-05-23','A',70122.000,69106.000,'L',21681,1.00000000,'DYNAMIC','INDEXED','EXPORT','2020-05-26','2020-04-28'),
(1475473,'utility','2020-05-01','2020-05-31','A',280.534,0.000,'KWH',33461,1.00000000,'DYNAMIC','INTERVAL','IMPORT','2020-05-31','2020-04-30'),
(1475474,'utility','2020-05-01','2020-05-31','A',380.071,0.000,'KWH',33459,1.00000000,'DYNAMIC','INTERVAL','EXPORT','2020-05-31','2020-04-30'),
(1475475,'utility','2020-05-01','2020-05-31','A',280.534,0.000,'KWH',33459,1.00000000,'DYNAMIC','INTERVAL','IMPORT','2020-05-31','2020-04-30'),
(1475542,'utility','2020-05-07','2020-06-06','A',4905.300,0.000,'KWH',31799,1.00000000,'DYNAMIC','INTERVAL','EXPORT','2020-05-31','2020-04-30'),
(1475543,'utility','2020-05-07','2020-06-06','A',1423.970,0.000,'KWH',31799,1.00000000,'DYNAMIC','INTERVAL','IMPORT','2020-05-31','2020-04-30'),
(1475544,'utility','2020-05-07','2020-06-06','A',1892.280,0.000,'KWH',31798,1.00000000,'DYNAMIC','INTERVAL','IMPORT','2020-05-31','2020-04-30'),
(1475545,'utility','2020-05-07','2020-06-06','A',1410.760,0.000,'KWH',31800,1.00000000,'DYNAMIC','INTERVAL','IMPORT','2020-05-31','2020-04-30'),
(1475546,'utility','2020-05-07','2020-06-06','A',1758.130,0.000,'KWH',31795,1.00000000,'DYNAMIC','INTERVAL','IMPORT','2020-05-31','2020-04-30'),
(1475547,'utility','2020-05-07','2020-06-06','A',1955.380,0.000,'KWH',31794,1.00000000,'DYNAMIC','INTERVAL','IMPORT','2020-05-31','2020-04-30'),
(1475548,'utility','2020-05-07','2020-06-06','A',2990.080,0.000,'KWH',30289,1.00000000,'DYNAMIC','INTERVAL','EXPORT','2020-05-31','2020-04-30'),
(1475549,'utility','2020-05-07','2020-06-06','A',2503.800,0.000,'KWH',30289,1.00000000,'DYNAMIC','INTERVAL','IMPORT','2020-05-31','2020-04-30'),
(1513193,'utility','2020-05-24','2020-06-23','A',74950.000,74879.000,'KWH',21535,1.00000000,'DYNAMIC','INDEXED','EXPORT','2020-06-25','2020-05-26'),
(1513194,'utility','2020-05-24','2020-06-23','A',72269.000,70122.000,'L',21681,1.00000000,'DYNAMIC','INDEXED','EXPORT','2020-06-25','2020-05-26'),
(1520475,'utility','2020-06-07','2020-07-06','A',4779.390,0.000,'KWH',31799,1.00000000,'DYNAMIC','INTERVAL','EXPORT','2020-06-30','2020-05-31'),
(1520476,'utility','2020-06-07','2020-07-06','A',1002.640,0.000,'KWH',31799,1.00000000,'DYNAMIC','INTERVAL','IMPORT','2020-06-30','2020-05-31'),
(1520477,'utility','2020-06-07','2020-07-06','A',1656.530,0.000,'KWH',31798,1.00000000,'DYNAMIC','INTERVAL','IMPORT','2020-06-30','2020-05-31'),
(1520478,'utility','2020-06-07','2020-07-06','A',1217.000,0.000,'KWH',31800,1.00000000,'DYNAMIC','INTERVAL','IMPORT','2020-06-30','2020-05-31'),
(1520479,'utility','2020-06-07','2020-07-06','A',1513.380,0.000,'KWH',31795,1.00000000,'DYNAMIC','INTERVAL','IMPORT','2020-06-30','2020-05-31'),
(1520480,'utility','2020-06-07','2020-07-06','A',1749.010,0.000,'KWH',31794,1.00000000,'DYNAMIC','INTERVAL','IMPORT','2020-06-30','2020-05-31'),
(1520481,'utility','2020-06-07','2020-07-06','A',2986.730,0.000,'KWH',30289,1.00000000,'DYNAMIC','INTERVAL','EXPORT','2020-06-30','2020-05-31'),
(1520482,'utility','2020-06-07','2020-07-06','A',2055.910,0.000,'KWH',30289,1.00000000,'DYNAMIC','INTERVAL','IMPORT','2020-06-30','2020-05-31'),
(1520548,'utility','2020-06-01','2020-06-30','A',0.000,0.000,'KWH',33461,1.00000000,'DYNAMIC','INTERVAL','IMPORT','2020-06-30','2020-05-31'),
(1520549,'utility','2020-06-01','2020-06-30','A',361.323,0.000,'KWH',33459,1.00000000,'DYNAMIC','INTERVAL','EXPORT','2020-06-30','2020-05-31'),
(1520550,'utility','2020-06-01','2020-06-30','A',0.000,0.000,'KWH',33459,1.00000000,'DYNAMIC','INTERVAL','IMPORT','2020-06-30','2020-05-31'),
(1561763,'utility','2020-06-24','2020-07-23','A',74309.000,72269.000,'L',21681,1.00000000,'DYNAMIC','INDEXED','EXPORT','2020-07-28','2020-06-25'),
(1561764,'utility','2020-06-24','2020-07-23','A',75130.000,74950.000,'KWH',21535,1.00000000,'DYNAMIC','INDEXED','EXPORT','2020-07-28','2020-06-25'),
(1569474,'utility','2020-07-01','2020-07-31','A',276.807,0.000,'KWH',33461,1.00000000,'DYNAMIC','INTERVAL','IMPORT','2020-07-31','2020-06-30'),
(1569475,'utility','2020-07-01','2020-07-31','A',363.211,0.000,'KWH',33459,1.00000000,'DYNAMIC','INTERVAL','EXPORT','2020-07-31','2020-06-30'),
(1569476,'utility','2020-07-01','2020-07-31','A',197.985,0.000,'KWH',33459,1.00000000,'DYNAMIC','INTERVAL','IMPORT','2020-07-31','2020-06-30'),
(1572197,'utility','2020-07-07','2020-08-06','A',5096.990,0.000,'KWH',31799,1.00000000,'DYNAMIC','INTERVAL','EXPORT','2020-07-31','2020-06-30'),
(1572198,'utility','2020-07-07','2020-08-06','A',1105.170,0.000,'KWH',31799,1.00000000,'DYNAMIC','INTERVAL','IMPORT','2020-07-31','2020-06-30'),
(1572199,'utility','2020-07-07','2020-08-06','A',1766.050,0.000,'KWH',31798,1.00000000,'DYNAMIC','INTERVAL','IMPORT','2020-07-31','2020-06-30'),
(1572200,'utility','2020-07-07','2020-08-06','A',1305.890,0.000,'KWH',31800,1.00000000,'DYNAMIC','INTERVAL','IMPORT','2020-07-31','2020-06-30'),
(1572201,'utility','2020-07-07','2020-08-06','A',1623.320,0.000,'KWH',31795,1.00000000,'DYNAMIC','INTERVAL','IMPORT','2020-07-31','2020-06-30'),
(1572202,'utility','2020-07-07','2020-08-06','A',1842.680,0.000,'KWH',31794,1.00000000,'DYNAMIC','INTERVAL','IMPORT','2020-07-31','2020-06-30'),
(1572203,'utility','2020-07-07','2020-08-06','A',3215.670,0.000,'KWH',30289,1.00000000,'DYNAMIC','INTERVAL','EXPORT','2020-07-31','2020-06-30'),
(1572204,'utility','2020-07-07','2020-08-06','A',2123.670,0.000,'KWH',30289,1.00000000,'DYNAMIC','INTERVAL','IMPORT','2020-07-31','2020-06-30'),
(1612342,'utility','2020-07-24','2020-08-23','A',3086.000,259.000,'KWH',36144,1.00000000,'DYNAMIC','INDEXED','EXPORT','2020-08-26','2019-12-19'),
(1612343,'utility','2020-07-24','2020-08-23','A',100259.000,91730.000,'KWH',36145,1.00000000,'DYNAMIC','INDEXED','EXPORT','2019-12-19','2018-12-18'),
(1612344,'utility','2020-07-24','2020-08-23','A',82724.000,0.000,'L',21681,1.00000000,'DYNAMIC','INDEXED','EXPORT','2020-08-26','2018-08-09'),
(1615629,'utility','2020-08-01','2020-08-31','A',332.485,0.000,'KWH',33461,1.00000000,'DYNAMIC','INTERVAL','IMPORT','2020-08-31','2020-07-31'),
(1615630,'utility','2020-08-01','2020-08-31','A',326.056,0.000,'KWH',33459,1.00000000,'DYNAMIC','INTERVAL','EXPORT','2020-08-31','2020-07-31'),
(1615631,'utility','2020-08-01','2020-08-31','A',253.565,0.000,'KWH',33459,1.00000000,'DYNAMIC','INTERVAL','IMPORT','2020-08-31','2020-07-31'),
(1655178,'utility','2020-08-24','2020-09-23','A',91349.000,82724.000,'L',21681,1.00000000,'DYNAMIC','INDEXED','EXPORT','2020-09-25','2020-08-26'),
(1655179,'utility','2020-08-24','2020-09-23','A',3603.000,3086.000,'KWH',36144,1.00000000,'DYNAMIC','INDEXED','EXPORT','2020-09-25','2020-08-26'),
(1663365,'utility','2020-09-01','2020-09-30','A',347.982,0.000,'KWH',33461,1.00000000,'DYNAMIC','INTERVAL','IMPORT','2020-09-30','2020-08-31'),
(1663366,'utility','2020-09-01','2020-09-30','A',310.763,0.000,'KWH',33459,1.00000000,'DYNAMIC','INTERVAL','EXPORT','2020-09-30','2020-08-31'),
(1663367,'utility','2020-09-01','2020-09-30','A',259.139,0.000,'KWH',33459,1.00000000,'DYNAMIC','INTERVAL','IMPORT','2020-09-30','2020-08-31'),
(1672800,'utility','2020-09-07','2020-10-06','A',4133.740,0.000,'KWH',31795,1.00000000,'DYNAMIC','INTERVAL','IMPORT','2020-09-30','2020-07-31'),
(1672801,'utility','2020-09-07','2020-10-06','A',4421.010,0.000,'KWH',31794,1.00000000,'DYNAMIC','INTERVAL','IMPORT','2020-09-30','2020-07-31'),
(1672802,'utility','2020-09-07','2020-10-06','A',5968.150,0.000,'KWH',30289,1.00000000,'DYNAMIC','INTERVAL','EXPORT','2020-09-30','2020-07-31'),
(1672803,'utility','2020-09-07','2020-10-06','A',6120.180,0.000,'KWH',30289,1.00000000,'DYNAMIC','INTERVAL','IMPORT','2020-09-30','2020-07-31'),
(1672804,'utility','2020-09-07','2020-10-06','A',9478.330,0.000,'KWH',31799,1.00000000,'DYNAMIC','INTERVAL','EXPORT','2020-09-30','2020-07-31'),
(1672805,'utility','2020-09-07','2020-10-06','A',3456.630,0.000,'KWH',31799,1.00000000,'DYNAMIC','INTERVAL','IMPORT','2020-09-30','2020-07-31'),
(1672806,'utility','2020-09-07','2020-10-06','A',4389.620,0.000,'KWH',31798,1.00000000,'DYNAMIC','INTERVAL','IMPORT','2020-09-30','2020-07-31'),
(1672807,'utility','2020-09-07','2020-10-06','A',3134.320,0.000,'KWH',31800,1.00000000,'DYNAMIC','INTERVAL','IMPORT','2020-09-30','2020-07-31'),
(1699261,'utility','2020-09-24','2020-10-23','A',4055.000,3603.000,'KWH',36144,1.00000000,'DYNAMIC','INDEXED','EXPORT','2020-10-27','2020-09-25'),
(1699262,'utility','2020-09-24','2020-10-23','A',94884.000,91349.000,'L',21681,1.00000000,'DYNAMIC','INDEXED','EXPORT','2020-10-27','2020-09-25'),
(1707165,'utility','2020-09-07','2020-10-06','A',13678.080,0.000,'KWH',31799,1.00000000,'DYNAMIC','INTERVAL','EXPORT','2020-10-31','2020-07-31'),
(1707166,'utility','2020-09-07','2020-10-06','A',6065.520,0.000,'KWH',31799,1.00000000,'DYNAMIC','INTERVAL','IMPORT','2020-10-31','2020-07-31'),
(1707167,'utility','2020-09-07','2020-10-06','A',7418.350,0.000,'KWH',31798,1.00000000,'DYNAMIC','INTERVAL','IMPORT','2020-10-31','2020-07-31'),
(1707168,'utility','2020-09-07','2020-10-06','A',4938.290,0.000,'KWH',31800,1.00000000,'DYNAMIC','INTERVAL','IMPORT','2020-10-31','2020-07-31'),
(1707169,'utility','2020-09-07','2020-10-06','A',7130.010,0.000,'KWH',31795,1.00000000,'DYNAMIC','INTERVAL','IMPORT','2020-10-31','2020-07-31'),
(1707170,'utility','2020-09-07','2020-10-06','A',7385.530,0.000,'KWH',31794,1.00000000,'DYNAMIC','INTERVAL','IMPORT','2020-10-31','2020-07-31'),
(1707171,'utility','2020-09-07','2020-10-06','A',8350.300,0.000,'KWH',30289,1.00000000,'DYNAMIC','INTERVAL','EXPORT','2020-10-31','2020-07-31'),
(1707172,'utility','2020-09-07','2020-10-06','A',10757.470,0.000,'KWH',30289,1.00000000,'DYNAMIC','INTERVAL','IMPORT','2020-10-31','2020-07-31'),
(1707271,'utility','2020-10-01','2020-10-31','A',320.549,0.000,'KWH',33461,1.00000000,'DYNAMIC','INTERVAL','IMPORT','2020-10-31','2020-09-30'),
(1707272,'utility','2020-10-01','2020-10-31','A',320.315,0.000,'KWH',33459,1.00000000,'DYNAMIC','INTERVAL','EXPORT','2020-10-31','2020-09-30'),
(1707273,'utility','2020-10-01','2020-10-31','A',237.110,0.000,'KWH',33459,1.00000000,'DYNAMIC','INTERVAL','IMPORT','2020-10-31','2020-09-30');

/*Data for the table `bbeng_bills_consumptions_tariffs` */

insert  into `bbeng_bills_consumptions_tariffs`(`id`,`type`,`consumption_id`,`value`,`unit_of_measure`) values 
(755653,'flat',629445,13130.000,'L'),
(801162,'flat',666481,7797.000,'L'),
(913481,'flat',751651,11258.000,'L'),
(961948,'flat',791799,785.000,'KWH'),
(961949,'flat',791800,6033.000,'L'),
(1029626,'flat',835041,5449.000,'L'),
(1029627,'flat',835042,592.000,'KWH'),
(1090548,'flat',880417,492.000,'L'),
(1090549,'flat',880418,358.000,'KWH'),
(1138911,'flat',918903,1622.000,'L'),
(1138912,'flat',918904,226.000,'KWH'),
(1190054,'flat',960470,1679.000,'L'),
(1190055,'flat',960471,208.000,'KWH'),
(1238851,'flat',998897,200.000,'KWH'),
(1238852,'flat',998898,2391.000,'L'),
(1292843,'flat',1042127,233.000,'KWH'),
(1292844,'flat',1042128,2329.000,'L'),
(1338611,'flat',1081024,212.000,'KWH'),
(1338612,'flat',1081025,2669.000,'L'),
(1390287,'flat',1120164,238.000,'KWH'),
(1390288,'flat',1120165,4079.000,'L'),
(1440543,'flat',1159849,381.000,'KWH'),
(1440544,'flat',1159850,1805.000,'L'),
(1494263,'flat',1201483,2103.000,'L'),
(1494264,'flat',1201484,413.000,'KWH'),
(1548596,'flat',1245765,256.000,'KWH'),
(1548597,'flat',1245766,1452.000,'L'),
(1615734,'flat',1296335,610.000,'KWH'),
(1615735,'flat',1296336,1862.000,'L'),
(1665354,'flat',1335245,504.000,'L'),
(1665355,'flat',1335246,306.000,'KWH'),
(1724621,'flat',1381164,381.000,'KWH'),
(1724622,'flat',1381165,1578.000,'L'),
(1776882,'flat',1421785,1943.000,'KWH'),
(1776883,'flat',1421786,1751.000,'KWH'),
(1776884,'flat',1421787,1683.000,'KWH'),
(1776885,'flat',1421788,1859.600,'KWH'),
(1776886,'peak',1421789,3562.180,'KWH'),
(1776887,'off_peak',1421789,1743.410,'KWH'),
(1776888,'peak',1421790,3562.700,'KWH'),
(1776889,'off_peak',1421790,1759.300,'KWH'),
(1776890,'peak',1421791,2000.650,'KWH'),
(1776891,'off_peak',1421791,3931.670,'KWH'),
(1776892,'peak',1421792,7388.170,'KWH'),
(1776893,'off_peak',1421792,3651.760,'KWH'),
(1776894,'peak',1421793,4082.720,'KWH'),
(1776895,'off_peak',1421793,7276.910,'KWH'),
(1776896,'peak',1421794,3782.470,'KWH'),
(1776897,'off_peak',1421794,2239.760,'KWH'),
(1776898,'peak',1421795,3631.950,'KWH'),
(1776899,'off_peak',1421795,1757.200,'KWH'),
(1776900,'peak',1421796,2872.200,'KWH'),
(1776901,'off_peak',1421796,1414.400,'KWH'),
(1780423,'flat',1425278,874.000,'L'),
(1780424,'flat',1425279,231.000,'KWH'),
(1788634,'peak',1431482,5253.180,'KWH'),
(1788635,'off_peak',1431482,9771.940,'KWH'),
(1788636,'peak',1431483,4910.370,'KWH'),
(1788637,'off_peak',1431483,2791.400,'KWH'),
(1788638,'peak',1431484,4919.400,'KWH'),
(1788639,'off_peak',1431484,2403.420,'KWH'),
(1788640,'peak',1431485,3846.730,'KWH'),
(1788641,'off_peak',1431485,1909.610,'KWH'),
(1788642,'flat',1431486,1943.000,'KWH'),
(1788643,'flat',1431487,1751.000,'KWH'),
(1788644,'flat',1431488,1683.000,'KWH'),
(1788645,'flat',1431489,1859.600,'KWH'),
(1788646,'peak',1431490,4777.340,'KWH'),
(1788647,'off_peak',1431490,2361.240,'KWH'),
(1788648,'peak',1431491,4863.460,'KWH'),
(1788649,'off_peak',1431491,2420.970,'KWH'),
(1788650,'peak',1431492,2662.070,'KWH'),
(1788651,'off_peak',1431492,5375.960,'KWH'),
(1788652,'peak',1431493,9247.500,'KWH'),
(1788653,'off_peak',1431493,4584.720,'KWH'),
(1794595,'peak',1436624,134.328,'KWH'),
(1794596,'off_peak',1436624,36.027,'KWH'),
(1794597,'peak',1436625,91.849,'KWH'),
(1794598,'off_peak',1436625,122.572,'KWH'),
(1794599,'peak',1436626,86.636,'KWH'),
(1794600,'off_peak',1436626,22.425,'KWH'),
(1834377,'flat',1469632,2.000,'KWH'),
(1834378,'flat',1469633,1016.000,'L'),
(1842118,'peak',1475473,175.078,'KWH'),
(1842119,'off_peak',1475473,105.456,'KWH'),
(1842120,'peak',1475474,133.361,'KWH'),
(1842121,'off_peak',1475474,246.710,'KWH'),
(1842122,'peak',1475475,121.364,'KWH'),
(1842123,'off_peak',1475475,66.172,'KWH'),
(1842256,'peak',1475542,1616.570,'KWH'),
(1842257,'off_peak',1475542,3288.730,'KWH'),
(1842258,'peak',1475543,912.070,'KWH'),
(1842259,'off_peak',1475543,511.900,'KWH'),
(1842260,'peak',1475544,1217.400,'KWH'),
(1842261,'off_peak',1475544,674.880,'KWH'),
(1842262,'peak',1475545,907.170,'KWH'),
(1842263,'off_peak',1475545,503.590,'KWH'),
(1842264,'peak',1475546,1130.350,'KWH'),
(1842265,'off_peak',1475546,627.780,'KWH'),
(1842266,'peak',1475547,1257.190,'KWH'),
(1842267,'off_peak',1475547,698.190,'KWH'),
(1842268,'peak',1475548,954.520,'KWH'),
(1842269,'off_peak',1475548,2035.560,'KWH'),
(1842270,'peak',1475549,1635.430,'KWH'),
(1842271,'off_peak',1475549,868.370,'KWH'),
(1889355,'flat',1513193,71.000,'KWH'),
(1889356,'flat',1513194,2147.000,'L'),
(1899533,'peak',1520475,1793.170,'KWH'),
(1899534,'off_peak',1520475,2986.220,'KWH'),
(1899535,'peak',1520476,777.440,'KWH'),
(1899536,'off_peak',1520476,225.200,'KWH'),
(1899537,'peak',1520477,1269.680,'KWH'),
(1899538,'off_peak',1520477,386.850,'KWH'),
(1899539,'peak',1520478,929.960,'KWH'),
(1899540,'off_peak',1520478,287.040,'KWH'),
(1899541,'peak',1520479,1156.190,'KWH'),
(1899542,'off_peak',1520479,357.190,'KWH'),
(1899543,'peak',1520480,1343.380,'KWH'),
(1899544,'off_peak',1520480,405.630,'KWH'),
(1899545,'peak',1520481,1047.740,'KWH'),
(1899546,'off_peak',1520481,1938.990,'KWH'),
(1899547,'peak',1520482,1583.610,'KWH'),
(1899548,'off_peak',1520482,472.300,'KWH'),
(1899678,'peak',1520548,201.442,'KWH'),
(1899679,'off_peak',1520548,55.761,'KWH'),
(1899680,'peak',1520549,140.355,'KWH'),
(1899681,'off_peak',1520549,220.968,'KWH'),
(1899682,'peak',1520550,138.431,'KWH'),
(1899683,'off_peak',1520550,34.550,'KWH'),
(1948803,'flat',1561763,2040.000,'L'),
(1948804,'flat',1561764,180.000,'KWH'),
(1958489,'peak',1569474,209.892,'KWH'),
(1958490,'off_peak',1569474,66.915,'KWH'),
(1958491,'peak',1569475,138.946,'KWH'),
(1958492,'off_peak',1569475,224.265,'KWH'),
(1958493,'peak',1569476,149.863,'KWH'),
(1958494,'off_peak',1569476,48.122,'KWH'),
(1962861,'peak',1572197,1969.900,'KWH'),
(1962862,'off_peak',1572197,3127.090,'KWH'),
(1962863,'peak',1572198,812.100,'KWH'),
(1962864,'off_peak',1572198,293.070,'KWH'),
(1962865,'peak',1572199,1329.050,'KWH'),
(1962866,'off_peak',1572199,437.000,'KWH'),
(1962867,'peak',1572200,981.530,'KWH'),
(1962868,'off_peak',1572200,324.360,'KWH'),
(1962869,'peak',1572201,1219.990,'KWH'),
(1962870,'off_peak',1572201,403.330,'KWH'),
(1962871,'peak',1572202,1385.080,'KWH'),
(1962872,'off_peak',1572202,457.600,'KWH'),
(1962873,'peak',1572203,1173.090,'KWH'),
(1962874,'off_peak',1572203,2042.580,'KWH'),
(1962875,'peak',1572204,1599.480,'KWH'),
(1962876,'off_peak',1572204,524.190,'KWH'),
(2010750,'flat',1612342,2827.000,'KWH'),
(2010751,'flat',1612343,8529.000,'KWH'),
(2010752,'flat',1612344,82724.000,'L'),
(2015847,'peak',1615629,226.899,'KWH'),
(2015848,'off_peak',1615629,105.586,'KWH'),
(2015849,'peak',1615630,104.258,'KWH'),
(2015850,'off_peak',1615630,221.798,'KWH'),
(2015851,'peak',1615631,177.642,'KWH'),
(2015852,'off_peak',1615631,75.923,'KWH'),
(2063809,'flat',1655178,8625.000,'L'),
(2063810,'flat',1655179,517.000,'KWH'),
(2075349,'peak',1663365,251.116,'KWH'),
(2075350,'off_peak',1663365,96.866,'KWH'),
(2075351,'peak',1663366,112.215,'KWH'),
(2075352,'off_peak',1663366,198.548,'KWH'),
(2075353,'peak',1663367,189.963,'KWH'),
(2075354,'off_peak',1663367,69.176,'KWH'),
(2086245,'peak',1672800,2917.440,'KWH'),
(2086246,'off_peak',1672800,1216.300,'KWH'),
(2086247,'peak',1672801,3134.950,'KWH'),
(2086248,'off_peak',1672801,1286.060,'KWH'),
(2086249,'peak',1672802,2039.820,'KWH'),
(2086250,'off_peak',1672802,3928.330,'KWH'),
(2086251,'peak',1672803,4389.840,'KWH'),
(2086252,'off_peak',1672803,1730.340,'KWH'),
(2086253,'peak',1672804,3309.050,'KWH'),
(2086254,'off_peak',1672804,6169.280,'KWH'),
(2086255,'peak',1672805,2546.370,'KWH'),
(2086256,'off_peak',1672805,910.260,'KWH'),
(2086257,'peak',1672806,3125.670,'KWH'),
(2086258,'off_peak',1672806,1263.950,'KWH'),
(2086259,'peak',1672807,2238.180,'KWH'),
(2086260,'off_peak',1672807,896.140,'KWH'),
(2120106,'flat',1699261,452.000,'KWH'),
(2120107,'flat',1699262,3535.000,'L'),
(2130023,'peak',1707165,4713.470,'KWH'),
(2130024,'off_peak',1707165,8964.610,'KWH'),
(2130025,'peak',1707166,4256.650,'KWH'),
(2130026,'off_peak',1707166,1808.870,'KWH'),
(2130027,'peak',1707167,5104.030,'KWH'),
(2130028,'off_peak',1707167,2314.320,'KWH'),
(2130029,'peak',1707168,3404.160,'KWH'),
(2130030,'off_peak',1707168,1534.130,'KWH'),
(2130031,'peak',1707169,4858.230,'KWH'),
(2130032,'off_peak',1707169,2271.780,'KWH'),
(2130033,'peak',1707170,5038.700,'KWH'),
(2130034,'off_peak',1707170,2346.830,'KWH'),
(2130035,'peak',1707171,2823.710,'KWH'),
(2130036,'off_peak',1707171,5526.590,'KWH'),
(2130037,'peak',1707172,7417.620,'KWH'),
(2130038,'off_peak',1707172,3339.850,'KWH'),
(2130235,'peak',1707271,214.404,'KWH'),
(2130236,'off_peak',1707271,106.145,'KWH'),
(2130237,'peak',1707272,114.726,'KWH'),
(2130238,'off_peak',1707272,205.589,'KWH'),
(2130239,'peak',1707273,164.385,'KWH'),
(2130240,'off_peak',1707273,72.725,'KWH');

/*Data for the table `bbeng_bills_summaries` */

insert  into `bbeng_bills_summaries`(`id`,`bill_id`,`start_date`,`end_date`,`service_point_id`,`consumption_ratio`,`co2e_constant`,`co2e_unit`) values 
(550639,228962,'2018-08-24','2018-09-23',18029,1.00000000,NULL,NULL),
(584507,245132,'2018-09-24','2018-10-23',18029,1.00000000,NULL,NULL),
(662345,276243,'2018-11-24','2018-12-23',18029,1.00000000,NULL,NULL),
(699583,291141,'2018-12-24','2019-01-23',17886,1.00000000,0.001325,'tonnes'),
(699584,291141,'2018-12-24','2019-01-23',18029,1.00000000,NULL,NULL),
(736291,308015,'2019-01-24','2019-02-23',18029,1.00000000,NULL,NULL),
(736292,308015,'2019-01-24','2019-02-23',17886,1.00000000,0.001325,'tonnes'),
(777888,321985,'2019-02-24','2019-03-23',18029,1.00000000,NULL,NULL),
(777889,321985,'2019-02-24','2019-03-23',17886,1.00000000,0.001325,'tonnes'),
(812756,338209,'2019-03-24','2019-04-23',18029,1.00000000,NULL,NULL),
(812757,338209,'2019-03-24','2019-04-23',17886,1.00000000,0.001325,'tonnes'),
(850516,356091,'2019-04-24','2019-05-23',18029,1.00000000,NULL,NULL),
(850517,356091,'2019-04-24','2019-05-23',17886,1.00000000,0.001325,'tonnes'),
(885519,370375,'2019-05-24','2019-06-23',17886,1.00000000,0.001325,'tonnes'),
(885520,370375,'2019-05-24','2019-06-23',18029,1.00000000,NULL,NULL),
(925180,388173,'2019-06-24','2019-07-23',17886,1.00000000,0.001325,'tonnes'),
(925181,388173,'2019-06-24','2019-07-23',18029,1.00000000,NULL,NULL),
(961265,404492,'2019-07-24','2019-08-23',17886,1.00000000,0.001325,'tonnes'),
(961266,404492,'2019-07-24','2019-08-23',18029,1.00000000,NULL,NULL),
(996665,421299,'2019-08-24','2019-09-23',17886,1.00000000,0.001325,'tonnes'),
(996666,421299,'2019-08-24','2019-09-23',18029,1.00000000,NULL,NULL),
(1032697,437916,'2019-09-24','2019-10-23',17886,1.00000000,0.001325,'tonnes'),
(1032698,437916,'2019-09-24','2019-10-23',18029,1.00000000,NULL,NULL),
(1069836,453360,'2019-10-24','2019-11-23',18029,1.00000000,NULL,NULL),
(1069837,453360,'2019-10-24','2019-11-23',17886,1.00000000,0.001325,'tonnes'),
(1110131,470867,'2019-11-24','2019-12-23',17886,1.00000000,0.001325,'tonnes'),
(1110132,470867,'2019-11-24','2019-12-23',18029,1.00000000,NULL,NULL),
(1155624,490494,'2019-12-24','2020-01-23',17886,1.00000000,0.001325,'tonnes'),
(1155625,490494,'2019-12-24','2020-01-23',18029,1.00000000,NULL,NULL),
(1191253,505359,'2020-01-24','2020-02-23',18029,1.00000000,NULL,NULL),
(1191254,505359,'2020-01-24','2020-02-23',17886,1.00000000,0.001325,'tonnes'),
(1233177,522895,'2020-02-24','2020-03-23',17886,1.00000000,0.001325,'tonnes'),
(1233178,522895,'2020-02-24','2020-03-23',18029,1.00000000,NULL,NULL),
(1269637,540307,'2020-03-07','2020-04-06',23521,1.00000000,0.001325,'tonnes'),
(1269638,540307,'2020-03-07','2020-04-06',23973,1.00000000,0.001325,'tonnes'),
(1272864,540799,'2020-03-24','2020-04-23',18029,1.00000000,NULL,NULL),
(1272865,540799,'2020-03-24','2020-04-23',17886,1.00000000,0.001325,'tonnes'),
(1278102,543804,'2020-04-07','2020-05-06',23973,1.00000000,0.001325,'tonnes'),
(1278103,543804,'2020-04-07','2020-05-06',23521,1.00000000,0.001325,'tonnes'),
(1282866,545633,'2020-04-01','2020-04-30',24720,1.00000000,0.001325,'tonnes'),
(1312963,557790,'2020-04-24','2020-05-23',17886,1.00000000,0.001325,'tonnes'),
(1312964,557790,'2020-04-24','2020-05-23',18029,1.00000000,NULL,NULL),
(1317734,560617,'2020-05-01','2020-05-31',24720,1.00000000,0.001325,'tonnes'),
(1317757,560697,'2020-05-07','2020-06-06',23973,1.00000000,0.001325,'tonnes'),
(1317758,560697,'2020-05-07','2020-06-06',23521,1.00000000,0.001325,'tonnes'),
(1352811,575331,'2020-05-24','2020-06-23',17886,1.00000000,0.001325,'tonnes'),
(1352812,575331,'2020-05-24','2020-06-23',18029,1.00000000,NULL,NULL),
(1358936,578655,'2020-06-07','2020-07-06',23973,1.00000000,0.001325,'tonnes'),
(1358937,578655,'2020-06-07','2020-07-06',23521,1.00000000,0.001325,'tonnes'),
(1358963,578558,'2020-06-01','2020-06-30',24720,1.00000000,0.001325,'tonnes'),
(1396630,594335,'2020-06-24','2020-07-23',18029,1.00000000,NULL,NULL),
(1396631,594335,'2020-06-24','2020-07-23',17886,1.00000000,0.001325,'tonnes'),
(1403089,597707,'2020-07-01','2020-07-31',24720,1.00000000,0.001325,'tonnes'),
(1404908,598535,'2020-07-07','2020-08-06',23973,1.00000000,0.001325,'tonnes'),
(1404909,598535,'2020-07-07','2020-08-06',23521,1.00000000,0.001325,'tonnes'),
(1441122,613853,'2020-07-24','2020-08-23',17886,1.00000000,0.001325,'tonnes'),
(1441123,613853,'2020-07-24','2020-08-23',18029,1.00000000,NULL,NULL),
(1443515,615272,'2020-08-01','2020-08-31',24720,1.00000000,0.001325,'tonnes'),
(1479895,631376,'2020-08-24','2020-09-23',18029,1.00000000,NULL,NULL),
(1479896,631376,'2020-08-24','2020-09-23',17886,1.00000000,0.001325,'tonnes'),
(1486634,634122,'2020-09-01','2020-09-30',24720,1.00000000,0.001325,'tonnes'),
(1495226,638734,'2020-09-07','2020-10-06',23521,1.00000000,0.001325,'tonnes'),
(1495227,638734,'2020-09-07','2020-10-06',23973,1.00000000,0.001325,'tonnes'),
(1519563,648863,'2020-09-24','2020-10-23',17886,1.00000000,0.001325,'tonnes'),
(1519564,648863,'2020-09-24','2020-10-23',18029,1.00000000,NULL,NULL),
(1526204,652650,'2020-09-07','2020-10-06',23973,1.00000000,0.001325,'tonnes'),
(1526205,652650,'2020-09-07','2020-10-06',23521,1.00000000,0.001325,'tonnes'),
(1526238,652521,'2020-10-01','2020-10-31',24720,1.00000000,0.001325,'tonnes');

/*Data for the table `bbeng_charge_profiles` */

insert  into `bbeng_charge_profiles`(`id`,`type`,`version`,`site_id`,`profile_name`,`profile_description`,`profile_category`,`tax_rate`,`potd_method`,`potd_rate`,`on_market`,`account_type`,`network_area`,`tou_id`,`snp_open_date`,`snp_close_date`,`name`,`description`,`deleted`,`assigned_user_id`,`created_by`,`modified_user_id`,`team_id`,`team_set_id`,`date_entered`,`date_modified`) values 
(5,'electricity','2020-07-16 04:48:07.000000',8,'The Mark Residential - Residential','The Mark Residential - Residential',NULL,0.100,NULL,NULL,'F','RESIDENTIAL',NULL,3,NULL,'2022-06-30',NULL,NULL,0,NULL,NULL,'e542074e-f7cb-c085-9b4c-57eb0b5fb9d4',NULL,NULL,NULL,'2020-07-16 04:48:06'),
(1009,'electricity','2020-07-20 23:46:46.000000',251,'The Mews - Residential','The Mews - Residential',NULL,0.100,NULL,NULL,'F','RESIDENTIAL',NULL,3,NULL,'2023-12-19',NULL,NULL,0,NULL,'e542074e-f7cb-c085-9b4c-57eb0b5fb9d4','e542074e-f7cb-c085-9b4c-57eb0b5fb9d4',NULL,NULL,'2018-02-01 01:41:11','2020-07-20 23:46:43'),
(1016,'electricity','2020-05-10 21:47:50.000000',254,'Coolamon Churches of Christ - Common Area - Solar','Coolamon Churches of Christ - Common Area - Solar',NULL,0.100,NULL,NULL,'F','RESIDENTIAL',NULL,3,NULL,'2020-12-31',NULL,NULL,0,NULL,'e542074e-f7cb-c085-9b4c-57eb0b5fb9d4','e542074e-f7cb-c085-9b4c-57eb0b5fb9d4',NULL,NULL,'2018-02-01 03:38:13','2020-05-10 21:47:50'),
(1174,'water','2019-02-05 01:39:32.000000',251,'The Mews - Hot Water','The Mews - Hot Water',NULL,0.100,NULL,NULL,'F','RESIDENTIAL',NULL,NULL,NULL,'2021-06-30',NULL,NULL,0,NULL,'e542074e-f7cb-c085-9b4c-57eb0b5fb9d4','e542074e-f7cb-c085-9b4c-57eb0b5fb9d4',NULL,NULL,'2018-06-29 01:33:45','2019-02-05 01:39:29'),
(1490,'electricity','2020-06-01 01:59:25.000000',371,'Logan Central Apartments - Common Area Solar','Logan Central Apartments - Common Area Solar',NULL,0.100,NULL,NULL,'F','RESIDENTIAL',NULL,3,NULL,'2020-12-31',NULL,NULL,0,NULL,'e542074e-f7cb-c085-9b4c-57eb0b5fb9d4','e542074e-f7cb-c085-9b4c-57eb0b5fb9d4',NULL,NULL,'2020-04-29 05:06:51','2020-06-01 01:59:25');

/*Data for the table `bbeng_metering_reading_indices` */

insert  into `bbeng_metering_reading_indices`(`id`,`meter_id`,`timestamp`,`stream_suffix`,`stream_number`,`quality`,`method_flag`,`reason_code`,`scaled`,`valid`,`comment`) values 
(5444,541,'2015-09-01','E','1','A',NULL,NULL,'F','T',NULL),
(5525,541,'2015-08-01','E','1','A',NULL,NULL,'F','T',NULL),
(7120,541,'2015-10-01','E','1','A',NULL,NULL,'F','T',NULL),
(8351,541,'2015-11-01','E','1','A',NULL,NULL,'T','T',NULL),
(9389,541,'2015-07-31','E','1','A',NULL,NULL,'F','T',NULL),
(9480,541,'2015-05-05','E','1','A',NULL,NULL,'F','T',NULL),
(10207,541,'2015-12-01','E','1','A',NULL,NULL,'F','T',NULL),
(11274,541,'2015-12-11','E','1','A',NULL,NULL,'F','T',NULL),
(11545,541,'2015-12-31','E','1','A',NULL,NULL,'F','T',NULL),
(12975,541,'2016-02-02','E','1','A',NULL,NULL,'F','T',NULL),
(15234,541,'2016-03-01','E','1','A',NULL,NULL,'F','T',NULL),
(16899,541,'2016-04-01','E','1','A',NULL,NULL,'F','T',NULL),
(19052,541,'2016-04-29','E','1','A',NULL,NULL,'F','T',NULL),
(24333,541,'2016-06-01','E','1','A',NULL,NULL,'F','T',NULL),
(27013,541,'2016-07-01','E','1','A',NULL,NULL,'F','T',NULL),
(30481,541,'2016-08-01','E','1','A',NULL,NULL,'F','T',NULL),
(34251,541,'2016-08-31','E','1','A',NULL,NULL,'F','T',NULL),
(39469,541,'2016-10-01','E','1','A',NULL,NULL,'F','T',NULL),
(45121,541,'2016-11-01','E','1','A',NULL,NULL,'F','T',NULL),
(50298,541,'2016-12-01','E','1','A',NULL,NULL,'F','T',NULL),
(50823,541,'2016-11-30','E','1','A',NULL,NULL,'F','T',NULL),
(57252,541,'2017-01-01','E','1','A',NULL,NULL,'F','T',NULL),
(69492,541,'2017-02-01','E','1','A',NULL,NULL,'F','T',NULL),
(78212,541,'2017-03-01','E','1','A',NULL,NULL,'F','T',NULL),
(88645,541,'2017-03-08','E','1','A',NULL,NULL,'F','T',NULL),
(88957,541,'2017-04-01','E','1','A',NULL,NULL,'F','T',NULL),
(100027,541,'2017-05-02','E','1','A',NULL,NULL,'F','T',NULL),
(110625,541,'2017-06-01','E','1','A',NULL,NULL,'F','T',NULL),
(120587,541,'2017-07-01','E','1','A',NULL,NULL,'F','T',NULL),
(120588,541,'2017-07-01','E','1','A',NULL,NULL,'F','T',NULL),
(133381,541,'2017-08-01','E','1','A',NULL,NULL,'F','T',NULL),
(133398,541,'2017-03-23','E','1','A',NULL,NULL,'F','T',NULL),
(149167,541,'2017-09-01','E','1','A',NULL,NULL,'F','T',NULL),
(161161,541,'2017-10-01','E','1','A',NULL,NULL,'F','T',NULL),
(174917,541,'2017-11-01','E','1','A',NULL,NULL,'F','T',NULL),
(190546,541,'2017-12-01','E','1','A',NULL,NULL,'F','T',NULL),
(209325,541,'2018-01-01','E','1','A',NULL,NULL,'F','T',NULL),
(233694,541,'2018-02-01','E','1','A',NULL,NULL,'F','T',NULL),
(250561,541,'2018-03-01','E','1','A',NULL,NULL,'F','T',NULL),
(272397,541,'2018-04-01','E','1','A',NULL,NULL,'F','F',NULL),
(272398,541,'2018-04-01','E','1','A',NULL,NULL,'F','F',NULL),
(273991,541,'2018-04-03','E','1','A',NULL,NULL,'F','T',NULL),
(293066,541,'2018-05-04','E','1','A',NULL,NULL,'F','T',NULL),
(315406,541,'2018-06-01','E','1','A',NULL,NULL,'F','T',NULL),
(335209,541,'2018-07-02','E','1','A',NULL,NULL,'F','T',NULL),
(376121,541,'2018-09-02','E','1','A',NULL,NULL,'F','T','Monthly Reads - SS'),
(383238,21681,'2018-08-10','E','1','A',NULL,NULL,'F','T',NULL),
(394238,21681,'2018-09-26','E','1','A',NULL,NULL,'F','T',NULL),
(398941,541,'2018-10-01','E','1','A',NULL,NULL,'F','T',NULL),
(399022,541,'2018-08-01','E','1','A',NULL,NULL,'F','T',NULL),
(418591,21681,'2018-10-26','E','1','A',NULL,NULL,'F','T',NULL),
(422471,541,'2018-11-01','E','1','A',NULL,NULL,'F','T',NULL),
(441722,541,'2018-11-30','E','1','A',NULL,NULL,'F','T',NULL),
(458449,21681,'2018-12-19','E','1','A',NULL,NULL,'F','T',NULL),
(460699,541,'2018-12-31','E','1','A',NULL,NULL,'F','T',NULL),
(463122,21535,'2018-12-20','E','1','A',NULL,NULL,'F','T',NULL),
(479326,21535,'2019-01-25','E','1','A',NULL,NULL,'F','T',NULL),
(479706,21681,'2019-01-25','E','1','A',NULL,NULL,'F','T',NULL),
(480629,21535,'2018-12-19','E','1','A',NULL,NULL,'T','T',NULL),
(484011,541,'2019-02-01','E','1','A',NULL,NULL,'F','T',NULL),
(506016,21535,'2019-02-26','E','1','A',NULL,NULL,'F','T',NULL),
(509513,21681,'2019-02-26','E','1','A',NULL,NULL,'F','T',NULL),
(514120,541,'2019-02-28','E','1','A',NULL,NULL,'F','T',NULL),
(529147,21535,'2019-03-26','E','1','A',NULL,NULL,'F','T',NULL),
(529430,21681,'2019-03-26','E','1','A',NULL,NULL,'F','T',NULL),
(536031,541,'2019-04-01','E','1','A',NULL,NULL,'F','T',NULL),
(550006,21535,'2019-04-26','E','1','A',NULL,NULL,'F','T',NULL),
(550252,21681,'2019-04-26','E','1','A',NULL,NULL,'F','T',NULL),
(556369,541,'2019-05-01','E','1','A',NULL,NULL,'F','T',NULL),
(572563,21535,'2019-05-28','E','1','A',NULL,NULL,'F','T',NULL),
(573370,21681,'2019-05-28','E','1','A',NULL,NULL,'F','T',NULL),
(575857,541,'2019-06-01','E','1','A',NULL,NULL,'F','T','Actual read date is 31/05/2019'),
(590861,21535,'2019-06-25','E','1','A',NULL,NULL,'F','T',NULL),
(591256,21681,'2019-06-25','E','1','A',NULL,NULL,'F','T',NULL),
(599027,541,'2019-07-01','E','1','A',NULL,NULL,'F','T',NULL),
(613942,21535,'2019-07-26','E','1','A',NULL,NULL,'F','T',NULL),
(614119,21681,'2019-07-26','E','1','A',NULL,NULL,'F','T',NULL),
(616398,541,'2019-07-31','E','1','A',NULL,NULL,'F','T',NULL),
(634821,21535,'2019-08-27','E','1','A',NULL,NULL,'F','T',NULL),
(635005,21681,'2019-08-27','E','1','A',NULL,NULL,'F','T',NULL),
(637568,541,'2019-08-30','E','1','A',NULL,NULL,'F','T',NULL),
(656475,21535,'2019-09-26','E','1','A',NULL,NULL,'F','T',NULL),
(656720,21681,'2019-09-26','E','1','A',NULL,NULL,'F','T',NULL),
(658829,541,'2019-09-30','E','1','A',NULL,NULL,'F','T',NULL),
(677509,21535,'2019-10-25','E','1','A',NULL,NULL,'F','T',NULL),
(677818,21681,'2019-10-25','E','1','A',NULL,NULL,'F','T',NULL),
(677819,21681,'2019-10-25','E','1','A',NULL,NULL,'F','T',NULL),
(680800,541,'2019-10-31','E','1','A',NULL,NULL,'F','T',NULL),
(697827,21535,'2019-11-26','E','1','A',NULL,NULL,'F','T',NULL),
(697979,21681,'2019-11-26','E','1','A',NULL,NULL,'F','T',NULL),
(701802,541,'2019-11-29','E','1','A',NULL,NULL,'F','T',NULL),
(715694,30293,'2019-12-03','E','1','A',NULL,NULL,'F','F','Solar Installation - NP'),
(715695,30290,'2019-12-03','E','1','A',NULL,NULL,'F','F','Solar Installation - NP'),
(715696,30291,'2019-12-03','E','1','A',NULL,NULL,'F','F','Solar Installation - NP'),
(715697,30292,'2019-12-03','E','1','A',NULL,NULL,'F','F','Solar Installation - NP'),
(719093,21535,'2019-12-19','E','1','A',NULL,NULL,'F','T',NULL),
(719811,21681,'2019-12-19','E','1','A',NULL,NULL,'F','T',NULL),
(723910,541,'2019-12-31','E','1','A',NULL,NULL,'F','T',NULL),
(743642,21535,'2020-01-30','E','1','A',NULL,NULL,'F','T',NULL),
(743892,21681,'2020-01-30','E','1','A',NULL,NULL,'F','T',NULL),
(743893,21681,'2020-01-30','E','1','A',NULL,NULL,'F','T',NULL),
(745839,541,'2020-01-31','E','1','A',NULL,NULL,'F','T',NULL),
(755321,30290,'2020-01-30','E','1','A',NULL,NULL,'F','F',NULL),
(755322,30291,'2020-01-30','E','1','A',NULL,NULL,'F','F',NULL),
(755323,30292,'2020-01-30','E','1','A',NULL,NULL,'F','F',NULL),
(755326,30293,'2020-01-30','E','1','A',NULL,NULL,'F','F',NULL),
(763062,21535,'2020-02-25','E','1','A',NULL,NULL,'F','T',NULL),
(763525,21681,'2020-02-25','E','1','A',NULL,NULL,'F','T',NULL),
(768109,541,'2020-02-28','E','1','A',NULL,NULL,'F','T',NULL),
(786746,21535,'2020-03-25','E','1','A',NULL,NULL,'F','T',NULL),
(787057,21681,'2020-03-25','E','1','A',NULL,NULL,'F','T',NULL),
(792713,541,'2020-03-31','E','1','A',NULL,NULL,'F','T',NULL),
(797540,30291,'2020-01-14','E','1','A',NULL,NULL,'F','F','Estimated using the read from the 3/12/2020 - 30/01/2020 - NP'),
(797541,30292,'2020-01-14','E','1','A',NULL,NULL,'F','F','Estimated using the read from the 3/12/2020 - 30/01/2020 - NP'),
(797542,30293,'2020-01-14','E','1','A',NULL,NULL,'F','F','Estimated using the read from the 3/12/2020 - 30/01/2020 - NP'),
(797543,30290,'2020-01-14','E','1','A',NULL,NULL,'F','F','Estimated using the read from the 3/12/2020 - 30/01/2020 - NP'),
(798459,30292,'2019-12-03','B','1','A',NULL,NULL,'F','T','Stream B for solar'),
(798460,30292,'2020-01-14','B','1','A',NULL,NULL,'F','T','Stream B for solar'),
(798461,30292,'2020-01-30','B','1','A',NULL,NULL,'F','T','Stream B for solar'),
(798462,30291,'2019-12-03','B','1','A',NULL,NULL,'F','T','Stream B for solar'),
(798463,30291,'2020-01-14','B','1','A',NULL,NULL,'F','T','Stream B for solar'),
(798464,30291,'2020-01-30','B','1','A',NULL,NULL,'F','T','Stream B for solar'),
(798465,30290,'2019-12-03','B','1','A',NULL,NULL,'F','T','Stream B for solar'),
(798466,30290,'2020-01-14','B','1','A',NULL,NULL,'F','T','Stream B for solar'),
(798467,30290,'2020-01-30','B','1','A',NULL,NULL,'F','T','Stream B for solar'),
(798468,30293,'2019-12-03','B','1','A',NULL,NULL,'F','T','Stream B for solar'),
(798469,30293,'2020-01-14','B','1','A',NULL,NULL,'F','T','Stream B for solar'),
(798470,30293,'2020-01-30','B','1','A',NULL,NULL,'F','T','Stream B for solar'),
(810092,21535,'2020-04-28','E','1','A',NULL,NULL,'F','T',NULL),
(810560,21681,'2020-04-28','E','1','A',NULL,NULL,'F','T',NULL),
(814426,541,'2020-05-01','E','1','A',NULL,NULL,'F','T',NULL),
(831527,21535,'2020-05-26','E','1','A',NULL,NULL,'F','T',NULL),
(832557,21681,'2020-05-26','E','1','A',NULL,NULL,'F','T',NULL),
(837744,541,'2020-06-01','E','1','A',NULL,NULL,'F','T',NULL),
(855625,21535,'2020-06-25','E','1','A',NULL,NULL,'F','T',NULL),
(855704,21681,'2020-06-25','E','1','A',NULL,NULL,'F','T',NULL),
(861885,541,'2020-07-01','E','1','A',NULL,NULL,'F','T',NULL),
(880688,21535,'2020-07-28','E','1','A',NULL,NULL,'F','T',NULL),
(880883,21681,'2020-07-28','E','1','A',NULL,NULL,'F','T',NULL),
(885368,541,'2020-08-01','E','1','A',NULL,NULL,'F','T',NULL),
(903991,21681,'2020-08-26','E','1','A',NULL,NULL,'F','T',NULL),
(906110,36144,'2020-03-25','E','1','A',NULL,NULL,'F','T','Transposed meter with 2406  - NP'),
(906111,36144,'2020-04-28','E','1','A',NULL,NULL,'F','T','Transposed meter with 2406  - NP'),
(906112,36144,'2020-04-30','E','1','A',NULL,NULL,'F','T','Transposed meter with 2406  - NP'),
(906113,36144,'2020-05-26','E','1','A',NULL,NULL,'F','T','Transposed meter with 2406  - NP'),
(906114,36144,'2020-06-12','E','1','A',NULL,NULL,'F','T','Transposed meter with 2406  - NP'),
(906115,36144,'2020-06-25','E','1','A',NULL,NULL,'F','T','Transposed meter with 2406  - NP'),
(906116,36144,'2020-07-28','E','1','A',NULL,NULL,'F','T','Transposed meter with 2406  - NP'),
(906117,36144,'2020-08-26','E','1','A',NULL,NULL,'F','F','Transposed meter with 2406  - NP'),
(906127,36145,'2019-12-20','E','1','A',NULL,NULL,'F','F','Transposed meter with 2406  - NP'),
(906128,36145,'2020-08-26','E','1','A',NULL,NULL,'F','F','Transposed meter with 2406  - NP'),
(906130,36144,'2019-12-20','E','1','A',NULL,NULL,'F','T','Transposed meter with 2406  - NP'),
(906131,36144,'2020-08-26','E','1','A',NULL,NULL,'F','T','Transposed meter with 2406  - NP'),
(906132,36145,'2019-01-25','E','1','A',NULL,NULL,'F','T','Transposed meter with 2406  - NP'),
(906133,36145,'2019-02-26','E','1','A',NULL,NULL,'F','T','Transposed meter with 2406  - NP'),
(906134,36145,'2019-03-26','E','1','A',NULL,NULL,'F','T','Transposed meter with 2406  - NP'),
(906135,36145,'2019-04-26','E','1','A',NULL,NULL,'F','T','Transposed meter with 2406  - NP'),
(906136,36145,'2019-05-28','E','1','A',NULL,NULL,'F','T','Transposed meter with 2406  - NP'),
(906137,36145,'2019-06-25','E','1','A',NULL,NULL,'F','T','Transposed meter with 2406  - NP'),
(906138,36145,'2019-07-26','E','1','A',NULL,NULL,'F','T','Transposed meter with 2406  - NP'),
(906139,36145,'2019-08-27','E','1','A',NULL,NULL,'F','T','Transposed meter with 2406  - NP'),
(906140,36145,'2019-09-26','E','1','A',NULL,NULL,'F','T','Transposed meter with 2406  - NP'),
(906141,36145,'2019-10-25','E','1','A',NULL,NULL,'F','T','Transposed meter with 2406  - NP'),
(906142,36145,'2019-11-26','E','1','A',NULL,NULL,'F','T','Transposed meter with 2406  - NP'),
(906143,36145,'2019-12-19','E','1','A',NULL,NULL,'F','T','Transposed meter with 2406  - NP'),
(906144,36145,'2018-12-19','E','1','A',NULL,NULL,'F','T','Transposed meter with 2406  - NP'),
(906161,21535,'2020-06-12','E','1','A',NULL,NULL,'F','T','Estimated using 25/06/2020-28/07/2020 - NP'),
(906162,21535,'2020-04-30','E','1','A',NULL,NULL,'F','T','Used reading from the 26/05/2020'),
(906163,21535,'2020-08-26','E','1','A',NULL,NULL,'F','T',NULL),
(909395,541,'2020-09-01','E','1','A',NULL,NULL,'F','T',NULL),
(928405,21535,'2020-09-25','E','1','A',NULL,NULL,'F','T',NULL),
(928472,36144,'2020-09-25','E','1','A',NULL,NULL,'F','T',NULL),
(928610,21681,'2020-09-25','E','1','A',NULL,NULL,'F','T',NULL),
(933650,541,'2020-10-01','E','1','A',NULL,NULL,'F','T','Reads from photos - in Billing Folder - AR'),
(950233,36144,'2020-10-27','E','1','A',NULL,NULL,'F','T',NULL),
(950234,21535,'2020-10-27','E','1','A',NULL,NULL,'F','T',NULL),
(950472,21681,'2020-10-27','E','1','A',NULL,NULL,'F','T',NULL),
(953345,21535,'2020-10-29','E','1','A',NULL,NULL,'F','T',NULL),
(957652,541,'2020-10-30','E','1','A',NULL,NULL,'F','T',NULL);

/*Data for the table `bbeng_metering_reading_indices_elements` */

insert  into `bbeng_metering_reading_indices_elements`(`id`,`type`,`indexed_reading_id`,`uom`,`value`,`occurred`) values 
(4438,'total',5444,'KWH',72058.000,NULL),
(4519,'total',5525,'KWH',71595.000,NULL),
(6702,'total',7120,'KWH',72421.000,NULL),
(8963,'total',8351,'KWH',72760.000,NULL),
(10001,'total',9389,'KWH',71595.000,NULL),
(10092,'total',9480,'KWH',70635.000,NULL),
(11145,'total',10207,'KWH',73052.000,NULL),
(12234,'total',11274,'KWH',73140.000,NULL),
(12511,'total',11545,'KWH',73241.000,NULL),
(14453,'total',12975,'KWH',73679.000,NULL),
(17220,'total',15234,'KWH',73972.000,NULL),
(19101,'total',16899,'KWH',74292.000,NULL),
(21840,'total',19052,'KWH',74579.000,NULL),
(27525,'total',24333,'KWH',74909.000,NULL),
(30371,'total',27013,'KWH',75113.000,NULL),
(34005,'total',30481,'KWH',75407.000,NULL),
(39541,'total',34251,'KWH',75728.000,NULL),
(46595,'total',39469,'KWH',76091.000,NULL),
(55303,'total',45121,'KWH',76377.000,NULL),
(61278,'total',50298,'KWH',76684.000,NULL),
(61823,'total',50823,'KWH',76684.000,NULL),
(68564,'total',57252,'KWH',76961.000,NULL),
(87898,'total',69492,'KWH',77235.000,NULL),
(98038,'total',78212,'KWH',77474.000,NULL),
(109241,'total',88645,'KWH',77548.000,NULL),
(109553,'total',88957,'KWH',77606.000,NULL),
(122193,'total',100027,'KWH',77891.000,NULL),
(133711,'total',110625,'KWH',78046.000,NULL),
(144635,'total',120587,'KWH',78276.000,NULL),
(144636,'total',120588,'KWH',78276.000,NULL),
(158441,'total',133381,'KWH',78664.000,NULL),
(158458,'total',133398,'KWH',77584.000,NULL),
(180133,'total',149167,'KWH',79140.000,NULL),
(193691,'total',161161,'KWH',79536.000,NULL),
(209539,'total',174917,'KWH',79935.000,NULL),
(227973,'total',190546,'KWH',80394.000,NULL),
(248238,'total',209325,'KWH',80793.000,NULL),
(278434,'total',233694,'KWH',81215.000,NULL),
(297101,'total',250561,'KWH',81609.000,NULL),
(322498,'total',272397,'KWH',82049.000,NULL),
(322499,'total',272398,'KWH',82049.000,NULL),
(324124,'total',273991,'KWH',82049.000,NULL),
(346610,'total',293066,'KWH',82446.000,NULL),
(372776,'total',315406,'KWH',83091.000,NULL),
(396108,'total',335209,'KWH',83734.000,NULL),
(442115,'total',376121,'KWH',85134.000,NULL),
(452278,'total',383238,'L',0.000,NULL),
(468258,'total',394238,'L',13130.000,NULL),
(474295,'total',398941,'KWH',85587.000,NULL),
(474376,'total',399022,'KWH',84395.000,NULL),
(499127,'total',418591,'L',20927.000,NULL),
(503871,'total',422471,'KWH',86050.000,NULL),
(527392,'total',441722,'KWH',86464.000,NULL),
(546758,'total',458449,'L',32185.000,NULL),
(549777,'total',460699,'KWH',86905.000,NULL),
(552360,'total',463122,'KWH',69247.000,NULL),
(571969,'total',479326,'KWH',70032.000,NULL),
(572349,'total',479706,'L',38218.000,NULL),
(573272,'total',480629,'KWH',69247.000,NULL),
(577401,'total',484011,'KWH',87378.000,NULL),
(615668,'total',506016,'KWH',70624.000,NULL),
(619857,'total',509513,'L',43667.000,NULL),
(624789,'total',514120,'KWH',87764.000,NULL),
(643976,'total',529147,'KWH',70982.000,NULL),
(644281,'total',529430,'L',44159.000,NULL),
(651839,'total',536031,'KWH',88222.000,NULL),
(668947,'total',550006,'KWH',71208.000,NULL),
(669195,'total',550252,'L',45781.000,NULL),
(676337,'total',556369,'KWH',88692.000,NULL),
(695690,'total',572563,'KWH',71416.000,NULL),
(696497,'total',573370,'L',47460.000,NULL),
(699845,'total',575857,'KWH',89097.000,NULL),
(718031,'total',590861,'KWH',71616.000,NULL),
(718426,'total',591256,'L',49851.000,NULL),
(727842,'total',599027,'KWH',89701.000,NULL),
(745870,'total',613942,'KWH',71849.000,NULL),
(746047,'total',614119,'L',52180.000,NULL),
(749055,'total',616398,'KWH',90350.000,NULL),
(770748,'total',634821,'KWH',72061.000,NULL),
(770932,'total',635005,'L',54849.000,NULL),
(774218,'total',637568,'KWH',90944.000,NULL),
(797321,'total',656475,'KWH',72299.000,NULL),
(797566,'total',656720,'L',58928.000,NULL),
(800383,'total',658829,'KWH',91509.000,NULL),
(822378,'total',677509,'KWH',72680.000,NULL),
(822687,'total',677818,'L',60733.000,NULL),
(822688,'total',677819,'L',60733.000,NULL),
(826511,'total',680800,'KWH',91957.000,NULL),
(846732,'total',697827,'KWH',73093.000,NULL),
(846884,'total',697979,'L',62836.000,NULL),
(851419,'total',701802,'KWH',92354.000,NULL),
(867991,'total',715694,'KWH',0.000,NULL),
(867992,'peak',715694,'KWH',0.000,NULL),
(867993,'off_peak',715694,'KWH',0.000,NULL),
(867994,'off_peak',715695,'KWH',0.000,NULL),
(867995,'total',715695,'KWH',0.000,NULL),
(867996,'peak',715695,'KWH',0.000,NULL),
(867997,'off_peak',715696,'KWH',0.000,NULL),
(867998,'peak',715696,'KWH',0.000,NULL),
(867999,'total',715696,'KWH',0.000,NULL),
(868000,'peak',715697,'KWH',0.000,NULL),
(868001,'total',715697,'KWH',0.000,NULL),
(868002,'off_peak',715697,'KWH',0.000,NULL),
(871645,'total',719093,'KWH',73349.000,NULL),
(872363,'total',719811,'L',64288.000,NULL),
(878455,'total',723910,'KWH',92862.000,NULL),
(901404,'total',743642,'KWH',73959.000,NULL),
(901654,'total',743892,'L',66150.000,NULL),
(901655,'total',743893,'L',66150.000,NULL),
(904351,'total',745839,'KWH',93324.000,NULL),
(914807,'peak',755321,'KWH',0.000,NULL),
(914808,'off_peak',755321,'KWH',6098.000,NULL),
(914809,'total',755321,'KWH',6098.000,NULL),
(914810,'off_peak',755322,'KWH',6345.000,NULL),
(914811,'peak',755322,'KWH',0.000,NULL),
(914812,'total',755322,'KWH',6345.000,NULL),
(914813,'off_peak',755323,'KWH',7043.000,NULL),
(914814,'total',755323,'KWH',7043.000,NULL),
(914815,'peak',755323,'KWH',0.000,NULL),
(914822,'peak',755326,'KWH',0.000,NULL),
(914823,'total',755326,'KWH',6737.600,NULL),
(914824,'off_peak',755326,'KWH',6737.600,NULL),
(924895,'total',763062,'KWH',74265.000,NULL),
(925365,'total',763525,'L',66654.000,NULL),
(930795,'total',768109,'KWH',93762.000,NULL),
(953052,'total',786746,'KWH',74646.000,NULL),
(953363,'total',787057,'L',68232.000,NULL),
(959953,'total',792713,'KWH',94277.000,NULL),
(964903,'peak',797540,'KWH',0.000,NULL),
(964904,'total',797540,'KWH',4594.000,NULL),
(964905,'off_peak',797540,'KWH',4594.000,NULL),
(964906,'total',797541,'KWH',5100.000,NULL),
(964907,'peak',797541,'KWH',0.000,NULL),
(964908,'off_peak',797541,'KWH',5100.000,NULL),
(964909,'off_peak',797542,'KWH',4878.000,NULL),
(964910,'peak',797542,'KWH',0.000,NULL),
(964911,'total',797542,'KWH',4878.000,NULL),
(964912,'off_peak',797543,'KWH',4415.000,NULL),
(964913,'peak',797543,'KWH',0.000,NULL),
(964914,'total',797543,'KWH',4415.000,NULL),
(965902,'total',798459,'KWH',0.000,NULL),
(965903,'total',798460,'KWH',5100.000,NULL),
(965904,'total',798461,'KWH',7043.000,NULL),
(965905,'total',798462,'KWH',0.000,NULL),
(965906,'total',798463,'KWH',4594.000,NULL),
(965907,'total',798464,'KWH',6345.000,NULL),
(965908,'total',798465,'KWH',0.000,NULL),
(965909,'total',798466,'KWH',4415.000,NULL),
(965910,'total',798467,'KWH',6098.000,NULL),
(965911,'total',798468,'KWH',0.000,NULL),
(965912,'total',798469,'KWH',4878.000,NULL),
(965913,'total',798470,'KWH',6737.600,NULL),
(980240,'total',810092,'KWH',74877.000,NULL),
(980708,'total',810560,'L',69106.000,NULL),
(985493,'total',814426,'KWH',94798.000,NULL),
(1005571,'total',831527,'KWH',74879.000,NULL),
(1006609,'total',832557,'L',70122.000,NULL),
(1012699,'total',837744,'KWH',95417.000,NULL),
(1034026,'total',855625,'KWH',74950.000,NULL),
(1034105,'total',855704,'L',72269.000,NULL),
(1041242,'total',861885,'KWH',96060.000,NULL),
(1062974,'total',880688,'KWH',75130.000,NULL),
(1063169,'total',880883,'L',74309.000,NULL),
(1068485,'total',885368,'KWH',96659.000,NULL),
(1090212,'total',903991,'L',82724.000,NULL),
(1092348,'total',906110,'KWH',1822.000,NULL),
(1092349,'total',906111,'KWH',2065.000,NULL),
(1092350,'total',906112,'KWH',2085.000,NULL),
(1092351,'total',906113,'KWH',2294.000,NULL),
(1092352,'total',906114,'KWH',2409.000,NULL),
(1092353,'total',906115,'KWH',2490.000,NULL),
(1092354,'total',906116,'KWH',2682.000,NULL),
(1092355,'total',906117,'KWH',75267.000,NULL),
(1092367,'total',906127,'KWH',259.000,NULL),
(1092368,'total',906128,'KWH',3086.000,NULL),
(1092370,'total',906130,'KWH',259.000,NULL),
(1092371,'total',906131,'KWH',3086.000,NULL),
(1092372,'total',906132,'KWH',94536.000,NULL),
(1092373,'total',906133,'KWH',96965.000,NULL),
(1092374,'total',906134,'KWH',97481.000,NULL),
(1092375,'total',906135,'KWH',97803.000,NULL),
(1092376,'total',906136,'KWH',97997.000,NULL),
(1092377,'total',906137,'KWH',98182.000,NULL),
(1092378,'total',906138,'KWH',98531.000,NULL),
(1092379,'total',906139,'KWH',98786.000,NULL),
(1092380,'total',906140,'KWH',99190.000,NULL),
(1092381,'total',906141,'KWH',99399.000,NULL),
(1092382,'total',906142,'KWH',99797.000,NULL),
(1092383,'total',906143,'KWH',100259.000,NULL),
(1092384,'total',906144,'KWH',91730.000,NULL),
(1092401,'total',906161,'KWH',74879.000,NULL),
(1092402,'total',906162,'KWH',74879.000,NULL),
(1092403,'total',906163,'KWH',75267.000,NULL),
(1096529,'total',909395,'KWH',97245.000,NULL),
(1118555,'total',928405,'KWH',75408.000,NULL),
(1118622,'total',928472,'KWH',3603.000,NULL),
(1118760,'total',928610,'L',91349.000,NULL),
(1125449,'total',933650,'KWH',97813.000,NULL),
(1145056,'total',950233,'KWH',4055.000,NULL),
(1145057,'total',950234,'KWH',75408.000,NULL),
(1145297,'total',950472,'L',94884.000,NULL),
(1148188,'total',953345,'KWH',75408.000,NULL),
(1153313,'total',957652,'KWH',98303.000,NULL);

/*Data for the table `bbeng_meters` */

insert  into `bbeng_meters`(`id`,`type`,`version`,`serial_number`,`brand`,`model`,`phase`,`amps`,`multiplier`,`capability`,`default_tou_name`,`meter_provider`,`data_provider`,`meter_room`,`meter_panel`,`reading_group`,`reading_order`,`name`,`description`,`deleted`,`assigned_user_id`,`created_by`,`modified_user_id`,`team_id`,`team_set_id`,`date_entered`,`date_modified`) values 
(541,'electricity','2015-10-01 19:21:10.000000','167123',NULL,NULL,'SINGLE',80,1.00000000,'TYPE_6',NULL,NULL,NULL,NULL,NULL,0,0,NULL,NULL,0,NULL,NULL,NULL,NULL,NULL,NULL,NULL),
(21535,'electricity','2019-01-25 01:00:57.000000','4-797713','EM1000E',NULL,'SINGLE',80,1.00000000,'TYPE_6',NULL,NULL,'LPE','Building 2',NULL,0,16,NULL,NULL,0,NULL,'e542074e-f7cb-c085-9b4c-57eb0b5fb9d4','e542074e-f7cb-c085-9b4c-57eb0b5fb9d4',NULL,NULL,'2018-08-15 01:19:12','2019-01-03 00:43:58'),
(21681,'water_hot','2018-08-16 00:26:04.000000','57252539',NULL,NULL,NULL,NULL,1.00000000,'TYPE_6',NULL,NULL,NULL,'Service Cupboard',NULL,1,22,NULL,NULL,0,NULL,'e542074e-f7cb-c085-9b4c-57eb0b5fb9d4','e542074e-f7cb-c085-9b4c-57eb0b5fb9d4',NULL,NULL,'2018-08-16 00:26:04','2018-08-16 00:26:04'),
(30289,'electricity','2019-12-16 01:11:49.000000','SAM000051398','Sprint','211','THREE',80,1.00000000,'TYPE_6',NULL,'LPE','LPE','MSB Building 1',NULL,0,0,NULL,NULL,0,NULL,'e542074e-f7cb-c085-9b4c-57eb0b5fb9d4','e542074e-f7cb-c085-9b4c-57eb0b5fb9d4',NULL,NULL,'2019-12-16 01:10:54','2019-12-16 01:11:48'),
(30290,'electricity','2019-12-16 01:12:22.000000','4918000078-SOLAR','Itron','EM214','THREE',80,1.00000000,'TYPE_6',NULL,'LPE',NULL,'MSB Building 1',NULL,0,0,NULL,NULL,0,NULL,'e542074e-f7cb-c085-9b4c-57eb0b5fb9d4','e542074e-f7cb-c085-9b4c-57eb0b5fb9d4',NULL,NULL,'2019-12-16 01:12:22','2019-12-16 01:12:22'),
(30291,'electricity','2019-12-16 01:14:26.000000','4918000073-SOLAR','Itron','EM214','THREE',80,1.00000000,'TYPE_6',NULL,'LPE',NULL,'Bin Room','Inverter 2',0,0,NULL,NULL,0,NULL,'e542074e-f7cb-c085-9b4c-57eb0b5fb9d4','e542074e-f7cb-c085-9b4c-57eb0b5fb9d4',NULL,NULL,'2019-12-16 01:14:26','2019-12-16 01:14:26'),
(30292,'electricity','2019-12-16 01:15:24.000000','491700001586-SOLAR','Itron','EM214','THREE',80,1.00000000,'TYPE_6',NULL,'LPE',NULL,'Bin Room','Inverter 1',0,0,NULL,NULL,0,NULL,'e542074e-f7cb-c085-9b4c-57eb0b5fb9d4','e542074e-f7cb-c085-9b4c-57eb0b5fb9d4',NULL,NULL,'2019-12-16 01:15:24','2019-12-16 01:15:24'),
(30293,'electricity','2019-12-16 01:16:14.000000','4918000079-SOLAR','Itron','EM214','THREE',80,1.00000000,'TYPE_6',NULL,'LPE',NULL,'MSB Building 1','Inverter 1',0,0,NULL,NULL,0,NULL,'e542074e-f7cb-c085-9b4c-57eb0b5fb9d4','e542074e-f7cb-c085-9b4c-57eb0b5fb9d4',NULL,NULL,'2019-12-16 01:16:14','2019-12-16 01:16:14'),
(31794,'electricity','2020-02-12 05:16:35.000000','SAM000051395','Spotless','Sprint 211','SINGLE',80,1.00000000,'TYPE_6',NULL,'LPE','LPE',NULL,NULL,0,0,NULL,NULL,0,NULL,'e542074e-f7cb-c085-9b4c-57eb0b5fb9d4','e542074e-f7cb-c085-9b4c-57eb0b5fb9d4',NULL,NULL,'2020-02-12 05:09:24','2020-02-12 05:16:35'),
(31795,'electricity','2020-02-12 05:15:04.000000','SAM000051023','Spotless','Sprint 211','SINGLE',80,1.00000000,'TYPE_6',NULL,'LPE',NULL,NULL,NULL,0,0,NULL,NULL,0,NULL,'e542074e-f7cb-c085-9b4c-57eb0b5fb9d4','e542074e-f7cb-c085-9b4c-57eb0b5fb9d4',NULL,NULL,'2020-02-12 05:15:04','2020-02-12 05:15:04'),
(31798,'electricity','2020-02-12 22:20:25.000000','SAM000051316','Spotless','Sprint 211','SINGLE',80,1.00000000,'TYPE_6',NULL,'LPE',NULL,NULL,NULL,0,0,NULL,NULL,0,NULL,'e542074e-f7cb-c085-9b4c-57eb0b5fb9d4','e542074e-f7cb-c085-9b4c-57eb0b5fb9d4',NULL,NULL,'2020-02-12 22:20:25','2020-02-12 22:20:25'),
(31799,'electricity','2020-02-12 22:25:57.000000','SAM000051003','SPOT','Sprint 211','SINGLE',80,1.00000000,'TYPE_6',NULL,'LPE',NULL,NULL,NULL,0,0,NULL,NULL,0,NULL,'e542074e-f7cb-c085-9b4c-57eb0b5fb9d4','e542074e-f7cb-c085-9b4c-57eb0b5fb9d4',NULL,NULL,'2020-02-12 22:25:57','2020-02-12 22:25:57'),
(31800,'electricity','2020-02-12 22:28:56.000000','SAM000051393','Spotless','Sprint 211','SINGLE',80,1.00000000,'TYPE_6',NULL,'LPE',NULL,NULL,NULL,0,0,NULL,NULL,0,NULL,'e542074e-f7cb-c085-9b4c-57eb0b5fb9d4','e542074e-f7cb-c085-9b4c-57eb0b5fb9d4',NULL,NULL,'2020-02-12 22:28:56','2020-02-12 22:28:56'),
(33459,'electricity','2020-04-28 02:03:08.000000','SAM000048186','Spotless','Sprint 211','THREE',80,1.00000000,'TYPE_6',NULL,'LPE',NULL,NULL,NULL,0,0,NULL,NULL,0,NULL,'e542074e-f7cb-c085-9b4c-57eb0b5fb9d4','e542074e-f7cb-c085-9b4c-57eb0b5fb9d4',NULL,NULL,'2020-04-28 02:03:08','2020-04-28 02:03:08'),
(33461,'electricity','2020-04-28 02:24:24.000000','SAM000048078','Spotless','Sprint 211','THREE',80,1.00000000,'TYPE_6',NULL,'LPE',NULL,NULL,NULL,0,0,NULL,NULL,0,NULL,'e542074e-f7cb-c085-9b4c-57eb0b5fb9d4','e542074e-f7cb-c085-9b4c-57eb0b5fb9d4',NULL,NULL,'2020-04-28 02:24:24','2020-04-28 02:24:24'),
(36144,'electricity','2020-08-28 00:06:54.000000','4-797712',NULL,NULL,'SINGLE',80,1.00000000,'TYPE_6',NULL,'LPE','LPE',NULL,NULL,0,0,NULL,NULL,0,NULL,'e542074e-f7cb-c085-9b4c-57eb0b5fb9d4','e542074e-f7cb-c085-9b4c-57eb0b5fb9d4',NULL,NULL,'2020-08-27 23:35:00','2020-08-28 00:06:54'),
(36145,'electricity','2020-08-28 00:06:50.000000','4-797712-4',NULL,NULL,'SINGLE',80,1.00000000,'TYPE_6',NULL,'LPE','LPE',NULL,NULL,0,0,NULL,NULL,0,NULL,'e542074e-f7cb-c085-9b4c-57eb0b5fb9d4','e542074e-f7cb-c085-9b4c-57eb0b5fb9d4',NULL,NULL,'2020-08-27 23:38:58','2020-08-28 00:06:50');

/*Data for the table `bbeng_service_points` */

insert  into `bbeng_service_points`(`id`,`type`,`version`,`site_profile_id`,`gate_meter`,`category_name`,`tenancy_number`,`tenancy_street_number`,`tenancy_street_name`,`tenancy_street_type`,`tenancy_suburb`,`tenancy_state`,`tenancy_postcode`,`tenancy_country`,`account_type`,`charge_profile_id`,`service_formula`,`use_parent_tni_dlf`,`dlf_code`,`tni_code`,`hash_code`,`snp_tenancy_address`,`snp_cnsmp_annual`,`snp_cnsmp_uom`,`snp_cnsmp_profile`,`snp_open_date`,`snp_close_date`,`snp_on_market_status`,`parent_id`,`snp_market_identifier`,`snp_data_provider`,`snp_service_points`,`snp_on_market_pnts`,`snp_life_support`,`snp_overall_supply_state`,`snp_overall_supply_state_from`,`name`,`description`,`deleted`,`assigned_user_id`,`created_by`,`modified_user_id`,`team_id`,`team_set_id`,`date_entered`,`date_modified`) values 
(539,'electricity','2016-11-25 10:53:18.000000',7,'F',NULL,'Unit 501','3','Orchid','AVE','Surfers Paradise','QLD','4217',NULL,NULL,NULL,NULL,'T',NULL,NULL,'4b8a576156debbd76093966bb95d774e297727934729139c98988cb8c6282ac0','Unit 501 3 Orchid AVE',0.000,NULL,NULL,'2015-05-05',NULL,'O',NULL,NULL,'LPE',0,0,0,'UNKNOWN',NULL,NULL,NULL,0,NULL,NULL,'1ac001f8-1423-f236-20b0-5636ced7fda1',NULL,NULL,NULL,'2015-11-20 01:46:29'),
(17886,'electricity','2020-08-28 00:06:21.000000',253,'F',NULL,'Unit 2406','141','Campbell','ST','Bowen Hills','QLD','4006',NULL,NULL,NULL,NULL,'T',NULL,NULL,'a08b36aba933d314791ff2714a9791f771e98bfeeddee1c918bc094e4d133748','Unit 2406 141 Campbell ST',0.000,NULL,NULL,'2018-12-19',NULL,'O',NULL,NULL,'LPE',0,0,0,'CONNECTED','2020-09-25',NULL,NULL,0,NULL,'e542074e-f7cb-c085-9b4c-57eb0b5fb9d4','e542074e-f7cb-c085-9b4c-57eb0b5fb9d4',NULL,NULL,'2018-08-15 01:23:18','2020-08-28 00:06:21'),
(18029,'water','2018-09-12 03:47:08.000000',292,'F',NULL,'Unit 2406','141','Campbell','ST','Bowen Hills','QLD','4006',NULL,NULL,NULL,NULL,'T',NULL,NULL,'a08b36aba933d314791ff2714a9791f771e98bfeeddee1c918bc094e4d133748','Unit 2406 141 Campbell ST',0.000,NULL,NULL,'2018-08-10',NULL,'O',NULL,NULL,'LPE',0,0,0,'UNKNOWN',NULL,NULL,NULL,0,NULL,'e542074e-f7cb-c085-9b4c-57eb0b5fb9d4','e542074e-f7cb-c085-9b4c-57eb0b5fb9d4',NULL,NULL,'2018-08-16 00:29:10','2018-09-12 03:47:08'),
(23521,'electricity','2020-04-07 21:53:26.000000',256,'F',NULL,'Common Area Inverter 1','52-62','Cotterill','AVE','Bongaree','QLD','4507',NULL,NULL,NULL,NULL,'F','FLCL','QSPN','bdc37836a559924a8a84a2a8f9104b99edd3c78a2199585e02ed257852bc9bf7','Common Area Inverter 1 52-62 Cotterill AVE',0.000,NULL,NULL,'2019-12-03',NULL,'C',NULL,'SPTLS70019','LPE',0,0,0,'MIXED_STATE','2020-01-31',NULL,NULL,0,NULL,'e542074e-f7cb-c085-9b4c-57eb0b5fb9d4','e542074e-f7cb-c085-9b4c-57eb0b5fb9d4',NULL,NULL,'2019-12-16 01:11:08','2020-04-07 21:53:25'),
(23973,'electricity','2020-09-23 16:03:26.000000',256,'F',NULL,'Common Area Inverter 2','52-62','Cotterill','AVE','Bongaree','QLD','4507',NULL,NULL,NULL,NULL,'F','FLCL','QSPN','8e496ca311889c1389a0f1c7d21ddffc3793c551fffaaf4692634b84df71cdce','Common Area Inverter 2 52-62 Cotterill AVE',0.000,NULL,NULL,'2020-01-06',NULL,'C',NULL,'SPTLS70021','LPE',0,0,0,'MIXED_STATE','2020-01-31',NULL,NULL,0,NULL,'e542074e-f7cb-c085-9b4c-57eb0b5fb9d4','e542074e-f7cb-c085-9b4c-57eb0b5fb9d4',NULL,NULL,'2020-02-12 22:26:47','2020-04-07 05:20:56'),
(24720,'electricity','2020-04-28 02:25:11.000000',394,'F',NULL,'Common Area','83-85','Station','RD','Woodridge','QLD','4114',NULL,NULL,NULL,NULL,'F','FLCL','QLGL','7f1c49f6d93a94cd39610ae53ea77c5b4542f44104aa5aa539d7e95c6812619e','Common Area 83-85 Station RD',0.000,NULL,NULL,'2020-04-14',NULL,'C',NULL,'SPTLS70078','LPE',0,0,0,'CONNECTED','2020-04-14',NULL,NULL,0,NULL,'e542074e-f7cb-c085-9b4c-57eb0b5fb9d4','e542074e-f7cb-c085-9b4c-57eb0b5fb9d4',NULL,NULL,'2020-04-28 02:04:33','2020-04-28 02:25:11');

/*Data for the table `bbeng_service_points_meters` */

insert  into `bbeng_service_points_meters`(`id`,`type`,`version`,`service_point_id`,`meter_id`,`description`,`within_network`,`parent_id`,`market_identifier`,`stream_number`,`on_market`,`consumption_ratio`,`formula_variable`,`recording_export`,`recording_import`,`open_date`,`close_date`,`cancelled`,`readings_type`,`snp_supply_state`,`snp_supply_state_from`,`name`,`deleted`,`assigned_user_id`,`created_by`,`modified_user_id`,`team_id`,`team_set_id`,`date_entered`,`date_modified`) values 
(550,'electricity','2020-10-31 16:01:03.000000',539,541,NULL,'T',NULL,NULL,NULL,'F',1.00000000,NULL,'T','F','2015-05-05',NULL,'F','INDEXED_ONLY','UNKNOWN',NULL,NULL,0,NULL,NULL,'1ac001f8-1423-f236-20b0-5636ced7fda1',NULL,NULL,NULL,'2015-11-20 01:46:29'),
(25413,'electricity','2020-08-28 00:06:21.000000',17886,21535,NULL,'T',NULL,NULL,NULL,'F',1.00000000,NULL,'T','F','2018-12-19',NULL,'T','INDEXED_ONLY','UNKNOWN',NULL,NULL,0,NULL,'e542074e-f7cb-c085-9b4c-57eb0b5fb9d4','e542074e-f7cb-c085-9b4c-57eb0b5fb9d4',NULL,NULL,'2018-08-15 01:50:19','2018-08-15 01:50:19'),
(26182,'water','2020-10-23 16:01:16.000000',18029,21681,NULL,'T',NULL,NULL,NULL,'F',1.00000000,NULL,'T','F','2018-08-10',NULL,'F','INDEXED_ONLY','UNKNOWN',NULL,NULL,0,NULL,'e542074e-f7cb-c085-9b4c-57eb0b5fb9d4','e542074e-f7cb-c085-9b4c-57eb0b5fb9d4',NULL,NULL,'2018-09-12 03:47:08','2018-09-12 03:47:08'),
(35404,'electricity','2020-11-01 23:01:39.000000',23521,30289,'General Electricity','F',NULL,'3120129057','1','T',1.00000000,NULL,'T','T','2019-12-03',NULL,'F','INTERVAL_THEN_INDEXED','UNKNOWN',NULL,NULL,0,NULL,'e542074e-f7cb-c085-9b4c-57eb0b5fb9d4','e542074e-f7cb-c085-9b4c-57eb0b5fb9d4',NULL,NULL,'2019-12-16 01:11:08','2020-04-07 05:20:30'),
(35405,'electricity','2020-05-31 21:59:25.000000',23521,30290,'Solar Generated','F',NULL,'3120129057','6','T',-1.00000000,NULL,'F','T','2019-12-03','2020-01-30','F','INDEXED_ONLY','UNKNOWN',NULL,NULL,0,NULL,'e542074e-f7cb-c085-9b4c-57eb0b5fb9d4','e542074e-f7cb-c085-9b4c-57eb0b5fb9d4',NULL,NULL,'2019-12-16 01:12:45','2020-04-07 21:52:50'),
(35406,'electricity','2020-05-31 21:59:25.000000',23521,30291,'Solar Generated','F',NULL,'3120129057','7','T',-1.00000000,NULL,'F','T','2019-12-03','2020-01-30','F','INDEXED_ONLY','UNKNOWN',NULL,NULL,0,NULL,'e542074e-f7cb-c085-9b4c-57eb0b5fb9d4','e542074e-f7cb-c085-9b4c-57eb0b5fb9d4',NULL,NULL,'2019-12-16 01:14:41','2020-04-07 21:53:06'),
(35407,'electricity','2020-05-31 21:59:25.000000',23521,30292,'Solar Generated','F',NULL,'3120129057','8','T',-1.00000000,NULL,'F','T','2019-12-03','2020-01-30','F','INDEXED_ONLY','UNKNOWN',NULL,NULL,0,NULL,'e542074e-f7cb-c085-9b4c-57eb0b5fb9d4','e542074e-f7cb-c085-9b4c-57eb0b5fb9d4',NULL,NULL,'2019-12-16 01:15:33','2020-04-07 21:53:16'),
(35408,'electricity','2020-05-31 21:59:25.000000',23521,30293,'Solar Generated','F',NULL,'3120129057','9','T',-1.00000000,NULL,'F','T','2019-12-03','2020-01-30','F','INDEXED_ONLY','UNKNOWN',NULL,NULL,0,NULL,'e542074e-f7cb-c085-9b4c-57eb0b5fb9d4','e542074e-f7cb-c085-9b4c-57eb0b5fb9d4',NULL,NULL,'2019-12-16 01:16:24','2020-04-07 21:53:25'),
(35965,'electricity','2020-11-01 23:01:39.000000',23521,31794,'Solar Generated','F',NULL,'SPTLS70018','1','T',-1.00000000,NULL,'F','T','2020-01-31',NULL,'F','INTERVAL_THEN_INDEXED','CONNECTED','2020-01-31',NULL,0,NULL,'e542074e-f7cb-c085-9b4c-57eb0b5fb9d4','e542074e-f7cb-c085-9b4c-57eb0b5fb9d4',NULL,NULL,'2020-02-12 05:10:11','2020-04-07 05:19:45'),
(35966,'electricity','2020-11-01 23:01:39.000000',23521,31795,'Solar Generated','F',NULL,'SPTLS70019','1','T',-1.00000000,NULL,'F','T','2020-01-31',NULL,'F','INTERVAL_THEN_INDEXED','CONNECTED','2020-01-31',NULL,0,NULL,'e542074e-f7cb-c085-9b4c-57eb0b5fb9d4','e542074e-f7cb-c085-9b4c-57eb0b5fb9d4',NULL,NULL,'2020-02-12 05:15:36','2020-04-07 05:19:55'),
(35968,'electricity','2020-11-01 23:01:39.000000',23973,31799,'General Electricity','F',NULL,'3120129058','1','T',1.00000000,NULL,'T','T','2020-01-06',NULL,'F','INTERVAL_THEN_INDEXED','UNKNOWN',NULL,NULL,0,NULL,'e542074e-f7cb-c085-9b4c-57eb0b5fb9d4','e542074e-f7cb-c085-9b4c-57eb0b5fb9d4',NULL,NULL,'2020-02-12 22:26:47','2020-04-07 05:20:56'),
(35969,'electricity','2020-11-01 23:01:39.000000',23973,31798,'Solar Generated','F',NULL,'SPTLS70021','1','T',-1.00000000,NULL,'F','T','2020-01-31',NULL,'F','INTERVAL_THEN_INDEXED','CONNECTED','2020-01-31',NULL,0,NULL,'e542074e-f7cb-c085-9b4c-57eb0b5fb9d4','e542074e-f7cb-c085-9b4c-57eb0b5fb9d4',NULL,NULL,'2020-02-12 22:28:35','2020-04-07 05:19:09'),
(35970,'electricity','2020-11-01 23:01:39.000000',23973,31800,'Solar Generated','F',NULL,'SPTLS70020','1','T',-1.00000000,NULL,'F','T','2020-01-31',NULL,'F','INTERVAL_THEN_INDEXED','CONNECTED','2020-01-31',NULL,0,NULL,'e542074e-f7cb-c085-9b4c-57eb0b5fb9d4','e542074e-f7cb-c085-9b4c-57eb0b5fb9d4',NULL,NULL,'2020-02-12 22:29:11','2020-04-07 05:19:30'),
(37220,'electricity','2020-10-31 16:02:39.000000',24720,33459,'General Electricity','F',NULL,'QB12312509','1','T',1.00000000,NULL,'T','T','2020-04-14',NULL,'F','INTERVAL_ONLY','CONNECTED','2020-04-14',NULL,0,NULL,'e542074e-f7cb-c085-9b4c-57eb0b5fb9d4','e542074e-f7cb-c085-9b4c-57eb0b5fb9d4',NULL,NULL,'2020-04-28 02:04:33','2020-04-28 02:22:45'),
(37221,'electricity','2020-10-31 16:02:39.000000',24720,33461,'Solar Generated','F',NULL,'SPTLS70078','1','T',-1.00000000,NULL,'F','T','2020-04-14',NULL,'F','INTERVAL_ONLY','CONNECTED','2020-04-14',NULL,0,NULL,'e542074e-f7cb-c085-9b4c-57eb0b5fb9d4','e542074e-f7cb-c085-9b4c-57eb0b5fb9d4',NULL,NULL,'2020-04-28 02:25:11','2020-04-28 02:25:11'),
(39534,'electricity','2020-10-23 16:01:16.000000',17886,36144,NULL,'T',NULL,NULL,NULL,'F',1.00000000,NULL,'T','F','2019-12-20',NULL,'F','INDEXED_ONLY','CONNECTED','2020-09-25',NULL,0,NULL,'e542074e-f7cb-c085-9b4c-57eb0b5fb9d4','e542074e-f7cb-c085-9b4c-57eb0b5fb9d4',NULL,NULL,'2020-08-27 23:35:10','2020-08-28 00:06:11'),
(39535,'electricity','2020-08-28 00:06:21.000000',17886,36145,NULL,'T',NULL,NULL,NULL,'F',1.00000000,NULL,'T','F','2018-12-19','2019-12-19','F','INDEXED_ONLY','UNKNOWN',NULL,NULL,0,NULL,'e542074e-f7cb-c085-9b4c-57eb0b5fb9d4','e542074e-f7cb-c085-9b4c-57eb0b5fb9d4',NULL,NULL,'2020-08-27 23:39:12','2020-08-28 00:06:21');

/*Data for the table `bbeng_site_details` */

insert  into `bbeng_site_details`(`id`,`type`,`version`,`site_number`,`site_name`,`client_identifier`,`state`,`network_type`,`network_category`,`first_bill_date`,`cutover_date`,`agency_legal_name`,`agency_trading_name`,`agency_legal_id`,`last_invoice_number`,`last_account_number`,`snp_complex`,`snp_common_address`,`snp_common_suburb`,`snp_service_type`,`snp_open_date`,`snp_close_date`,`snp_gate_meters`,`snp_service_points`,`snp_on_market`,`snp_accounts`,`snp_life_support`,`name`,`description`,`deleted`,`assigned_user_id`,`created_by`,`modified_user_id`,`team_id`,`team_set_id`,`date_entered`,`date_modified`) values 
(8,'utility','2020-03-17 05:40:45.000000','30008','The Mark Residential CTS 11751','LPE','QLD','EMBEDDED','RETRO','2015-08-01','2015-08-01',NULL,NULL,NULL,5442,326,'The Mark Residential CTS 11751 (30008)','3 Orchid AVE','Surfers Paradise','electricity','2015-08-01',NULL,1,86,0,80,2,NULL,NULL,0,NULL,'5a7833de-faf1-0daa-d915-55a6e82958d5','e542074e-f7cb-c085-9b4c-57eb0b5fb9d4',NULL,NULL,'2015-08-24 01:33:48','2020-03-17 05:40:45'),
(251,'utility','2020-03-17 06:06:10.000000','30251','The Mews Bowen Hills CTS 33016','LPE','QLD','EMBEDDED','RETRO','2018-01-24','2018-02-01',NULL,NULL,NULL,4566,337,'The Mews Bowen Hills CTS 33016 (30251)','141 Campbell ST','Bowen Hills','electricity,water','2018-08-15',NULL,2,356,0,171,0,NULL,NULL,0,NULL,'e542074e-f7cb-c085-9b4c-57eb0b5fb9d4','e542074e-f7cb-c085-9b4c-57eb0b5fb9d4',NULL,NULL,'2018-02-01 01:40:20','2020-03-17 06:06:10'),
(254,'utility','2020-03-17 06:14:04.000000','30254','Coolamon Churches of Christ Bribie Island','LPE','QLD','EMBEDDED','TAKE_OVER','2018-02-07','2018-02-05',NULL,NULL,NULL,2753,107,'Coolamon Churches of Christ Bribie Island (30254)','38 Cotterill AVE,52-62 Cotterill AVE','Bongaree','electricity,water','2018-03-01',NULL,2,110,2,91,0,NULL,NULL,0,NULL,'e542074e-f7cb-c085-9b4c-57eb0b5fb9d4','e542074e-f7cb-c085-9b4c-57eb0b5fb9d4',NULL,NULL,'2018-02-01 03:36:05','2020-03-17 06:14:04'),
(371,'utility','2020-04-30 04:27:42.000000','30366','Logan Central Apartments','LPE','QLD','MASS_MARKET','SOLAR_IWA_OM','2020-04-01','2020-04-14',NULL,NULL,NULL,194,34,'Logan Central Apartments (30366)',NULL,NULL,'electricity','2020-04-14',NULL,0,26,26,25,0,NULL,NULL,0,NULL,'e542074e-f7cb-c085-9b4c-57eb0b5fb9d4','e542074e-f7cb-c085-9b4c-57eb0b5fb9d4',NULL,NULL,'2020-04-28 01:52:19','2020-04-30 04:27:42');

/*Data for the table `bbeng_site_profiles` */

insert  into `bbeng_site_profiles`(`id`,`type`,`version`,`site_id`,`billing_frequency`,`payment_period`,`payment_period_method`,`fault_name`,`fault_contact_hours`,`fault_contact_phone`,`fault_email`,`fault_fax`,`fault_website`,`default_data_provider`,`network_area`,`service_model`,`snp_gate_meters`,`snp_service_points`,`snp_on_market`,`snp_life_support`,`snp_open_date`,`snp_close_date`,`name`,`description`,`deleted`,`assigned_user_id`,`created_by`,`modified_user_id`,`team_id`,`team_set_id`,`date_entered`,`date_modified`) values 
(7,'electricity','2015-08-31 23:08:26.000000',8,'MONTHLY',14,'CALENDAR','Energex','24 Hours','13 62 62',NULL,NULL,NULL,'LPE','ENRGX',NULL,1,86,0,2,'2015-08-01',NULL,NULL,NULL,0,NULL,'1','1',NULL,NULL,'2015-08-31 23:08:26','2015-08-31 23:08:26'),
(253,'electricity','2018-02-01 01:47:55.000000',251,'MONTHLY',14,'CALENDAR','Energex','24 Hours','13 62 62',NULL,NULL,NULL,'LPE','ENRGX',NULL,1,180,0,0,'2018-08-15',NULL,NULL,NULL,0,NULL,'e542074e-f7cb-c085-9b4c-57eb0b5fb9d4','e542074e-f7cb-c085-9b4c-57eb0b5fb9d4',NULL,NULL,'2018-02-01 01:47:55','2018-02-01 01:47:55'),
(292,'water','2019-12-09 06:01:08.000000',251,'MONTHLY',14,'CALENDAR','South East QLD Water','24 Hours','1800 771 497',NULL,NULL,NULL,'LPE','SEQW',NULL,1,176,0,0,'2018-09-10',NULL,NULL,NULL,0,NULL,'e542074e-f7cb-c085-9b4c-57eb0b5fb9d4','e542074e-f7cb-c085-9b4c-57eb0b5fb9d4',NULL,NULL,'2018-08-16 00:24:03','2019-12-09 06:01:08'),
(394,'electricity','2020-04-28 01:52:47.000000',371,'MONTHLY',14,'CALENDAR','Energex','24 Hours','13 62 62',NULL,NULL,NULL,'LPE','ENRGX',NULL,0,26,26,0,'2020-04-14',NULL,NULL,NULL,0,NULL,'e542074e-f7cb-c085-9b4c-57eb0b5fb9d4','e542074e-f7cb-c085-9b4c-57eb0b5fb9d4',NULL,NULL,'2020-04-28 01:52:47','2020-04-28 01:52:47');

/*Data for the table `contacts` */

insert  into `contacts`(`id`,`date_entered`,`date_modified`,`modified_user_id`,`created_by`,`description`,`deleted`,`assigned_user_id`,`team_id`,`team_set_id`,`salutation`,`first_name`,`snp_first_name`,`last_name`,`snp_last_name`,`title`,`facebook`,`twitter`,`googleplus`,`department`,`do_not_call`,`phone_home`,`phone_mobile`,`snp_phone_mobile`,`phone_work`,`snp_phone_work`,`phone_other`,`phone_fax`,`primary_address_street`,`primary_address_city`,`primary_address_state`,`primary_address_postalcode`,`primary_address_country`,`alt_address_street`,`alt_address_city`,`alt_address_state`,`alt_address_postalcode`,`alt_address_country`,`assistant`,`assistant_phone`,`picture`,`lead_source`,`dnb_principal_id`,`reports_to_id`,`birthdate`,`campaign_id`,`mkto_sync`,`mkto_id`,`mkto_lead_score`,`phone_after_hours_valid`,`phone_mobile_valid`,`primary_contact_number`,`phone_work_valid`,`middle_initial`,`phone_after_hours`,`snp_phone_after_hours`,`primary_account_id`,`portal_access`,`phone_mobile_opt_out`,`phone_after_hours_opt_out`,`phone_work_opt_out`,`secret_code`,`portal_last_login`,`portal_jwt_expiry`,`portal_pwd_hash`,`portal_reset_token`,`portal_reset_attempts`,`portal_login_attempts`,`is_locked`,`assistance_last_login`,`assistance_jwt_expiry`,`assistance_user_id`) values 
('aa719ae2-3d91-d160-19f7-55ee4adde92a','2015-09-08 02:38:53','2020-11-30 07:03:13','25b2d28e-80a4-5e57-9a7d-5642c1ea2b68','1',NULL,0,'1','1','1',NULL,'Jossy','Jossy','Home','Home',NULL,NULL,NULL,NULL,NULL,0,NULL,'0417398072','61417398072',NULL,'',NULL,NULL,NULL,NULL,NULL,NULL,NULL,NULL,NULL,NULL,NULL,NULL,NULL,NULL,NULL,NULL,NULL,NULL,NULL,'',0,NULL,NULL,1,1,'phone_mobile',1,NULL,NULL,'','e76d31e4-486d-8fbf-b382-5fcdaa470c39','ACTIVE',0,0,0,NULL,'2020-12-14 04:23:21','2020-12-15 04:23:21','6d5c09bb6ce55a65a483af9e7939502898fc80e893d913cf2cf85550ae3d6dab',NULL,0,0,'F',NULL,NULL,NULL);

/*Data for the table `email_addr_bean_rel` */

insert  into `email_addr_bean_rel`(`id`,`email_address_id`,`bean_id`,`bean_module`,`primary_address`,`reply_to_address`,`date_created`,`date_modified`,`deleted`) values 
('2c81c417-39a8-31eb-5c34-5fc498851a75','c902277c-121a-8b76-d51e-5f8e942792b1','aa719ae2-3d91-d160-19f7-55ee4adde92a','Contacts',1,0,'2020-11-30 07:01:13','2020-11-30 07:01:13',0),
('a120d6e5-6949-7494-f60c-5fc0557e42d1','a15f51d1-6f57-d43a-0158-5fc055b40433','aa719ae2-3d91-d160-19f7-55ee4adde92a','Contacts',1,0,'2020-11-27 01:26:43','2020-11-27 01:26:43',1),
('c8c25912-b85a-2e57-8124-5f8e94bc8060','c902277c-121a-8b76-d51e-5f8e942792b1','aa719ae2-3d91-d160-19f7-55ee4adde92a','Contacts',1,0,'2020-10-20 07:40:40','2020-10-20 07:40:40',1);

/*Data for the table `email_addresses` */

insert  into `email_addresses`(`id`,`email_address`,`email_address_caps`,`invalid_email`,`opt_out`,`date_created`,`date_modified`,`deleted`) values 
('c902277c-121a-8b76-d51e-5f8e942792b1','hi@hello.com.au','HI@HELLO.COM.AU',0,0,'2020-10-20 07:40:40','2020-10-20 07:40:40',0);

/*Data for the table `users` */

INSERT INTO `users` (`id`, `user_name`, `user_hash`, `system_generated_password`, `pwd_last_changed`, `authenticate_id`, `sugar_login`, `picture`, `first_name`, `last_name`, `is_admin`, `external_auth_only`, `receive_notifications`, `description`, `date_entered`, `date_modified`, `last_login`, `modified_user_id`, `created_by`, `title`, `department`, `phone_home`, `phone_mobile`, `phone_work`, `phone_other`, `phone_fax`, `status`, `address_street`, `address_city`, `address_state`, `address_country`, `address_postalcode`, `default_team`, `team_set_id`, `deleted`, `portal_only`, `show_on_employees`, `employee_status`, `messenger_id`, `messenger_type`, `reports_to_id`, `is_group`, `preferred_language`) VALUES ('1', 'sysadmin', 'aa2febb9226e9188f6c4a26e9b03e3bd', '0', '2015-09-28 05:09:00', NULL, '1', NULL, NULL, 'Administrator', '1', '0', '1', NULL, '2015-03-10 06:57:14', '2019-03-14 05:48:38', '2019-03-14 05:35:00', '1bbcf81e-eae2-77f1-471b-54fe9e97fab7', '', 'Administrator', NULL, '+61417398072', '+61417398072', '+61417398072', '+61417398072', '+61417398072', 'Active', 'Blossom St', 'Mitcham', 'Victoria', 'Australia', '3132', '1', '1', '0', '0', '1', 'Active', NULL, NULL, NULL, '0', NULL);
INSERT INTO `users` (`id`, `user_name`, `user_hash`, `system_generated_password`, `pwd_last_changed`, `authenticate_id`, `sugar_login`, `picture`, `first_name`, `last_name`, `is_admin`, `external_auth_only`, `receive_notifications`, `description`, `date_entered`, `date_modified`, `last_login`, `modified_user_id`, `created_by`, `title`, `department`, `phone_home`, `phone_mobile`, `phone_work`, `phone_other`, `phone_fax`, `status`, `address_street`, `address_city`, `address_state`, `address_country`, `address_postalcode`, `default_team`, `team_set_id`, `deleted`, `portal_only`, `show_on_employees`, `employee_status`, `messenger_id`, `messenger_type`, `reports_to_id`, `is_group`, `preferred_language`) VALUES ('19d537c6-c2db-fd96-4ce2-54fe95a0bae8', 'SNIPuser', 'aa2febb9226e9188f6c4a26e9b03e3bd', '0', NULL, 'f1afef32f70f', '1', NULL, NULL, 'Email Archiving user', '0', '1', '0', 'Email Archiving user', '2015-03-10 06:57:14', '2015-03-10 06:57:14', NULL, '1', '1', 'Email Archiving user', NULL, NULL, NULL, NULL, NULL, NULL, 'Reserved', NULL, NULL, NULL, NULL, NULL, '1', '1', '0', '0', '1', NULL, NULL, NULL, NULL, NULL, NULL);
INSERT INTO `users` (`id`, `user_name`, `user_hash`, `system_generated_password`, `pwd_last_changed`, `authenticate_id`, `sugar_login`, `picture`, `first_name`, `last_name`, `is_admin`, `external_auth_only`, `receive_notifications`, `description`, `date_entered`, `date_modified`, `last_login`, `modified_user_id`, `created_by`, `title`, `department`, `phone_home`, `phone_mobile`, `phone_work`, `phone_other`, `phone_fax`, `status`, `address_street`, `address_city`, `address_state`, `address_country`, `address_postalcode`, `default_team`, `team_set_id`, `deleted`, `portal_only`, `show_on_employees`, `employee_status`, `messenger_id`, `messenger_type`, `reports_to_id`, `is_group`, `preferred_language`) VALUES ('1bbcf81e-eae2-77f1-471b-54fe9e97fab7', 'meera', 'aa2febb9226e9188f6c4a26e9b03e3bd', '0', '2015-03-10 07:35:00', NULL, '1', NULL, 'Meera', 'Hans', '1', '0', '1', NULL, '2015-03-10 07:35:51', '2019-03-14 05:49:52', '2019-03-14 05:37:00', '1bbcf81e-eae2-77f1-471b-54fe9e97fab7', '1', NULL, NULL, NULL, NULL, NULL, NULL, NULL, 'Active', NULL, NULL, NULL, NULL, NULL, '1', '1', '0', '0', '1', 'Active', NULL, NULL, NULL, '0', NULL);
INSERT INTO `users` (`id`, `user_name`, `user_hash`, `system_generated_password`, `pwd_last_changed`, `authenticate_id`, `sugar_login`, `picture`, `first_name`, `last_name`, `is_admin`, `external_auth_only`, `receive_notifications`, `description`, `date_entered`, `date_modified`, `last_login`, `modified_user_id`, `created_by`, `title`, `department`, `phone_home`, `phone_mobile`, `phone_work`, `phone_other`, `phone_fax`, `status`, `address_street`, `address_city`, `address_state`, `address_country`, `address_postalcode`, `default_team`, `team_set_id`, `deleted`, `portal_only`, `show_on_employees`, `employee_status`, `messenger_id`, `messenger_type`, `reports_to_id`, `is_group`, `preferred_language`) VALUES ('25b2d28e-80a4-5e57-9a7d-5642c1ea2b68', 'support', 'aa2febb9226e9188f6c4a26e9b03e3bd', '1', '2015-11-11 04:16:00', NULL, '1', NULL, 'Support', 'Energy Intelligence', '0', '0', '1', NULL, '2015-11-11 04:16:06', '2015-11-11 04:20:05', NULL, '1', '1', NULL, NULL, NULL, NULL, NULL, NULL, NULL, 'Active', NULL, NULL, NULL, NULL, NULL, '1', '1', '1', '0', '1', 'Terminated', NULL, NULL, NULL, '0', NULL);
INSERT INTO `users` (`id`, `user_name`, `user_hash`, `system_generated_password`, `pwd_last_changed`, `authenticate_id`, `sugar_login`, `picture`, `first_name`, `last_name`, `is_admin`, `external_auth_only`, `receive_notifications`, `description`, `date_entered`, `date_modified`, `last_login`, `modified_user_id`, `created_by`, `title`, `department`, `phone_home`, `phone_mobile`, `phone_work`, `phone_other`, `phone_fax`, `status`, `address_street`, `address_city`, `address_state`, `address_country`, `address_postalcode`, `default_team`, `team_set_id`, `deleted`, `portal_only`, `show_on_employees`, `employee_status`, `messenger_id`, `messenger_type`, `reports_to_id`, `is_group`, `preferred_language`) VALUES ('28e00331-5e20-77ca-d748-5508b7a05aad', 'billing', 'aa2febb9226e9188f6c4a26e9b03e3bd', '0', '2015-05-14 01:57:00', NULL, '1', NULL, 'Billing', 'EnergyIntel', '0', '0', '1', NULL, '2015-03-17 23:25:19', '2015-11-11 04:42:38', '2015-12-20 22:56:29', '28e00331-5e20-77ca-d748-5508b7a05aad', '1', NULL, NULL, NULL, NULL, NULL, NULL, NULL, 'Active', NULL, NULL, NULL, NULL, NULL, '1', '1', '0', '0', '1', 'Active', NULL, NULL, NULL, '0', NULL);
INSERT INTO `users` (`id`, `user_name`, `user_hash`, `system_generated_password`, `pwd_last_changed`, `authenticate_id`, `sugar_login`, `picture`, `first_name`, `last_name`, `is_admin`, `external_auth_only`, `receive_notifications`, `description`, `date_entered`, `date_modified`, `last_login`, `modified_user_id`, `created_by`, `title`, `department`, `phone_home`, `phone_mobile`, `phone_work`, `phone_other`, `phone_fax`, `status`, `address_street`, `address_city`, `address_state`, `address_country`, `address_postalcode`, `default_team`, `team_set_id`, `deleted`, `portal_only`, `show_on_employees`, `employee_status`, `messenger_id`, `messenger_type`, `reports_to_id`, `is_group`, `preferred_language`) VALUES ('52fb44da-36d7-1130-4e44-5508b4176df7', 'accounts', 'aa2febb9226e9188f6c4a26e9b03e3bd', '0', '2015-03-17 23:24:00', NULL, '1', NULL, 'Accounts', 'EnergyIntel', '1', '0', '1', NULL, '2015-03-17 23:09:42', '2015-06-12 02:23:59', '2015-12-14 05:09:12', '1', '1', NULL, NULL, NULL, NULL, NULL, NULL, NULL, 'Active', NULL, NULL, NULL, NULL, NULL, '1', '1', '0', '0', '1', 'Active', NULL, NULL, NULL, '0', NULL);
INSERT INTO `users` (`id`, `user_name`, `user_hash`, `system_generated_password`, `pwd_last_changed`, `authenticate_id`, `sugar_login`, `picture`, `first_name`, `last_name`, `is_admin`, `external_auth_only`, `receive_notifications`, `description`, `date_entered`, `date_modified`, `last_login`, `modified_user_id`, `created_by`, `title`, `department`, `phone_home`, `phone_mobile`, `phone_work`, `phone_other`, `phone_fax`, `status`, `address_street`, `address_city`, `address_state`, `address_country`, `address_postalcode`, `default_team`, `team_set_id`, `deleted`, `portal_only`, `show_on_employees`, `employee_status`, `messenger_id`, `messenger_type`, `reports_to_id`, `is_group`, `preferred_language`) VALUES ('9a48e52f-b35d-e19e-2063-564cd065517d', 'edwin', 'aa2febb9226e9188f6c4a26e9b03e3bd', '0', '2015-12-06 21:44:00', NULL, '1', NULL, 'Edwin', 'Chan', '0', '0', '1', NULL, '2015-11-18 19:26:48', '2015-11-18 22:12:13', '2015-12-10 05:11:18', '9a48e52f-b35d-e19e-2063-564cd065517d', '1', NULL, NULL, NULL, NULL, NULL, NULL, NULL, 'Active', NULL, NULL, NULL, NULL, NULL, '1', '1', '0', '0', '1', 'Active', NULL, NULL, NULL, '0', NULL);
INSERT INTO `users` (`id`, `user_name`, `user_hash`, `system_generated_password`, `pwd_last_changed`, `authenticate_id`, `sugar_login`, `picture`, `first_name`, `last_name`, `is_admin`, `external_auth_only`, `receive_notifications`, `description`, `date_entered`, `date_modified`, `last_login`, `modified_user_id`, `created_by`, `title`, `department`, `phone_home`, `phone_mobile`, `phone_work`, `phone_other`, `phone_fax`, `status`, `address_street`, `address_city`, `address_state`, `address_country`, `address_postalcode`, `default_team`, `team_set_id`, `deleted`, `portal_only`, `show_on_employees`, `employee_status`, `messenger_id`, `messenger_type`, `reports_to_id`, `is_group`, `preferred_language`) VALUES ('9a4d3754-caaf-a78c-48a0-55f7334f6922', 'jean.vuong', 'aa2febb9226e9188f6c4a26e9b03e3bd', '0', '2015-09-22 23:22:00', NULL, '1', NULL, 'Jean', 'Vuong', '0', '0', '1', NULL, '2015-09-14 20:53:22', '2015-11-11 23:27:45', '2015-12-20 21:43:14', '9a4d3754-caaf-a78c-48a0-55f7334f6922', '1', NULL, NULL, NULL, NULL, NULL, NULL, NULL, 'Active', NULL, NULL, NULL, NULL, NULL, '1', '1', '0', '0', '1', 'Active', NULL, NULL, NULL, '0', NULL);
INSERT INTO `users` (`id`, `user_name`, `user_hash`, `system_generated_password`, `pwd_last_changed`, `authenticate_id`, `sugar_login`, `picture`, `first_name`, `last_name`, `is_admin`, `external_auth_only`, `receive_notifications`, `description`, `date_entered`, `date_modified`, `last_login`, `modified_user_id`, `created_by`, `title`, `department`, `phone_home`, `phone_mobile`, `phone_work`, `phone_other`, `phone_fax`, `status`, `address_street`, `address_city`, `address_state`, `address_country`, `address_postalcode`, `default_team`, `team_set_id`, `deleted`, `portal_only`, `show_on_employees`, `employee_status`, `messenger_id`, `messenger_type`, `reports_to_id`, `is_group`, `preferred_language`) VALUES ('a3d79684-217c-176f-b8f0-55ff1118da6a', 'melanie.james', 'aa2febb9226e9188f6c4a26e9b03e3bd', '0', '2015-11-06 05:29:42', NULL, '1', NULL, 'Melanie', 'James', '0', '0', '1', NULL, '2015-09-20 20:05:30', '2015-09-20 20:18:47', '2015-10-30 04:50:43', '1', '1', NULL, NULL, NULL, NULL, NULL, NULL, NULL, 'Active', NULL, NULL, NULL, NULL, NULL, '1', '1', '0', '0', '1', 'Active', NULL, NULL, NULL, '0', NULL);
INSERT INTO `users` (`id`, `user_name`, `user_hash`, `system_generated_password`, `pwd_last_changed`, `authenticate_id`, `sugar_login`, `picture`, `first_name`, `last_name`, `is_admin`, `external_auth_only`, `receive_notifications`, `description`, `date_entered`, `date_modified`, `last_login`, `modified_user_id`, `created_by`, `title`, `department`, `phone_home`, `phone_mobile`, `phone_work`, `phone_other`, `phone_fax`, `status`, `address_street`, `address_city`, `address_state`, `address_country`, `address_postalcode`, `default_team`, `team_set_id`, `deleted`, `portal_only`, `show_on_employees`, `employee_status`, `messenger_id`, `messenger_type`, `reports_to_id`, `is_group`, `preferred_language`) VALUES ('e062c6fe-14f6-208c-3f16-5598d76c90ef', 'mohsin', 'aa2febb9226e9188f6c4a26e9b03e3bd', '0', '2015-10-27 03:51:29', NULL, '1', NULL, 'Mohsin', 'Ali', '0', '0', '1', NULL, '2015-07-05 07:06:37', '2015-08-28 01:14:08', '2015-12-02 05:23:08', '1', '1', NULL, NULL, NULL, NULL, NULL, NULL, NULL, 'Active', NULL, NULL, NULL, NULL, NULL, '1', '1', '0', '0', '1', 'Active', NULL, NULL, NULL, '0', NULL);
INSERT INTO `users` (`id`, `user_name`, `user_hash`, `system_generated_password`, `pwd_last_changed`, `authenticate_id`, `sugar_login`, `picture`, `first_name`, `last_name`, `is_admin`, `external_auth_only`, `receive_notifications`, `description`, `date_entered`, `date_modified`, `last_login`, `modified_user_id`, `created_by`, `title`, `department`, `phone_home`, `phone_mobile`, `phone_work`, `phone_other`, `phone_fax`, `status`, `address_street`, `address_city`, `address_state`, `address_country`, `address_postalcode`, `default_team`, `team_set_id`, `deleted`, `portal_only`, `show_on_employees`, `employee_status`, `messenger_id`, `messenger_type`, `reports_to_id`, `is_group`, `preferred_language`) VALUES ('e4e16cef-3efd-b780-6c58-55f25c65a5b7', 'lisa.reuters', 'aa2febb9226e9188f6c4a26e9b03e3bd', '0', '2015-10-05 01:02:43', NULL, '1', NULL, 'Lisa', 'Reuters', '0', '0', '1', NULL, '2015-09-11 04:44:58', '2015-09-11 04:58:00', '2015-10-07 05:59:30', 'e4e16cef-3efd-b780-6c58-55f25c65a5b7', '1bbcf81e-eae2-77f1-471b-54fe9e97fab7', NULL, NULL, NULL, NULL, NULL, NULL, NULL, 'Active', NULL, NULL, NULL, NULL, NULL, '1', '1', '0', '0', '1', 'Active', NULL, NULL, NULL, '0', NULL);
INSERT INTO `users` (`id`, `user_name`, `user_hash`, `system_generated_password`, `pwd_last_changed`, `authenticate_id`, `sugar_login`, `picture`, `first_name`, `last_name`, `is_admin`, `external_auth_only`, `receive_notifications`, `description`, `date_entered`, `date_modified`, `last_login`, `modified_user_id`, `created_by`, `title`, `department`, `phone_home`, `phone_mobile`, `phone_work`, `phone_other`, `phone_fax`, `status`, `address_street`, `address_city`, `address_state`, `address_country`, `address_postalcode`, `default_team`, `team_set_id`, `deleted`, `portal_only`, `show_on_employees`, `employee_status`, `messenger_id`, `messenger_type`, `reports_to_id`, `is_group`, `preferred_language`) VALUES ('f0c4cd9d-53a7-d368-78cf-55ff110047d6', 'tom.mcgrath', 'aa2febb9226e9188f6c4a26e9b03e3bd', '0', '2015-10-01 05:23:39', NULL, '1', NULL, 'Tom', 'McGrath', '0', '0', '1', NULL, '2015-09-20 20:04:38', '2015-09-20 20:45:41', '2015-11-23 05:01:37', '1', '1', NULL, NULL, NULL, NULL, NULL, NULL, NULL, 'Active', NULL, NULL, NULL, NULL, NULL, '1', '1', '0', '0', '1', 'Active', NULL, NULL, NULL, '0', NULL);

/* Disable the MFA */
UPDATE `users` SET `mfa_enabled` = 'F';

/*Data for the table `user_preferences` */

INSERT INTO `user_preferences`(`id`, `category`, `deleted`, `date_entered`, `date_modified`, `assigned_user_id`, `contents`) VALUES ('122ca535-17c8-c6e3-b73b-55d3afb81863', 'Documents2_DOCUMENT', 0, '2015-08-18 22:18:25', '2015-08-18 22:18:25', '28e00331-5e20-77ca-d748-5508b7a05aad', 'YToxOntzOjEzOiJsaXN0dmlld09yZGVyIjthOjI6e3M6Nzoib3JkZXJCeSI7czoxMjoiZGF0ZV9lbnRlcmVkIjtzOjk6InNvcnRPcmRlciI7czo0OiJERVNDIjt9fQ==');
INSERT INTO `user_preferences`(`id`, `category`, `deleted`, `date_entered`, `date_modified`, `assigned_user_id`, `contents`) VALUES ('123b6c1c-f402-bc5a-cb2b-54fe9e22b0eb', 'Emails', 0, '2015-03-10 07:32:19', '2015-03-16 05:39:59', '1', 'YTozOntzOjE1OiJlbWFpbDJQcmVmbGlnaHQiO2I6MTtzOjExOiJmb2N1c0ZvbGRlciI7czoxMDE6ImE6Mjp7czo0OiJpZUlkIjtzOjM2OiIxNjdkODQ1ZS00MmYyLTUyNDMtMTNkYy01NTA2NmI2NmUwMWYiO3M6NjoiZm9sZGVyIjtzOjE5OiJTVUdBUi5NeSBTZW50IEVtYWlsIjt9IjtzOjEzOiJlbWFpbFNldHRpbmdzIjthOjU6e3M6MTg6ImVtYWlsQ2hlY2tJbnRlcnZhbCI7czoyOiItMSI7czoxODoiYWx3YXlzU2F2ZU91dGJvdW5kIjtzOjE6IjEiO3M6MTM6InNlbmRQbGFpblRleHQiO3M6MToiMCI7czoxMzoic2hvd051bUluTGlzdCI7czoyOiIyMCI7czoyMjoiZGVmYXVsdE91dGJvdW5kQ2hhcnNldCI7czo1OiJVVEYtOCI7fX0=');
INSERT INTO `user_preferences`(`id`, `category`, `deleted`, `date_entered`, `date_modified`, `assigned_user_id`, `contents`) VALUES ('1a3009f6-3a5b-c4b8-3c2f-5c89e8c7fdad', 'sq_SchedulersQ', 0, '2019-03-14 05:36:47', '2019-03-14 05:36:49', '1', 'YToxOntzOjExOiJTY2hlZHVsZXJzUSI7YTo2OntzOjY6Im1vZHVsZSI7czoxMDoiU2NoZWR1bGVycyI7czo2OiJhY3Rpb24iO3M6NToiaW5kZXgiO3M6MTM6InNlYXJjaEZvcm1UYWIiO3M6MTI6ImJhc2ljX3NlYXJjaCI7czo1OiJxdWVyeSI7czo0OiJ0cnVlIjtzOjEwOiJuYW1lX2Jhc2ljIjtzOjEzOiIoQmx1ZUJpbGxpbmcpIjtzOjY6ImJ1dHRvbiI7czo2OiJTZWFyY2giO319');
INSERT INTO `user_preferences`(`id`, `category`, `deleted`, `date_entered`, `date_modified`, `assigned_user_id`, `contents`) VALUES ('1bbb4824-2ff7-e248-843f-54fe95b5fd6b', 'global', 0, '2015-03-10 06:57:14', '2015-03-10 06:57:14', '19d537c6-c2db-fd96-4ce2-54fe95a0bae8', 'YToyOntzOjEzOiJyZW1pbmRlcl90aW1lIjtpOjE4MDA7czoyMDoiY2FsZW5kYXJfcHVibGlzaF9rZXkiO3M6MzY6IjFiOTQwNmQwLWY5YjctM2ZhYS00Mzk1LTU0ZmU5NWQzMzYwMyI7fQ==');
INSERT INTO `user_preferences`(`id`, `category`, `deleted`, `date_entered`, `date_modified`, `assigned_user_id`, `contents`) VALUES ('201c40b2-deeb-bae3-dcbf-55ff110c269d', 'global', 0, '2015-09-20 20:04:38', '2015-10-01 05:23:39', 'f0c4cd9d-53a7-d368-78cf-55ff110047d6', 'YTozODp7czoxMjoibWFpbG1lcmdlX29uIjtzOjM6Im9mZiI7czoxNjoic3dhcF9sYXN0X3ZpZXdlZCI7czowOiIiO3M6MTQ6InN3YXBfc2hvcnRjdXRzIjtzOjA6IiI7czoxNDoibW9kdWxlX2Zhdmljb24iO3M6MDoiIjtzOjEyOiJkaXNwbGF5X3RhYnMiO2E6MTY6e2k6MDtzOjQ6IkhvbWUiO2k6MTtzOjg6IkFjY291bnRzIjtpOjI7czo4OiJDb250YWN0cyI7aTozO3M6NzoiUmVwb3J0cyI7aTo0O3M6OToiRG9jdW1lbnRzIjtpOjU7czo2OiJFbWFpbHMiO2k6NjtzOjU6IkNhbGxzIjtpOjc7czo1OiJOb3RlcyI7aTo4O3M6NToiQ2FzZXMiO2k6OTtzOjExOiJiYmNybV9TaXRlcyI7aToxMDtzOjE3OiJiYmNybV9TTVNNZXNzYWdlcyI7aToxMTtzOjI0OiJiYmNybV9BY2NvdW50Q29sbGVjdGlvbnMiO2k6MTI7czo4OiJNZWV0aW5ncyI7aToxMztzOjEzOiJiYmNybV9CYW5raW5nIjtpOjE0O3M6MjQ6ImJiY3JtX0RpcmVjdERlYml0SGlzdG9yeSI7aToxNTtzOjE4OiJiYmNybV9NZXRlcmluZ0RhdGEiO31zOjk6ImhpZGVfdGFicyI7YTowOnt9czoxMToicmVtb3ZlX3RhYnMiO2E6MDp7fXM6Nzoibm9fb3BwcyI7czozOiJvZmYiO3M6MTM6InJlbWluZGVyX3RpbWUiO3M6NDoiMTgwMCI7czoxOToiZW1haWxfcmVtaW5kZXJfdGltZSI7aTotMTtzOjg6InRpbWV6b25lIjtzOjE5OiJBdXN0cmFsaWEvTWVsYm91cm5lIjtzOjI6InV0IjtzOjE6IjEiO3M6ODoiY3VycmVuY3kiO3M6MzoiLTk5IjtzOjM1OiJkZWZhdWx0X2N1cnJlbmN5X3NpZ25pZmljYW50X2RpZ2l0cyI7czoxOiIyIjtzOjIzOiJjdXJyZW5jeV9zaG93X3ByZWZlcnJlZCI7YjowO3M6MTE6Im51bV9ncnBfc2VwIjtzOjE6IiwiO3M6NzoiZGVjX3NlcCI7czoxOiIuIjtzOjQ6ImZkb3ciO3M6MToiMCI7czo1OiJkYXRlZiI7czo1OiJkL20vWSI7czo1OiJ0aW1lZiI7czo0OiJoOmlhIjtzOjI2OiJkZWZhdWx0X2xvY2FsZV9uYW1lX2Zvcm1hdCI7czo1OiJzIGYgbCI7czoxNjoiZXhwb3J0X2RlbGltaXRlciI7czoxOiIsIjtzOjIyOiJkZWZhdWx0X2V4cG9ydF9jaGFyc2V0IjtzOjU6IlVURi04IjtzOjE0OiJ1c2VfcmVhbF9uYW1lcyI7czoyOiJvbiI7czoxNzoibWFpbF9zbXRwYXV0aF9yZXEiO3M6MDoiIjtzOjEyOiJtYWlsX3NtdHBzc2wiO2k6MDtzOjI3OiJzdWdhcnBkZl9wZGZfZm9udF9uYW1lX21haW4iO3M6OToiaGVsdmV0aWNhIjtzOjI3OiJzdWdhcnBkZl9wZGZfZm9udF9zaXplX21haW4iO3M6MToiOCI7czoyNzoic3VnYXJwZGZfcGRmX2ZvbnRfbmFtZV9kYXRhIjtzOjk6ImhlbHZldGljYSI7czoyNzoic3VnYXJwZGZfcGRmX2ZvbnRfc2l6ZV9kYXRhIjtzOjE6IjgiO3M6MTU6ImVtYWlsX2xpbmtfdHlwZSI7czo1OiJzdWdhciI7czoxNzoiZW1haWxfc2hvd19jb3VudHMiO2k6MDtzOjIwOiJjYWxlbmRhcl9wdWJsaXNoX2tleSI7czozNjoiMmE2MDUxNGItNWUwMS0xYzQ3LWUwOGMtNTVmZjExYjcxZTM1IjtzOjE1OiJsb2dpbmV4cGlyYXRpb24iO3M6MToiMCI7czo3OiJsb2Nrb3V0IjtzOjA6IiI7czoxMToibG9naW5mYWlsZWQiO3M6MToiMCI7czoxMToiX19zdWdhcl91cmwiO3M6MTg6InYxMC9tZS9wcmVmZXJlbmNlcyI7czoxMDoidXNlcl90aGVtZSI7czo2OiJSYWNlclgiO30=');
INSERT INTO `user_preferences`(`id`, `category`, `deleted`, `date_entered`, `date_modified`, `assigned_user_id`, `contents`) VALUES ('2bd712ca-79f3-5949-58af-5f801bbaed10', 'sq_SchedulersQ', 0, '2020-10-09 08:12:46', '2020-10-10 06:05:39', '52fb44da-36d7-1130-4e44-5508b4176df7', 'YToxOntzOjExOiJTY2hlZHVsZXJzUSI7YTo2OntzOjY6Im1vZHVsZSI7czoxMDoiU2NoZWR1bGVycyI7czo2OiJhY3Rpb24iO3M6NToiaW5kZXgiO3M6MTM6InNlYXJjaEZvcm1UYWIiO3M6MTI6ImJhc2ljX3NlYXJjaCI7czo1OiJxdWVyeSI7czo0OiJ0cnVlIjtzOjEwOiJuYW1lX2Jhc2ljIjtzOjIwOiIoQmx1ZUJpbGxpbmcpIE9ubGluZSI7czo2OiJidXR0b24iO3M6NjoiU2VhcmNoIjt9fQ==');
INSERT INTO `user_preferences`(`id`, `category`, `deleted`, `date_entered`, `date_modified`, `assigned_user_id`, `contents`) VALUES ('2f11f7bb-74bc-0619-8073-54fe9e6a5be4', 'global', 0, '2015-03-10 07:35:51', '2019-03-14 05:49:52', '1bbcf81e-eae2-77f1-471b-54fe9e97fab7', 'YTo0Mzp7czoxMzoicmVtaW5kZXJfdGltZSI7czo0OiIxODAwIjtzOjIwOiJjYWxlbmRhcl9wdWJsaXNoX2tleSI7czozNjoiMzFiNzg5MzktYmNlZS0xMTEwLWM0MDQtNTRmZTllMmUzMGMxIjtzOjg6InRpbWV6b25lIjtzOjE5OiJBdXN0cmFsaWEvTWVsYm91cm5lIjtzOjEwOiJ1c2VyX3RoZW1lIjtzOjY6IlJhY2VyWCI7czo1OiJ0aW1lZiI7czo0OiJoOmlhIjtzOjU6ImRhdGVmIjtzOjU6ImQvbS9ZIjtzOjI2OiJkZWZhdWx0X2xvY2FsZV9uYW1lX2Zvcm1hdCI7czo1OiJzIGYgbCI7czoyOiJ1dCI7czoxOiIxIjtzOjExOiJfX3N1Z2FyX3VybCI7czoxODoidjEwL21lL3ByZWZlcmVuY2VzIjtzOjM0OiJJbmJvdW5kRW1haWxfSW5ib3VuZEVtYWlsX09SREVSX0JZIjtzOjEyOiJkYXRlX2VudGVyZWQiO3M6MTc6InNpZ25hdHVyZV9kZWZhdWx0IjtzOjA6IiI7czoxNzoic2lnbmF0dXJlX3ByZXBlbmQiO2I6MDtzOjEyOiJtYWlsbWVyZ2Vfb24iO3M6Mzoib2ZmIjtzOjE2OiJzd2FwX2xhc3Rfdmlld2VkIjtzOjA6IiI7czoxNDoic3dhcF9zaG9ydGN1dHMiO3M6MDoiIjtzOjE0OiJtb2R1bGVfZmF2aWNvbiI7czowOiIiO3M6MTI6ImRpc3BsYXlfdGFicyI7YToxNjp7aTowO3M6NDoiSG9tZSI7aToxO3M6ODoiQWNjb3VudHMiO2k6MjtzOjg6IkNvbnRhY3RzIjtpOjM7czo3OiJSZXBvcnRzIjtpOjQ7czo5OiJEb2N1bWVudHMiO2k6NTtzOjY6IkVtYWlscyI7aTo2O3M6NToiQ2FsbHMiO2k6NztzOjU6Ik5vdGVzIjtpOjg7czo1OiJDYXNlcyI7aTo5O3M6MTE6ImJiY3JtX1NpdGVzIjtpOjEwO3M6MTc6ImJiY3JtX1NNU01lc3NhZ2VzIjtpOjExO3M6MjQ6ImJiY3JtX0FjY291bnRDb2xsZWN0aW9ucyI7aToxMjtzOjEzOiJiYmNybV9CYW5raW5nIjtpOjEzO3M6MjQ6ImJiY3JtX0RpcmVjdERlYml0SGlzdG9yeSI7aToxNDtzOjE4OiJiYmNybV9NZXRlcmluZ0RhdGEiO2k6MTU7czoxMzoiYmJjcm1fQmlsbGluZyI7fXM6OToiaGlkZV90YWJzIjthOjA6e31zOjExOiJyZW1vdmVfdGFicyI7YTowOnt9czo3OiJub19vcHBzIjtzOjM6Im9mZiI7czoxOToiZW1haWxfcmVtaW5kZXJfdGltZSI7aTotMTtzOjg6ImN1cnJlbmN5IjtzOjM6Ii05OSI7czozNToiZGVmYXVsdF9jdXJyZW5jeV9zaWduaWZpY2FudF9kaWdpdHMiO3M6MToiMiI7czoyMzoiY3VycmVuY3lfc2hvd19wcmVmZXJyZWQiO2I6MDtzOjExOiJudW1fZ3JwX3NlcCI7czoxOiIsIjtzOjc6ImRlY19zZXAiO3M6MToiLiI7czo0OiJmZG93IjtzOjE6IjAiO3M6MTY6ImV4cG9ydF9kZWxpbWl0ZXIiO3M6MToiLCI7czoyMjoiZGVmYXVsdF9leHBvcnRfY2hhcnNldCI7czo1OiJVVEYtOCI7czoxNDoidXNlX3JlYWxfbmFtZXMiO3M6Mjoib24iO3M6MTc6Im1haWxfc210cGF1dGhfcmVxIjtzOjA6IiI7czoxMjoibWFpbF9zbXRwc3NsIjtpOjA7czoyNzoic3VnYXJwZGZfcGRmX2ZvbnRfbmFtZV9tYWluIjtzOjk6ImhlbHZldGljYSI7czoyNzoic3VnYXJwZGZfcGRmX2ZvbnRfc2l6ZV9tYWluIjtzOjE6IjgiO3M6Mjc6InN1Z2FycGRmX3BkZl9mb250X25hbWVfZGF0YSI7czo5OiJoZWx2ZXRpY2EiO3M6Mjc6InN1Z2FycGRmX3BkZl9mb250X3NpemVfZGF0YSI7czoxOiI4IjtzOjE1OiJlbWFpbF9saW5rX3R5cGUiO3M6NjoibWFpbHRvIjtzOjE3OiJlbWFpbF9zaG93X2NvdW50cyI7aTowO3M6MTE6ImxvZ2luZmFpbGVkIjtzOjE6IjAiO3M6MjU6IlRheFJhdGVzX1RBWFJBVEVfT1JERVJfQlkiO3M6MTA6Imxpc3Rfb3JkZXIiO3M6MTI6InVzZXJQcml2R3VpZCI7czozNjoiNDUyNjBmOGItZTZiZS1iZjMxLTYxYmYtNTVmMDk2ZTg1MDc3IjtzOjE1OiJsb2dpbmV4cGlyYXRpb24iO3M6MToiMCI7czo3OiJsb2Nrb3V0IjtzOjA6IiI7fQ==');
INSERT INTO `user_preferences`(`id`, `category`, `deleted`, `date_entered`, `date_modified`, `assigned_user_id`, `contents`) VALUES ('35fd0201-0951-6a1c-1328-55f25d5c1911', 'Emails', 0, '2015-09-11 04:51:58', '2015-09-16 01:37:21', 'e4e16cef-3efd-b780-6c58-55f25c65a5b7', 'YTozOntzOjE1OiJlbWFpbDJQcmVmbGlnaHQiO2I6MTtzOjExOiJmb2N1c0ZvbGRlciI7czo5NjoiYToyOntzOjQ6ImllSWQiO3M6MzY6ImRhNjg0ZjEzLTg0ZWUtODg0OS0yYjgwLTU1ZjI1ZDdmM2U2ZCI7czo2OiJmb2xkZXIiO3M6MTQ6IlNVR0FSLk15IEVtYWlsIjt9IjtzOjEzOiJlbWFpbFNldHRpbmdzIjthOjU6e3M6MTg6ImVtYWlsQ2hlY2tJbnRlcnZhbCI7czoyOiItMSI7czoxODoiYWx3YXlzU2F2ZU91dGJvdW5kIjtzOjE6IjEiO3M6MTM6InNlbmRQbGFpblRleHQiO3M6MToiMCI7czoxMzoic2hvd051bUluTGlzdCI7czoyOiIyMCI7czoyMjoiZGVmYXVsdE91dGJvdW5kQ2hhcnNldCI7czo1OiJVVEYtOCI7fX0=');
INSERT INTO `user_preferences`(`id`, `category`, `deleted`, `date_entered`, `date_modified`, `assigned_user_id`, `contents`) VALUES ('362b6cd2-75ab-534f-d073-55066b802628', 'EmailMan2_EMAILMAN', 0, '2015-03-16 05:32:48', '2015-03-16 05:32:48', '1', 'YToxOntzOjEzOiJsaXN0dmlld09yZGVyIjthOjI6e3M6Nzoib3JkZXJCeSI7czoxMjoiZGF0ZV9lbnRlcmVkIjtzOjk6InNvcnRPcmRlciI7czo0OiJERVNDIjt9fQ==');
INSERT INTO `user_preferences`(`id`, `category`, `deleted`, `date_entered`, `date_modified`, `assigned_user_id`, `contents`) VALUES ('36700293-17b5-7ba1-19f6-54fe9d52607f', 'Users2_USER', 0, '2015-03-10 07:30:37', '2015-03-10 07:32:19', '1', 'YToxOntzOjEzOiJsaXN0dmlld09yZGVyIjthOjI6e3M6Nzoib3JkZXJCeSI7czoxMjoiZGF0ZV9lbnRlcmVkIjtzOjk6InNvcnRPcmRlciI7czo0OiJERVNDIjt9fQ==');
INSERT INTO `user_preferences`(`id`, `category`, `deleted`, `date_entered`, `date_modified`, `assigned_user_id`, `contents`) VALUES ('3a231fc0-6bcd-7711-7a95-55f25f51aac3', 'ETag', 0, '2015-09-11 04:58:00', '2015-09-11 04:58:00', 'e4e16cef-3efd-b780-6c58-55f25c65a5b7', 'YToxOntzOjEyOiJtYWluTWVudUVUYWciO2k6MTt9');
INSERT INTO `user_preferences`(`id`, `category`, `deleted`, `date_entered`, `date_modified`, `assigned_user_id`, `contents`) VALUES ('3b39020e-e8af-9f78-f783-5508b76f01da', 'global', 0, '2015-03-17 23:25:19', '2015-11-11 04:42:38', '28e00331-5e20-77ca-d748-5508b7a05aad', 'YTozODp7czoxMjoibWFpbG1lcmdlX29uIjtzOjM6Im9mZiI7czoxNjoic3dhcF9sYXN0X3ZpZXdlZCI7czowOiIiO3M6MTQ6InN3YXBfc2hvcnRjdXRzIjtzOjA6IiI7czoxNDoibW9kdWxlX2Zhdmljb24iO3M6MDoiIjtzOjEyOiJkaXNwbGF5X3RhYnMiO2E6MTY6e2k6MDtzOjQ6IkhvbWUiO2k6MTtzOjg6IkFjY291bnRzIjtpOjI7czo4OiJDb250YWN0cyI7aTozO3M6NzoiUmVwb3J0cyI7aTo0O3M6OToiRG9jdW1lbnRzIjtpOjU7czo2OiJFbWFpbHMiO2k6NjtzOjU6IkNhbGxzIjtpOjc7czo1OiJOb3RlcyI7aTo4O3M6NToiQ2FzZXMiO2k6OTtzOjExOiJiYmNybV9TaXRlcyI7aToxMDtzOjE3OiJiYmNybV9TTVNNZXNzYWdlcyI7aToxMTtzOjg6Ik1lZXRpbmdzIjtpOjEyO3M6MjQ6ImJiY3JtX0FjY291bnRDb2xsZWN0aW9ucyI7aToxMztzOjEzOiJiYmNybV9CYW5raW5nIjtpOjE0O3M6MjQ6ImJiY3JtX0RpcmVjdERlYml0SGlzdG9yeSI7aToxNTtzOjE4OiJiYmNybV9NZXRlcmluZ0RhdGEiO31zOjk6ImhpZGVfdGFicyI7YTowOnt9czoxMToicmVtb3ZlX3RhYnMiO2E6MDp7fXM6Nzoibm9fb3BwcyI7czozOiJvZmYiO3M6MTM6InJlbWluZGVyX3RpbWUiO3M6NDoiMTgwMCI7czoxOToiZW1haWxfcmVtaW5kZXJfdGltZSI7aTotMTtzOjg6InRpbWV6b25lIjtzOjE5OiJBdXN0cmFsaWEvTWVsYm91cm5lIjtzOjI6InV0IjtzOjE6IjEiO3M6ODoiY3VycmVuY3kiO3M6MzoiLTk5IjtzOjM1OiJkZWZhdWx0X2N1cnJlbmN5X3NpZ25pZmljYW50X2RpZ2l0cyI7czoxOiIyIjtzOjIzOiJjdXJyZW5jeV9zaG93X3ByZWZlcnJlZCI7YjowO3M6MTE6Im51bV9ncnBfc2VwIjtzOjE6IiwiO3M6NzoiZGVjX3NlcCI7czoxOiIuIjtzOjQ6ImZkb3ciO3M6MToiMCI7czo1OiJkYXRlZiI7czo1OiJkL20vWSI7czo1OiJ0aW1lZiI7czo0OiJoOmlhIjtzOjI2OiJkZWZhdWx0X2xvY2FsZV9uYW1lX2Zvcm1hdCI7czo1OiJzIGYgbCI7czoxNjoiZXhwb3J0X2RlbGltaXRlciI7czoxOiIsIjtzOjIyOiJkZWZhdWx0X2V4cG9ydF9jaGFyc2V0IjtzOjU6IlVURi04IjtzOjE0OiJ1c2VfcmVhbF9uYW1lcyI7czoyOiJvbiI7czoxNzoibWFpbF9zbXRwYXV0aF9yZXEiO3M6MDoiIjtzOjEyOiJtYWlsX3NtdHBzc2wiO2k6MDtzOjI3OiJzdWdhcnBkZl9wZGZfZm9udF9uYW1lX21haW4iO3M6OToiaGVsdmV0aWNhIjtzOjI3OiJzdWdhcnBkZl9wZGZfZm9udF9zaXplX21haW4iO3M6MToiOCI7czoyNzoic3VnYXJwZGZfcGRmX2ZvbnRfbmFtZV9kYXRhIjtzOjk6ImhlbHZldGljYSI7czoyNzoic3VnYXJwZGZfcGRmX2ZvbnRfc2l6ZV9kYXRhIjtzOjE6IjgiO3M6MTU6ImVtYWlsX2xpbmtfdHlwZSI7czo1OiJzdWdhciI7czoxNzoiZW1haWxfc2hvd19jb3VudHMiO2k6MDtzOjIwOiJjYWxlbmRhcl9wdWJsaXNoX2tleSI7czozNjoiNDBmYjBiNjYtMmM5Mi0xYWRkLWY3ZDctNTUwOGI3Y2Q5M2U3IjtzOjE1OiJsb2dpbmV4cGlyYXRpb24iO3M6MToiMCI7czo3OiJsb2Nrb3V0IjtzOjA6IiI7czoxMToibG9naW5mYWlsZWQiO3M6MToiMCI7czoxMToiX19zdWdhcl91cmwiO3M6MTg6InYxMC9tZS9wcmVmZXJlbmNlcyI7czoxMDoidXNlcl90aGVtZSI7czo2OiJSYWNlclgiO30=');
INSERT INTO `user_preferences`(`id`, `category`, `deleted`, `date_entered`, `date_modified`, `assigned_user_id`, `contents`) VALUES ('3d705e0d-0dae-f12f-7f9e-5588c9ac8aec', 'Reports2_SAVEDREPORT', 0, '2015-06-23 02:50:47', '2015-08-27 04:47:53', '28e00331-5e20-77ca-d748-5508b7a05aad', 'YToxOntzOjEzOiJsaXN0dmlld09yZGVyIjthOjI6e3M6Nzoib3JkZXJCeSI7czo0OiJuYW1lIjtzOjk6InNvcnRPcmRlciI7czozOiJBU0MiO319');
INSERT INTO `user_preferences`(`id`, `category`, `deleted`, `date_entered`, `date_modified`, `assigned_user_id`, `contents`) VALUES ('3f6a9e48-ff2e-3bc1-6183-5507a0a8cd99', 'Schedulers2_SCHEDULER', 0, '2015-03-17 03:32:04', '2015-03-17 03:40:51', '1bbcf81e-eae2-77f1-471b-54fe9e97fab7', 'YToxOntzOjEzOiJsaXN0dmlld09yZGVyIjthOjI6e3M6Nzoib3JkZXJCeSI7czo2OiJzdGF0dXMiO3M6OToic29ydE9yZGVyIjtzOjM6IkFTQyI7fX0=');
INSERT INTO `user_preferences`(`id`, `category`, `deleted`, `date_entered`, `date_modified`, `assigned_user_id`, `contents`) VALUES ('41c7a303-99c6-5f5a-6508-5642c1b5a89d', 'global', 0, '2015-11-11 04:16:06', '2015-11-11 04:20:05', '25b2d28e-80a4-5e57-9a7d-5642c1ea2b68', 'YTozNjp7czoxMjoibWFpbG1lcmdlX29uIjtzOjM6Im9mZiI7czoxNjoic3dhcF9sYXN0X3ZpZXdlZCI7czowOiIiO3M6MTQ6InN3YXBfc2hvcnRjdXRzIjtzOjA6IiI7czoxNDoibW9kdWxlX2Zhdmljb24iO3M6MDoiIjtzOjEyOiJkaXNwbGF5X3RhYnMiO2E6MTY6e2k6MDtzOjQ6IkhvbWUiO2k6MTtzOjg6IkFjY291bnRzIjtpOjI7czo4OiJDb250YWN0cyI7aTozO3M6NzoiUmVwb3J0cyI7aTo0O3M6OToiRG9jdW1lbnRzIjtpOjU7czo2OiJFbWFpbHMiO2k6NjtzOjU6IkNhbGxzIjtpOjc7czo1OiJOb3RlcyI7aTo4O3M6NToiQ2FzZXMiO2k6OTtzOjg6Ik1lZXRpbmdzIjtpOjEwO3M6MTE6ImJiY3JtX1NpdGVzIjtpOjExO3M6MTc6ImJiY3JtX1NNU01lc3NhZ2VzIjtpOjEyO3M6MjQ6ImJiY3JtX0FjY291bnRDb2xsZWN0aW9ucyI7aToxMztzOjEzOiJiYmNybV9CYW5raW5nIjtpOjE0O3M6MjQ6ImJiY3JtX0RpcmVjdERlYml0SGlzdG9yeSI7aToxNTtzOjE4OiJiYmNybV9NZXRlcmluZ0RhdGEiO31zOjk6ImhpZGVfdGFicyI7YTowOnt9czoxMToicmVtb3ZlX3RhYnMiO2E6MDp7fXM6Nzoibm9fb3BwcyI7czozOiJvZmYiO3M6MTM6InJlbWluZGVyX3RpbWUiO3M6NDoiMTgwMCI7czoxOToiZW1haWxfcmVtaW5kZXJfdGltZSI7aTotMTtzOjg6InRpbWV6b25lIjtzOjE5OiJBdXN0cmFsaWEvTWVsYm91cm5lIjtzOjI6InV0IjtzOjE6IjAiO3M6ODoiY3VycmVuY3kiO3M6MzoiLTk5IjtzOjM1OiJkZWZhdWx0X2N1cnJlbmN5X3NpZ25pZmljYW50X2RpZ2l0cyI7czoxOiIyIjtzOjIzOiJjdXJyZW5jeV9zaG93X3ByZWZlcnJlZCI7YjowO3M6MTE6Im51bV9ncnBfc2VwIjtzOjE6IiwiO3M6NzoiZGVjX3NlcCI7czoxOiIuIjtzOjQ6ImZkb3ciO3M6MToiMCI7czo1OiJkYXRlZiI7czo1OiJkL20vWSI7czo1OiJ0aW1lZiI7czo0OiJoOmlhIjtzOjI2OiJkZWZhdWx0X2xvY2FsZV9uYW1lX2Zvcm1hdCI7czo1OiJzIGYgbCI7czoxNjoiZXhwb3J0X2RlbGltaXRlciI7czoxOiIsIjtzOjIyOiJkZWZhdWx0X2V4cG9ydF9jaGFyc2V0IjtzOjU6IlVURi04IjtzOjE0OiJ1c2VfcmVhbF9uYW1lcyI7czoyOiJvbiI7czoxNzoibWFpbF9zbXRwYXV0aF9yZXEiO3M6MDoiIjtzOjEyOiJtYWlsX3NtdHBzc2wiO2k6MDtzOjI3OiJzdWdhcnBkZl9wZGZfZm9udF9uYW1lX21haW4iO3M6OToiaGVsdmV0aWNhIjtzOjI3OiJzdWdhcnBkZl9wZGZfZm9udF9zaXplX21haW4iO3M6MToiOCI7czoyNzoic3VnYXJwZGZfcGRmX2ZvbnRfbmFtZV9kYXRhIjtzOjk6ImhlbHZldGljYSI7czoyNzoic3VnYXJwZGZfcGRmX2ZvbnRfc2l6ZV9kYXRhIjtzOjE6IjgiO3M6MTU6ImVtYWlsX2xpbmtfdHlwZSI7czo1OiJzdWdhciI7czoxNzoiZW1haWxfc2hvd19jb3VudHMiO2k6MDtzOjIwOiJjYWxlbmRhcl9wdWJsaXNoX2tleSI7czozNjoiNDk4YzJiYjktZmRmZC0yNDhlLTkzZWItNTY0MmMxNmJhYTRmIjtzOjE1OiJsb2dpbmV4cGlyYXRpb24iO3M6MToiMCI7czo3OiJsb2Nrb3V0IjtzOjA6IiI7czoxMToibG9naW5mYWlsZWQiO3M6MToiMCI7fQ==');
INSERT INTO `user_preferences`(`id`, `category`, `deleted`, `date_entered`, `date_modified`, `assigned_user_id`, `contents`) VALUES ('47b05812-3c81-5d5b-07ef-5599fa07509f', 'Documents2_DOCUMENT', 0, '2015-07-06 03:46:35', '2015-07-06 03:46:35', 'e062c6fe-14f6-208c-3f16-5598d76c90ef', 'YToxOntzOjEzOiJsaXN0dmlld09yZGVyIjthOjI6e3M6Nzoib3JkZXJCeSI7czoxMjoiZGF0ZV9lbnRlcmVkIjtzOjk6InNvcnRPcmRlciI7czo0OiJERVNDIjt9fQ==');
INSERT INTO `user_preferences`(`id`, `category`, `deleted`, `date_entered`, `date_modified`, `assigned_user_id`, `contents`) VALUES ('4a7c0203-5a59-7884-fa60-55f25d7e506a', 'Reports2_SAVEDREPORT', 0, '2015-09-11 04:52:11', '2015-11-02 01:30:31', 'e4e16cef-3efd-b780-6c58-55f25c65a5b7', 'YToxOntzOjEzOiJsaXN0dmlld09yZGVyIjthOjI6e3M6Nzoib3JkZXJCeSI7czo0OiJuYW1lIjtzOjk6InNvcnRPcmRlciI7czozOiJBU0MiO319');
INSERT INTO `user_preferences`(`id`, `category`, `deleted`, `date_entered`, `date_modified`, `assigned_user_id`, `contents`) VALUES ('4ff1057d-f9ab-d3a4-3bcf-5599fad6dce4', 'Calls2_CALL', 0, '2015-07-06 03:46:41', '2015-07-06 03:46:41', 'e062c6fe-14f6-208c-3f16-5598d76c90ef', 'YToxOntzOjEzOiJsaXN0dmlld09yZGVyIjthOjI6e3M6Nzoib3JkZXJCeSI7czoxMjoiZGF0ZV9lbnRlcmVkIjtzOjk6InNvcnRPcmRlciI7czo0OiJERVNDIjt9fQ==');
INSERT INTO `user_preferences`(`id`, `category`, `deleted`, `date_entered`, `date_modified`, `assigned_user_id`, `contents`) VALUES ('589cafc6-0383-fbc7-75f3-5578d74571c8', 'sq_EmployeesQ', 0, '2015-06-11 00:33:07', '2015-06-11 00:33:07', '52fb44da-36d7-1130-4e44-5508b4176df7', 'YToxOntzOjEwOiJFbXBsb3llZXNRIjthOjQ6e3M6NjoibW9kdWxlIjtzOjk6IkVtcGxveWVlcyI7czo2OiJhY3Rpb24iO3M6NToiaW5kZXgiO3M6NToicXVlcnkiO3M6NDoidHJ1ZSI7czo4OiJid2NGcmFtZSI7czoxOiIxIjt9fQ==');
INSERT INTO `user_preferences`(`id`, `category`, `deleted`, `date_entered`, `date_modified`, `assigned_user_id`, `contents`) VALUES ('5b2fed5c-2345-6a12-5f9d-55f25f591ddc', 'sq_EmployeesQ', 0, '2015-09-11 04:58:25', '2015-09-11 04:58:25', 'e4e16cef-3efd-b780-6c58-55f25c65a5b7', 'YToxOntzOjEwOiJFbXBsb3llZXNRIjthOjQ6e3M6NjoibW9kdWxlIjtzOjk6IkVtcGxveWVlcyI7czo2OiJhY3Rpb24iO3M6NToiaW5kZXgiO3M6NToicXVlcnkiO3M6NDoidHJ1ZSI7czo4OiJid2NGcmFtZSI7czoxOiIxIjt9fQ==');
INSERT INTO `user_preferences`(`id`, `category`, `deleted`, `date_entered`, `date_modified`, `assigned_user_id`, `contents`) VALUES ('5b5b0bd0-7797-745b-ea8a-5598d7caf84a', 'global', 0, '2015-07-05 07:06:37', '2015-10-27 03:51:29', 'e062c6fe-14f6-208c-3f16-5598d76c90ef', 'YTozOTp7czoxMjoibWFpbG1lcmdlX29uIjtzOjM6Im9mZiI7czoxNjoic3dhcF9sYXN0X3ZpZXdlZCI7czowOiIiO3M6MTQ6InN3YXBfc2hvcnRjdXRzIjtzOjA6IiI7czoxNDoibW9kdWxlX2Zhdmljb24iO3M6MDoiIjtzOjEyOiJkaXNwbGF5X3RhYnMiO2E6MTU6e2k6MDtzOjQ6IkhvbWUiO2k6MTtzOjg6IkFjY291bnRzIjtpOjI7czo4OiJDb250YWN0cyI7aTozO3M6NzoiUmVwb3J0cyI7aTo0O3M6OToiRG9jdW1lbnRzIjtpOjU7czo2OiJFbWFpbHMiO2k6NjtzOjU6IkNhbGxzIjtpOjc7czo1OiJOb3RlcyI7aTo4O3M6NToiQ2FzZXMiO2k6OTtzOjExOiJiYmNybV9TaXRlcyI7aToxMDtzOjE3OiJiYmNybV9TTVNNZXNzYWdlcyI7aToxMTtzOjI0OiJiYmNybV9BY2NvdW50Q29sbGVjdGlvbnMiO2k6MTI7czoxMzoiYmJjcm1fQmFua2luZyI7aToxMztzOjI0OiJiYmNybV9EaXJlY3REZWJpdEhpc3RvcnkiO2k6MTQ7czoxODoiYmJjcm1fTWV0ZXJpbmdEYXRhIjt9czo5OiJoaWRlX3RhYnMiO2E6MDp7fXM6MTE6InJlbW92ZV90YWJzIjthOjA6e31zOjc6Im5vX29wcHMiO3M6Mzoib2ZmIjtzOjEzOiJyZW1pbmRlcl90aW1lIjtzOjQ6IjE4MDAiO3M6MTk6ImVtYWlsX3JlbWluZGVyX3RpbWUiO2k6LTE7czo4OiJ0aW1lem9uZSI7czoxOToiQXVzdHJhbGlhL01lbGJvdXJuZSI7czoyOiJ1dCI7czoxOiIxIjtzOjg6ImN1cnJlbmN5IjtzOjM6Ii05OSI7czozNToiZGVmYXVsdF9jdXJyZW5jeV9zaWduaWZpY2FudF9kaWdpdHMiO3M6MToiMiI7czoyMzoiY3VycmVuY3lfc2hvd19wcmVmZXJyZWQiO2I6MDtzOjExOiJudW1fZ3JwX3NlcCI7czoxOiIsIjtzOjc6ImRlY19zZXAiO3M6MToiLiI7czo0OiJmZG93IjtzOjE6IjAiO3M6NToiZGF0ZWYiO3M6NToiZC9tL1kiO3M6NToidGltZWYiO3M6NDoiaDppYSI7czoyNjoiZGVmYXVsdF9sb2NhbGVfbmFtZV9mb3JtYXQiO3M6NToicyBmIGwiO3M6MTY6ImV4cG9ydF9kZWxpbWl0ZXIiO3M6MToiLCI7czoyMjoiZGVmYXVsdF9leHBvcnRfY2hhcnNldCI7czo1OiJVVEYtOCI7czoxNDoidXNlX3JlYWxfbmFtZXMiO3M6Mjoib24iO3M6MTc6Im1haWxfc210cGF1dGhfcmVxIjtzOjA6IiI7czoxMjoibWFpbF9zbXRwc3NsIjtpOjA7czoyNzoic3VnYXJwZGZfcGRmX2ZvbnRfbmFtZV9tYWluIjtzOjk6ImhlbHZldGljYSI7czoyNzoic3VnYXJwZGZfcGRmX2ZvbnRfc2l6ZV9tYWluIjtzOjE6IjgiO3M6Mjc6InN1Z2FycGRmX3BkZl9mb250X25hbWVfZGF0YSI7czo5OiJoZWx2ZXRpY2EiO3M6Mjc6InN1Z2FycGRmX3BkZl9mb250X3NpemVfZGF0YSI7czoxOiI4IjtzOjE1OiJlbWFpbF9saW5rX3R5cGUiO3M6NToic3VnYXIiO3M6MTc6ImVtYWlsX3Nob3dfY291bnRzIjtpOjA7czoyMDoiY2FsZW5kYXJfcHVibGlzaF9rZXkiO3M6MzY6ImQ3NmQwZjAxLTBhNDYtMWQ2NS0zYzNmLTU1OThkN2U1MjAzNCI7czoxNToibG9naW5leHBpcmF0aW9uIjtzOjE6IjAiO3M6NzoibG9ja291dCI7czowOiIiO3M6MTE6ImxvZ2luZmFpbGVkIjtzOjE6IjAiO3M6MTE6Il9fc3VnYXJfdXJsIjtzOjE4OiJ2MTAvbWUvcHJlZmVyZW5jZXMiO3M6MTA6InVzZXJfdGhlbWUiO3M6NjoiUmFjZXJYIjtzOjEyOiJ1c2VyUHJpdkd1aWQiO3M6MzY6Ijc2MTVhYzdmLTgzMTQtYzZhNS1iOWQ1LTU1OTljNmY2MjMxMiI7fQ==');
INSERT INTO `user_preferences`(`id`, `category`, `deleted`, `date_entered`, `date_modified`, `assigned_user_id`, `contents`) VALUES ('5bd02a29-2415-f371-12a7-5578d7bdf61f', 'Employees2_EMPLOYEE', 0, '2015-06-11 00:33:07', '2015-06-11 00:33:07', '52fb44da-36d7-1130-4e44-5508b4176df7', 'YToxOntzOjEzOiJsaXN0dmlld09yZGVyIjthOjI6e3M6Nzoib3JkZXJCeSI7czoxMjoiZGF0ZV9lbnRlcmVkIjtzOjk6InNvcnRPcmRlciI7czo0OiJERVNDIjt9fQ==');
INSERT INTO `user_preferences`(`id`, `category`, `deleted`, `date_entered`, `date_modified`, `assigned_user_id`, `contents`) VALUES ('5dfe5cc0-e3bb-5944-1a99-55f25f54cd91', 'Employees2_EMPLOYEE', 0, '2015-09-11 04:58:25', '2015-09-11 04:58:25', 'e4e16cef-3efd-b780-6c58-55f25c65a5b7', 'YToxOntzOjEzOiJsaXN0dmlld09yZGVyIjthOjI6e3M6Nzoib3JkZXJCeSI7czoxMjoiZGF0ZV9lbnRlcmVkIjtzOjk6InNvcnRPcmRlciI7czo0OiJERVNDIjt9fQ==');
INSERT INTO `user_preferences`(`id`, `category`, `deleted`, `date_entered`, `date_modified`, `assigned_user_id`, `contents`) VALUES ('64b15139-a84b-3cbb-5d92-54fe95eff8b6', 'global', 0, '2015-03-10 06:57:14', '2020-10-12 03:18:16', '1', 'YTo0Mzp7czoxMzoicmVtaW5kZXJfdGltZSI7czo0OiIxODAwIjtzOjIwOiJjYWxlbmRhcl9wdWJsaXNoX2tleSI7czozNjoiNjQ4YTQ2MDktZGQ0Yy04OTk5LWYyZjQtNTRmZTk1ZjM2N2Y2IjtzOjg6InRpbWV6b25lIjtzOjE5OiJBdXN0cmFsaWEvTWVsYm91cm5lIjtzOjEwOiJ1c2VyX3RoZW1lIjtzOjY6IlJhY2VyWCI7czo1OiJ0aW1lZiI7czo0OiJoOmlBIjtzOjU6ImRhdGVmIjtzOjU6ImQtbS1ZIjtzOjI2OiJkZWZhdWx0X2xvY2FsZV9uYW1lX2Zvcm1hdCI7czo1OiJzIGYgbCI7czoyOiJ1dCI7czoxOiIxIjtzOjExOiJfX3N1Z2FyX3VybCI7czoxODoidjEwL21lL3ByZWZlcmVuY2VzIjtzOjM0OiJJbmJvdW5kRW1haWxfSW5ib3VuZEVtYWlsX09SREVSX0JZIjtzOjEyOiJkYXRlX2VudGVyZWQiO3M6MTc6InNpZ25hdHVyZV9kZWZhdWx0IjtzOjA6IiI7czoxNzoic2lnbmF0dXJlX3ByZXBlbmQiO2I6MDtzOjEyOiJtYWlsbWVyZ2Vfb24iO3M6Mzoib2ZmIjtzOjE2OiJzd2FwX2xhc3Rfdmlld2VkIjtzOjA6IiI7czoxNDoic3dhcF9zaG9ydGN1dHMiO3M6MDoiIjtzOjE0OiJtb2R1bGVfZmF2aWNvbiI7czowOiIiO3M6MTI6ImRpc3BsYXlfdGFicyI7YToxODp7aTowO3M6NDoiSG9tZSI7aToxO3M6ODoiQWNjb3VudHMiO2k6MjtzOjg6IkNvbnRhY3RzIjtpOjM7czo3OiJSZXBvcnRzIjtpOjQ7czo5OiJEb2N1bWVudHMiO2k6NTtzOjY6IkVtYWlscyI7aTo2O3M6NToiQ2FsbHMiO2k6NztzOjU6Ik5vdGVzIjtpOjg7czo1OiJDYXNlcyI7aTo5O3M6MTE6ImJiY3JtX1NpdGVzIjtpOjEwO3M6MTc6ImJiY3JtX1NNU01lc3NhZ2VzIjtpOjExO3M6MjQ6ImJiY3JtX0FjY291bnRDb2xsZWN0aW9ucyI7aToxMjtzOjEzOiJiYmNybV9CYW5raW5nIjtpOjEzO3M6MjQ6ImJiY3JtX0RpcmVjdERlYml0SGlzdG9yeSI7aToxNDtzOjE4OiJiYmNybV9NZXRlcmluZ0RhdGEiO2k6MTU7czoxMzoiYmJjcm1fQmlsbGluZyI7aToxNjtzOjU6IlRhc2tzIjtpOjE3O3M6MjA6ImJiY3JtX09ubGluZVJlcXVlc3RzIjt9czo5OiJoaWRlX3RhYnMiO2E6MDp7fXM6MTE6InJlbW92ZV90YWJzIjthOjA6e31zOjc6Im5vX29wcHMiO3M6Mzoib2ZmIjtzOjE5OiJlbWFpbF9yZW1pbmRlcl90aW1lIjtpOi0xO3M6ODoiY3VycmVuY3kiO3M6MzY6ImFkOWM4NTNkLTE1NTItNTYyZS0yMzI5LTVjODllODhhMzA1ZSI7czozNToiZGVmYXVsdF9jdXJyZW5jeV9zaWduaWZpY2FudF9kaWdpdHMiO3M6MToiNiI7czoyMzoiY3VycmVuY3lfc2hvd19wcmVmZXJyZWQiO2I6MDtzOjExOiJudW1fZ3JwX3NlcCI7czoxOiI7IjtzOjc6ImRlY19zZXAiO3M6MToiKiI7czo0OiJmZG93IjtzOjE6IjAiO3M6MTY6ImV4cG9ydF9kZWxpbWl0ZXIiO3M6MToiLCI7czoyMjoiZGVmYXVsdF9leHBvcnRfY2hhcnNldCI7czo1OiJVVEYtOCI7czoxNDoidXNlX3JlYWxfbmFtZXMiO3M6Mjoib24iO3M6MTc6Im1haWxfc210cGF1dGhfcmVxIjtzOjA6IiI7czoxMjoibWFpbF9zbXRwc3NsIjtpOjA7czoyNzoic3VnYXJwZGZfcGRmX2ZvbnRfbmFtZV9tYWluIjtzOjk6ImhlbHZldGljYSI7czoyNzoic3VnYXJwZGZfcGRmX2ZvbnRfc2l6ZV9tYWluIjtzOjE6IjgiO3M6Mjc6InN1Z2FycGRmX3BkZl9mb250X25hbWVfZGF0YSI7czo5OiJoZWx2ZXRpY2EiO3M6Mjc6InN1Z2FycGRmX3BkZl9mb250X3NpemVfZGF0YSI7czoxOiI4IjtzOjE1OiJlbWFpbF9saW5rX3R5cGUiO3M6NToic3VnYXIiO3M6MTc6ImVtYWlsX3Nob3dfY291bnRzIjtpOjA7czoxMToibG9naW5mYWlsZWQiO3M6MToiMCI7czoyNToiVGF4UmF0ZXNfVEFYUkFURV9PUkRFUl9CWSI7czoxMDoibGlzdF9vcmRlciI7czoxMjoidXNlclByaXZHdWlkIjtzOjM2OiI0NTI2MGY4Yi1lNmJlLWJmMzEtNjFiZi01NWYwOTZlODUwNzciO3M6MTU6ImxvZ2luZXhwaXJhdGlvbiI7czoxOiIwIjtzOjc6ImxvY2tvdXQiO3M6MDoiIjt9');
INSERT INTO `user_preferences`(`id`, `category`, `deleted`, `date_entered`, `date_modified`, `assigned_user_id`, `contents`) VALUES ('64b71336-20f9-dcb8-f07f-5508b4177d82', 'global', 0, '2015-03-17 23:09:42', '2015-12-16 01:22:21', '52fb44da-36d7-1130-4e44-5508b4176df7', 'YTozOTp7czoxMjoibWFpbG1lcmdlX29uIjtzOjM6Im9mZiI7czoxNjoic3dhcF9sYXN0X3ZpZXdlZCI7czowOiIiO3M6MTQ6InN3YXBfc2hvcnRjdXRzIjtzOjA6IiI7czoxNDoibW9kdWxlX2Zhdmljb24iO3M6MDoiIjtzOjEyOiJkaXNwbGF5X3RhYnMiO2E6MTQ6e2k6MDtzOjQ6IkhvbWUiO2k6MTtzOjg6IkFjY291bnRzIjtpOjI7czo4OiJDb250YWN0cyI7aTozO3M6NzoiUmVwb3J0cyI7aTo0O3M6OToiRG9jdW1lbnRzIjtpOjU7czo2OiJFbWFpbHMiO2k6NjtzOjU6IkNhbGxzIjtpOjc7czo1OiJOb3RlcyI7aTo4O3M6NToiQ2FzZXMiO2k6OTtzOjExOiJiYmNybV9TaXRlcyI7aToxMDtzOjE3OiJiYmNybV9TTVNNZXNzYWdlcyI7aToxMTtzOjI0OiJiYmNybV9BY2NvdW50Q29sbGVjdGlvbnMiO2k6MTI7czoxMzoiYmJjcm1fQmFua2luZyI7aToxMztzOjI0OiJiYmNybV9EaXJlY3REZWJpdEhpc3RvcnkiO31zOjk6ImhpZGVfdGFicyI7YTowOnt9czoxMToicmVtb3ZlX3RhYnMiO2E6MDp7fXM6Nzoibm9fb3BwcyI7czozOiJvZmYiO3M6MTM6InJlbWluZGVyX3RpbWUiO3M6NDoiMTgwMCI7czoxOToiZW1haWxfcmVtaW5kZXJfdGltZSI7aTotMTtzOjg6InRpbWV6b25lIjtzOjE5OiJBdXN0cmFsaWEvTWVsYm91cm5lIjtzOjI6InV0IjtzOjE6IjEiO3M6ODoiY3VycmVuY3kiO3M6MzoiLTk5IjtzOjM1OiJkZWZhdWx0X2N1cnJlbmN5X3NpZ25pZmljYW50X2RpZ2l0cyI7czoxOiIyIjtzOjIzOiJjdXJyZW5jeV9zaG93X3ByZWZlcnJlZCI7YjowO3M6MTE6Im51bV9ncnBfc2VwIjtzOjE6IiwiO3M6NzoiZGVjX3NlcCI7czoxOiIuIjtzOjQ6ImZkb3ciO3M6MToiMCI7czo1OiJkYXRlZiI7czo1OiJkL20vWSI7czo1OiJ0aW1lZiI7czo0OiJoOmlhIjtzOjI2OiJkZWZhdWx0X2xvY2FsZV9uYW1lX2Zvcm1hdCI7czo1OiJzIGYgbCI7czoxNjoiZXhwb3J0X2RlbGltaXRlciI7czoxOiIsIjtzOjIyOiJkZWZhdWx0X2V4cG9ydF9jaGFyc2V0IjtzOjU6IlVURi04IjtzOjE0OiJ1c2VfcmVhbF9uYW1lcyI7czoyOiJvbiI7czoxNzoibWFpbF9zbXRwYXV0aF9yZXEiO3M6MDoiIjtzOjEyOiJtYWlsX3NtdHBzc2wiO2k6MDtzOjI3OiJzdWdhcnBkZl9wZGZfZm9udF9uYW1lX21haW4iO3M6OToiaGVsdmV0aWNhIjtzOjI3OiJzdWdhcnBkZl9wZGZfZm9udF9zaXplX21haW4iO3M6MToiOCI7czoyNzoic3VnYXJwZGZfcGRmX2ZvbnRfbmFtZV9kYXRhIjtzOjk6ImhlbHZldGljYSI7czoyNzoic3VnYXJwZGZfcGRmX2ZvbnRfc2l6ZV9kYXRhIjtzOjE6IjgiO3M6MTU6ImVtYWlsX2xpbmtfdHlwZSI7czo1OiJzdWdhciI7czoxNzoiZW1haWxfc2hvd19jb3VudHMiO2k6MDtzOjIwOiJjYWxlbmRhcl9wdWJsaXNoX2tleSI7czozNjoiNmE3MWI5OTctMzk0Mi1hYzYzLTdiNzItNTUwOGI0Y2IwOTUyIjtzOjE1OiJsb2dpbmV4cGlyYXRpb24iO3M6MToiMCI7czo3OiJsb2Nrb3V0IjtzOjA6IiI7czoxMToibG9naW5mYWlsZWQiO3M6MToiMCI7czoxMToiX19zdWdhcl91cmwiO3M6MTg6InYxMC9tZS9wcmVmZXJlbmNlcyI7czoxMDoidXNlcl90aGVtZSI7czo2OiJSYWNlclgiO3M6MjQ6IkVtYWlsc19ET0NVTUVOVF9PUkRFUl9CWSI7czoxMzoiZG9jdW1lbnRfbmFtZSI7fQ==');
INSERT INTO `user_preferences`(`id`, `category`, `deleted`, `date_entered`, `date_modified`, `assigned_user_id`, `contents`) VALUES ('667000c2-2d3c-e72f-79f1-5608d2d46e87', 'Reports2_SAVEDREPORT', 0, '2015-09-28 05:40:27', '2015-09-28 05:40:27', '9a4d3754-caaf-a78c-48a0-55f7334f6922', 'YToxOntzOjEzOiJsaXN0dmlld09yZGVyIjthOjI6e3M6Nzoib3JkZXJCeSI7czoyNjoic2F2ZWRfcmVwb3J0cy5kYXRlX2VudGVyZWQiO3M6OToic29ydE9yZGVyIjtzOjQ6IkRFU0MiO319');
INSERT INTO `user_preferences`(`id`, `category`, `deleted`, `date_entered`, `date_modified`, `assigned_user_id`, `contents`) VALUES ('6791fe93-77a0-600a-486a-55f735802c8a', 'EmailTemplates2_EMAILTEMPLATE', 0, '2015-09-14 21:02:48', '2015-09-14 21:02:48', '1', 'YToxOntzOjEzOiJsaXN0dmlld09yZGVyIjthOjI6e3M6Nzoib3JkZXJCeSI7czoxMjoiZGF0ZV9lbnRlcmVkIjtzOjk6InNvcnRPcmRlciI7czo0OiJERVNDIjt9fQ==');
INSERT INTO `user_preferences`(`id`, `category`, `deleted`, `date_entered`, `date_modified`, `assigned_user_id`, `contents`) VALUES ('69480290-04dd-b5af-2f80-55ff5ab0ab44', 'Reports2_SAVEDREPORT', 0, '2015-09-21 01:17:46', '2015-09-21 01:17:46', 'a3d79684-217c-176f-b8f0-55ff1118da6a', 'YToxOntzOjEzOiJsaXN0dmlld09yZGVyIjthOjI6e3M6Nzoib3JkZXJCeSI7czoyNjoic2F2ZWRfcmVwb3J0cy5kYXRlX2VudGVyZWQiO3M6OToic29ydE9yZGVyIjtzOjQ6IkRFU0MiO319');
INSERT INTO `user_preferences`(`id`, `category`, `deleted`, `date_entered`, `date_modified`, `assigned_user_id`, `contents`) VALUES ('6a024eeb-3dd2-8e3e-bed9-564cf710f154', 'ETag', 0, '2015-11-18 22:12:13', '2015-11-18 22:12:13', '9a48e52f-b35d-e19e-2063-564cd065517d', 'YToxOntzOjEyOiJtYWluTWVudUVUYWciO2k6MTt9');
INSERT INTO `user_preferences`(`id`, `category`, `deleted`, `date_entered`, `date_modified`, `assigned_user_id`, `contents`) VALUES ('6a32969b-4b63-abbf-3259-5598d9b63207', 'ETag', 0, '2015-07-05 07:16:02', '2015-07-05 07:53:02', 'e062c6fe-14f6-208c-3f16-5598d76c90ef', 'YToxOntzOjEyOiJtYWluTWVudUVUYWciO2k6Mzt9');
INSERT INTO `user_preferences`(`id`, `category`, `deleted`, `date_entered`, `date_modified`, `assigned_user_id`, `contents`) VALUES ('6a9e0a86-8c2b-f342-70cb-55f735be15bd', 'ETag', 0, '2015-09-14 21:00:15', '2015-11-11 23:27:45', '9a4d3754-caaf-a78c-48a0-55f7334f6922', 'YToxOntzOjEyOiJtYWluTWVudUVUYWciO2k6NTt9');
INSERT INTO `user_preferences`(`id`, `category`, `deleted`, `date_entered`, `date_modified`, `assigned_user_id`, `contents`) VALUES ('6c8cec1e-1e52-1cdd-0fac-562066252afe', 'sq_CallsQ', 0, '2015-10-16 02:54:55', '2015-10-16 02:55:29', '1', 'YToxOntzOjY6IkNhbGxzUSI7YTo5OntzOjY6Im1vZHVsZSI7czo1OiJDYWxscyI7czo2OiJhY3Rpb24iO3M6NToiaW5kZXgiO3M6MTM6InNlYXJjaEZvcm1UYWIiO3M6MTI6ImJhc2ljX3NlYXJjaCI7czo1OiJxdWVyeSI7czo0OiJ0cnVlIjtzOjEwOiJuYW1lX2Jhc2ljIjtzOjA6IiI7czoyMzoiY3VycmVudF91c2VyX29ubHlfYmFzaWMiO3M6MToiMCI7czoyMDoiZmF2b3JpdGVzX29ubHlfYmFzaWMiO3M6MToiMCI7czoxNToib3Blbl9vbmx5X2Jhc2ljIjtzOjE6IjAiO3M6NjoiYnV0dG9uIjtzOjY6IlNlYXJjaCI7fX0=');
INSERT INTO `user_preferences`(`id`, `category`, `deleted`, `date_entered`, `date_modified`, `assigned_user_id`, `contents`) VALUES ('6cf5c9a7-47bb-1493-a3f7-55f0c868f1a3', 'sq_ReportsQ', 0, '2015-09-10 00:00:06', '2015-09-10 00:04:23', '1bbcf81e-eae2-77f1-471b-54fe9e97fab7', 'YToxOntzOjg6IlJlcG9ydHNRIjthOjE2OntzOjEzOiJzZWFyY2hGb3JtVGFiIjtzOjE1OiJhZHZhbmNlZF9zZWFyY2giO3M6NjoibW9kdWxlIjtzOjc6IlJlcG9ydHMiO3M6NjoiYWN0aW9uIjtzOjU6ImluZGV4IjtzOjU6InF1ZXJ5IjtzOjQ6InRydWUiO3M6NDoibmFtZSI7czowOiIiO3M6MTM6InJlcG9ydF9tb2R1bGUiO2E6MTp7aTowO3M6NToiQ2FsbHMiO31zOjk6InNob3dTU0RJViI7czoyOiJubyI7czoxNzoic2F2ZWRfc2VhcmNoX25hbWUiO3M6MDoiIjtzOjEzOiJzZWFyY2hfbW9kdWxlIjtzOjA6IiI7czoxOToic2F2ZWRfc2VhcmNoX2FjdGlvbiI7czowOiIiO3M6MTQ6ImRpc3BsYXlDb2x1bW5zIjtzOjc0OiJOQU1FfE1PRFVMRXxSRVBPUlRfVFlQRV9UUkFOU3xBU1NJR05FRF9VU0VSX05BTUV8SVNfU0NIRURVTEVEfERBVEVfRU5URVJFRCI7czo4OiJoaWRlVGFicyI7czo5OiJURUFNX05BTUUiO3M6Nzoib3JkZXJCeSI7czo0OiJOQU1FIjtzOjk6InNvcnRPcmRlciI7czozOiJBU0MiO3M6NjoiYnV0dG9uIjtzOjY6IlNlYXJjaCI7czoxOToic2F2ZWRfc2VhcmNoX3NlbGVjdCI7czo1OiJfbm9uZSI7fX0=');
INSERT INTO `user_preferences`(`id`, `category`, `deleted`, `date_entered`, `date_modified`, `assigned_user_id`, `contents`) VALUES ('6cf6a8b5-f8f5-2689-e82e-5508bb8c2cce', 'sq_EmployeesQ', 0, '2015-03-17 23:39:02', '2015-03-17 23:39:02', '28e00331-5e20-77ca-d748-5508b7a05aad', 'YToxOntzOjEwOiJFbXBsb3llZXNRIjthOjQ6e3M6NjoibW9kdWxlIjtzOjk6IkVtcGxveWVlcyI7czo2OiJhY3Rpb24iO3M6NToiaW5kZXgiO3M6NToicXVlcnkiO3M6NDoidHJ1ZSI7czo4OiJid2NGcmFtZSI7czoxOiIxIjt9fQ==');
INSERT INTO `user_preferences`(`id`, `category`, `deleted`, `date_entered`, `date_modified`, `assigned_user_id`, `contents`) VALUES ('6e825298-2397-3c5c-ce56-55c96a1bc9dd', 'OAuthKeys2_OAUTHKEY', 0, '2015-08-11 03:23:50', '2015-08-11 03:23:50', '1', 'YToxOntzOjEzOiJsaXN0dmlld09yZGVyIjthOjI6e3M6Nzoib3JkZXJCeSI7czoxMjoiZGF0ZV9lbnRlcmVkIjtzOjk6InNvcnRPcmRlciI7czo0OiJERVNDIjt9fQ==');
INSERT INTO `user_preferences`(`id`, `category`, `deleted`, `date_entered`, `date_modified`, `assigned_user_id`, `contents`) VALUES ('6f8519c7-1170-836a-e8b6-55ee5538bc25', 'Meetings2_MEETING', 0, '2015-09-08 03:26:45', '2015-09-08 03:26:45', '1bbcf81e-eae2-77f1-471b-54fe9e97fab7', 'YToxOntzOjEzOiJsaXN0dmlld09yZGVyIjthOjI6e3M6Nzoib3JkZXJCeSI7czoxMjoiZGF0ZV9lbnRlcmVkIjtzOjk6InNvcnRPcmRlciI7czo0OiJERVNDIjt9fQ==');
INSERT INTO `user_preferences`(`id`, `category`, `deleted`, `date_entered`, `date_modified`, `assigned_user_id`, `contents`) VALUES ('6fc11566-97d4-93ea-369d-5508bb17f1b1', 'Employees2_EMPLOYEE', 0, '2015-03-17 23:39:02', '2015-03-17 23:39:02', '28e00331-5e20-77ca-d748-5508b7a05aad', 'YToxOntzOjEzOiJsaXN0dmlld09yZGVyIjthOjI6e3M6Nzoib3JkZXJCeSI7czoxMjoiZGF0ZV9lbnRlcmVkIjtzOjk6InNvcnRPcmRlciI7czo0OiJERVNDIjt9fQ==');
INSERT INTO `user_preferences`(`id`, `category`, `deleted`, `date_entered`, `date_modified`, `assigned_user_id`, `contents`) VALUES ('7002e8a7-9e8c-1165-c0c6-5598df8b5b35', 'sq_EmployeesQ', 0, '2015-07-05 07:40:23', '2015-07-05 07:40:23', 'e062c6fe-14f6-208c-3f16-5598d76c90ef', 'YToxOntzOjEwOiJFbXBsb3llZXNRIjthOjQ6e3M6NjoibW9kdWxlIjtzOjk6IkVtcGxveWVlcyI7czo2OiJhY3Rpb24iO3M6NToiaW5kZXgiO3M6NToicXVlcnkiO3M6NDoidHJ1ZSI7czo4OiJid2NGcmFtZSI7czoxOiIxIjt9fQ==');
INSERT INTO `user_preferences`(`id`, `category`, `deleted`, `date_entered`, `date_modified`, `assigned_user_id`, `contents`) VALUES ('700c0957-5f01-b002-7a61-55ce98bc02f0', 'Documents2_DOCUMENT', 0, '2015-08-15 01:39:03', '2015-08-15 01:39:03', '1', 'YToxOntzOjEzOiJsaXN0dmlld09yZGVyIjthOjI6e3M6Nzoib3JkZXJCeSI7czoxMjoiZGF0ZV9lbnRlcmVkIjtzOjk6InNvcnRPcmRlciI7czo0OiJERVNDIjt9fQ==');
INSERT INTO `user_preferences`(`id`, `category`, `deleted`, `date_entered`, `date_modified`, `assigned_user_id`, `contents`) VALUES ('7139ab81-2bc3-5300-5ffc-5598df04688a', 'Employees2_EMPLOYEE', 0, '2015-07-05 07:40:23', '2015-07-05 07:40:23', 'e062c6fe-14f6-208c-3f16-5598d76c90ef', 'YToxOntzOjEzOiJsaXN0dmlld09yZGVyIjthOjI6e3M6Nzoib3JkZXJCeSI7czoxMjoiZGF0ZV9lbnRlcmVkIjtzOjk6InNvcnRPcmRlciI7czo0OiJERVNDIjt9fQ==');
INSERT INTO `user_preferences`(`id`, `category`, `deleted`, `date_entered`, `date_modified`, `assigned_user_id`, `contents`) VALUES ('71ec1472-44b2-fbc9-d2a7-562c62d47118', 'PdfManager2_PDFMANAGER', 0, '2015-10-25 05:04:52', '2015-10-25 05:04:52', '1', 'YToxOntzOjEzOiJsaXN0dmlld09yZGVyIjthOjI6e3M6Nzoib3JkZXJCeSI7czoxMjoiZGF0ZV9lbnRlcmVkIjtzOjk6InNvcnRPcmRlciI7czo0OiJERVNDIjt9fQ==');
INSERT INTO `user_preferences`(`id`, `category`, `deleted`, `date_entered`, `date_modified`, `assigned_user_id`, `contents`) VALUES ('73eea6fd-306e-b73e-1023-564cf780fc53', 'Reports2_SAVEDREPORT', 0, '2015-11-18 22:10:03', '2015-11-18 22:10:03', '9a48e52f-b35d-e19e-2063-564cd065517d', 'YToxOntzOjEzOiJsaXN0dmlld09yZGVyIjthOjI6e3M6Nzoib3JkZXJCeSI7czoyNjoic2F2ZWRfcmVwb3J0cy5kYXRlX2VudGVyZWQiO3M6OToic29ydE9yZGVyIjtzOjQ6IkRFU0MiO319');
INSERT INTO `user_preferences`(`id`, `category`, `deleted`, `date_entered`, `date_modified`, `assigned_user_id`, `contents`) VALUES ('73f66b98-e95e-20ae-5918-5616089064ac', 'Users2_USER', 0, '2015-10-08 06:08:52', '2015-10-08 06:08:52', 'e062c6fe-14f6-208c-3f16-5598d76c90ef', 'YToxOntzOjEzOiJsaXN0dmlld09yZGVyIjthOjI6e3M6Nzoib3JkZXJCeSI7czoxMjoiZGF0ZV9lbnRlcmVkIjtzOjk6InNvcnRPcmRlciI7czo0OiJERVNDIjt9fQ==');
INSERT INTO `user_preferences`(`id`, `category`, `deleted`, `date_entered`, `date_modified`, `assigned_user_id`, `contents`) VALUES ('765dedc1-e029-6d29-4c87-5f801bb75bd0', 'Schedulers2_SCHEDULER', 0, '2020-10-09 08:12:31', '2020-10-09 08:12:31', '52fb44da-36d7-1130-4e44-5508b4176df7', 'YToxOntzOjEzOiJsaXN0dmlld09yZGVyIjthOjI6e3M6Nzoib3JkZXJCeSI7czoxMjoiZGF0ZV9lbnRlcmVkIjtzOjk6InNvcnRPcmRlciI7czo0OiJERVNDIjt9fQ==');
INSERT INTO `user_preferences`(`id`, `category`, `deleted`, `date_entered`, `date_modified`, `assigned_user_id`, `contents`) VALUES ('79040c31-2865-4fd2-52e4-55ff1a158974', 'ETag', 0, '2015-09-20 20:45:41', '2015-09-20 20:45:46', 'f0c4cd9d-53a7-d368-78cf-55ff110047d6', 'YToxOntzOjEyOiJtYWluTWVudUVUYWciO2k6MTt9');
INSERT INTO `user_preferences`(`id`, `category`, `deleted`, `date_entered`, `date_modified`, `assigned_user_id`, `contents`) VALUES ('79e20fd9-a72e-492a-dfd9-55fa0d95345b', 'Accounts2_ACCOUNT', 0, '2015-09-17 00:46:45', '2015-09-17 00:46:45', 'e4e16cef-3efd-b780-6c58-55f25c65a5b7', 'YToxOntzOjEzOiJsaXN0dmlld09yZGVyIjthOjI6e3M6Nzoib3JkZXJCeSI7czoxMjoiZGF0ZV9lbnRlcmVkIjtzOjk6InNvcnRPcmRlciI7czo0OiJERVNDIjt9fQ==');
INSERT INTO `user_preferences`(`id`, `category`, `deleted`, `date_entered`, `date_modified`, `assigned_user_id`, `contents`) VALUES ('7bf4afd2-d5d3-d417-0c69-56305294249d', 'Emails', 0, '2015-10-28 04:42:56', '2015-12-14 22:20:53', 'a3d79684-217c-176f-b8f0-55ff1118da6a', 'YToyOntzOjE1OiJlbWFpbDJQcmVmbGlnaHQiO2I6MTtzOjExOiJmb2N1c0ZvbGRlciI7czo2MjoiYToyOntzOjQ6ImllSWQiO3M6OToidW5kZWZpbmVkIjtzOjY6ImZvbGRlciI7czo5OiJ1bmRlZmluZWQiO30iO30=');
INSERT INTO `user_preferences`(`id`, `category`, `deleted`, `date_entered`, `date_modified`, `assigned_user_id`, `contents`) VALUES ('7f0f8108-e34d-8c38-ebe8-5508b9e72659', 'ETag', 0, '2015-03-17 23:32:28', '2015-11-11 04:42:38', '28e00331-5e20-77ca-d748-5508b7a05aad', 'YToxOntzOjEyOiJtYWluTWVudUVUYWciO2k6Mzt9');
INSERT INTO `user_preferences`(`id`, `category`, `deleted`, `date_entered`, `date_modified`, `assigned_user_id`, `contents`) VALUES ('8013498c-e538-647b-0f24-5508b4a3dfa3', 'ETag', 0, '2015-03-17 23:11:22', '2015-06-12 01:24:33', '52fb44da-36d7-1130-4e44-5508b4176df7', 'YToxOntzOjEyOiJtYWluTWVudUVUYWciO2k6NDt9');
INSERT INTO `user_preferences`(`id`, `category`, `deleted`, `date_entered`, `date_modified`, `assigned_user_id`, `contents`) VALUES ('87d96ef0-5b44-fd40-9e51-5508b89d1558', 'Emails', 0, '2015-03-17 23:26:56', '2015-08-06 02:51:26', '28e00331-5e20-77ca-d748-5508b7a05aad', 'YToyOntzOjE1OiJlbWFpbDJQcmVmbGlnaHQiO2I6MTtzOjExOiJmb2N1c0ZvbGRlciI7czoxMDE6ImE6Mjp7czo0OiJpZUlkIjtzOjM2OiI3MjA3ODY2Mi03ZWE5LTRlN2ItOGRkMC01NTA4Yjg4NjcxNjgiO3M6NjoiZm9sZGVyIjtzOjE5OiJTVUdBUi5NeSBTZW50IEVtYWlsIjt9Ijt9');
INSERT INTO `user_preferences`(`id`, `category`, `deleted`, `date_entered`, `date_modified`, `assigned_user_id`, `contents`) VALUES ('899eb3a9-a28e-e9d1-a2c8-550884988576', 'sq_EmployeesQ', 0, '2015-03-17 19:46:31', '2015-03-17 19:46:31', '1', 'YToxOntzOjEwOiJFbXBsb3llZXNRIjthOjQ6e3M6NjoibW9kdWxlIjtzOjk6IkVtcGxveWVlcyI7czo2OiJhY3Rpb24iO3M6NToiaW5kZXgiO3M6NToicXVlcnkiO3M6NDoidHJ1ZSI7czo4OiJid2NGcmFtZSI7czoxOiIxIjt9fQ==');
INSERT INTO `user_preferences`(`id`, `category`, `deleted`, `date_entered`, `date_modified`, `assigned_user_id`, `contents`) VALUES ('8b5505a6-f168-c01b-18f8-55f25cdd9dfd', 'global', 0, '2015-09-11 04:44:58', '2015-10-07 05:24:42', 'e4e16cef-3efd-b780-6c58-55f25c65a5b7', 'YTo0Mjp7czoxMjoibWFpbG1lcmdlX29uIjtzOjM6Im9mZiI7czoxNjoic3dhcF9sYXN0X3ZpZXdlZCI7czowOiIiO3M6MTQ6InN3YXBfc2hvcnRjdXRzIjtzOjA6IiI7czoxNDoibW9kdWxlX2Zhdmljb24iO3M6MDoiIjtzOjEyOiJkaXNwbGF5X3RhYnMiO2E6MTY6e2k6MDtzOjQ6IkhvbWUiO2k6MTtzOjg6IkFjY291bnRzIjtpOjI7czo4OiJDb250YWN0cyI7aTozO3M6NzoiUmVwb3J0cyI7aTo0O3M6OToiRG9jdW1lbnRzIjtpOjU7czo2OiJFbWFpbHMiO2k6NjtzOjU6IkNhbGxzIjtpOjc7czo1OiJOb3RlcyI7aTo4O3M6NToiQ2FzZXMiO2k6OTtzOjExOiJiYmNybV9TaXRlcyI7aToxMDtzOjE3OiJiYmNybV9TTVNNZXNzYWdlcyI7aToxMTtzOjI0OiJiYmNybV9BY2NvdW50Q29sbGVjdGlvbnMiO2k6MTI7czo4OiJNZWV0aW5ncyI7aToxMztzOjEzOiJiYmNybV9CYW5raW5nIjtpOjE0O3M6MjQ6ImJiY3JtX0RpcmVjdERlYml0SGlzdG9yeSI7aToxNTtzOjE4OiJiYmNybV9NZXRlcmluZ0RhdGEiO31zOjk6ImhpZGVfdGFicyI7YTowOnt9czoxMToicmVtb3ZlX3RhYnMiO2E6MDp7fXM6Nzoibm9fb3BwcyI7czozOiJvZmYiO3M6MTM6InJlbWluZGVyX3RpbWUiO2k6MTgwMDtzOjE5OiJlbWFpbF9yZW1pbmRlcl90aW1lIjtpOi0xO3M6ODoidGltZXpvbmUiO3M6MTk6IkF1c3RyYWxpYS9NZWxib3VybmUiO3M6MjoidXQiO2I6MTtzOjg6ImN1cnJlbmN5IjtzOjM6Ii05OSI7czozNToiZGVmYXVsdF9jdXJyZW5jeV9zaWduaWZpY2FudF9kaWdpdHMiO3M6MToiMiI7czoyMzoiY3VycmVuY3lfc2hvd19wcmVmZXJyZWQiO2I6MDtzOjExOiJudW1fZ3JwX3NlcCI7czoxOiIsIjtzOjc6ImRlY19zZXAiO3M6MToiLiI7czo0OiJmZG93IjtzOjE6IjAiO3M6NToiZGF0ZWYiO3M6NToiZC9tL1kiO3M6NToidGltZWYiO3M6NDoiaDppYSI7czoyNjoiZGVmYXVsdF9sb2NhbGVfbmFtZV9mb3JtYXQiO3M6NToicyBmIGwiO3M6MTY6ImV4cG9ydF9kZWxpbWl0ZXIiO3M6MToiLCI7czoyMjoiZGVmYXVsdF9leHBvcnRfY2hhcnNldCI7czo1OiJVVEYtOCI7czoxNDoidXNlX3JlYWxfbmFtZXMiO3M6Mjoib24iO3M6MTc6Im1haWxfc210cGF1dGhfcmVxIjtzOjA6IiI7czoxMjoibWFpbF9zbXRwc3NsIjtpOjA7czoyNzoic3VnYXJwZGZfcGRmX2ZvbnRfbmFtZV9tYWluIjtzOjk6ImhlbHZldGljYSI7czoyNzoic3VnYXJwZGZfcGRmX2ZvbnRfc2l6ZV9tYWluIjtzOjE6IjgiO3M6Mjc6InN1Z2FycGRmX3BkZl9mb250X25hbWVfZGF0YSI7czo5OiJoZWx2ZXRpY2EiO3M6Mjc6InN1Z2FycGRmX3BkZl9mb250X3NpemVfZGF0YSI7czoxOiI4IjtzOjE1OiJlbWFpbF9saW5rX3R5cGUiO3M6NToic3VnYXIiO3M6MTc6ImVtYWlsX3Nob3dfY291bnRzIjtpOjA7czoyMDoiY2FsZW5kYXJfcHVibGlzaF9rZXkiO3M6MzY6IjEwYTExNjc2LTIwMDktOWIzYy0wY2ZjLTU1ZjI1Y2Y4OWQ5OSI7czoxNToibG9naW5leHBpcmF0aW9uIjtzOjE6IjAiO3M6NzoibG9ja291dCI7czowOiIiO3M6MTE6ImxvZ2luZmFpbGVkIjtzOjE6IjAiO3M6MTE6Il9fc3VnYXJfdXJsIjtzOjE4OiJ2MTAvbWUvcHJlZmVyZW5jZXMiO3M6MTA6InVzZXJfdGhlbWUiO3M6NjoiUmFjZXJYIjtzOjE3OiJzaWduYXR1cmVfZGVmYXVsdCI7czozNjoiOWRkNGY5MWYtOTlhMC0wNDMwLWIwMWUtNTVmNzM2MWIwODI1IjtzOjE3OiJzaWduYXR1cmVfcHJlcGVuZCI7YjowO3M6MjQ6IkVtYWlsc19ET0NVTUVOVF9PUkRFUl9CWSI7czoxMzoiZG9jdW1lbnRfbmFtZSI7czoyNzoiRG9jdW1lbnRzX0RPQ1VNRU5UX09SREVSX0JZIjtzOjEzOiJkb2N1bWVudF9uYW1lIjt9');
INSERT INTO `user_preferences`(`id`, `category`, `deleted`, `date_entered`, `date_modified`, `assigned_user_id`, `contents`) VALUES ('8c56694d-6d8d-b837-82c2-55ff14e58bc5', 'ETag', 0, '2015-09-20 20:18:47', '2015-09-20 20:18:52', 'a3d79684-217c-176f-b8f0-55ff1118da6a', 'YToxOntzOjEyOiJtYWluTWVudUVUYWciO2k6MTt9');
INSERT INTO `user_preferences`(`id`, `category`, `deleted`, `date_entered`, `date_modified`, `assigned_user_id`, `contents`) VALUES ('8c71b9eb-95e1-9f04-15c3-55088447d10f', 'Employees2_EMPLOYEE', 0, '2015-03-17 19:46:31', '2015-03-17 19:46:31', '1', 'YToxOntzOjEzOiJsaXN0dmlld09yZGVyIjthOjI6e3M6Nzoib3JkZXJCeSI7czoxMjoiZGF0ZV9lbnRlcmVkIjtzOjk6InNvcnRPcmRlciI7czo0OiJERVNDIjt9fQ==');
INSERT INTO `user_preferences`(`id`, `category`, `deleted`, `date_entered`, `date_modified`, `assigned_user_id`, `contents`) VALUES ('902a10c4-f98c-5388-2e9c-564948c59af7', 'Emails', 0, '2015-11-16 03:09:24', '2015-11-18 01:11:52', '9a4d3754-caaf-a78c-48a0-55f7334f6922', 'YToyOntzOjE1OiJlbWFpbDJQcmVmbGlnaHQiO2I6MTtzOjExOiJmb2N1c0ZvbGRlciI7czo5NjoiYToyOntzOjQ6ImllSWQiO3M6MzY6IjYxYmE5M2I2LTg3YTAtZWE5MC05MDY3LTU2NDk0ODQ1MmM2MyI7czo2OiJmb2xkZXIiO3M6MTQ6IlNVR0FSLk15IEVtYWlsIjt9Ijt9');
INSERT INTO `user_preferences`(`id`, `category`, `deleted`, `date_entered`, `date_modified`, `assigned_user_id`, `contents`) VALUES ('911fdda3-cfc4-2b8d-eaad-5f8010494abc', 'PdfManager2_PDFMANAGER', 0, '2020-10-09 07:27:15', '2020-10-09 07:27:15', '52fb44da-36d7-1130-4e44-5508b4176df7', 'YToxOntzOjEzOiJsaXN0dmlld09yZGVyIjthOjI6e3M6Nzoib3JkZXJCeSI7czoxMjoiZGF0ZV9lbnRlcmVkIjtzOjk6InNvcnRPcmRlciI7czo0OiJERVNDIjt9fQ==');
INSERT INTO `user_preferences`(`id`, `category`, `deleted`, `date_entered`, `date_modified`, `assigned_user_id`, `contents`) VALUES ('93402e3b-34c5-8763-a08a-55f0c7ae4cf3', 'Reports2_SAVEDREPORT', 0, '2015-09-09 23:59:51', '2015-09-10 00:00:06', '1bbcf81e-eae2-77f1-471b-54fe9e97fab7', 'YToxOntzOjEzOiJsaXN0dmlld09yZGVyIjthOjI6e3M6Nzoib3JkZXJCeSI7czo0OiJuYW1lIjtzOjk6InNvcnRPcmRlciI7czozOiJBU0MiO319');
INSERT INTO `user_preferences`(`id`, `category`, `deleted`, `date_entered`, `date_modified`, `assigned_user_id`, `contents`) VALUES ('953f9e1a-dd2b-e5e7-dc1f-56109b50b8cb', 'Schedulers2_SCHEDULER', 0, '2015-10-04 03:24:10', '2015-10-04 03:24:10', '1', 'YToxOntzOjEzOiJsaXN0dmlld09yZGVyIjthOjI6e3M6Nzoib3JkZXJCeSI7czoxMjoiZGF0ZV9lbnRlcmVkIjtzOjk6InNvcnRPcmRlciI7czo0OiJERVNDIjt9fQ==');
INSERT INTO `user_preferences`(`id`, `category`, `deleted`, `date_entered`, `date_modified`, `assigned_user_id`, `contents`) VALUES ('95497dd0-8065-867e-4d40-55664e5ebaa2', 'sq_ReportsQ', 0, '2015-05-27 23:09:22', '2015-12-07 23:27:17', '1', 'YToxOntzOjg6IlJlcG9ydHNRIjthOjE2OntzOjEzOiJzZWFyY2hGb3JtVGFiIjtzOjE1OiJhZHZhbmNlZF9zZWFyY2giO3M6NjoibW9kdWxlIjtzOjc6IlJlcG9ydHMiO3M6NjoiYWN0aW9uIjtzOjU6ImluZGV4IjtzOjU6InF1ZXJ5IjtzOjQ6InRydWUiO3M6NDoibmFtZSI7czowOiIiO3M6MTM6InJlcG9ydF9tb2R1bGUiO2E6MTp7aTowO3M6ODoiQWNjb3VudHMiO31zOjk6InNob3dTU0RJViI7czoyOiJubyI7czoxNzoic2F2ZWRfc2VhcmNoX25hbWUiO3M6MDoiIjtzOjEzOiJzZWFyY2hfbW9kdWxlIjtzOjA6IiI7czoxOToic2F2ZWRfc2VhcmNoX2FjdGlvbiI7czowOiIiO3M6MTQ6ImRpc3BsYXlDb2x1bW5zIjtzOjc0OiJOQU1FfE1PRFVMRXxSRVBPUlRfVFlQRV9UUkFOU3xBU1NJR05FRF9VU0VSX05BTUV8SVNfU0NIRURVTEVEfERBVEVfRU5URVJFRCI7czo4OiJoaWRlVGFicyI7czo5OiJURUFNX05BTUUiO3M6Nzoib3JkZXJCeSI7czo0OiJOQU1FIjtzOjk6InNvcnRPcmRlciI7czozOiJBU0MiO3M6NjoiYnV0dG9uIjtzOjY6IlNlYXJjaCI7czoxOToic2F2ZWRfc2VhcmNoX3NlbGVjdCI7czo1OiJfbm9uZSI7fX0=');
INSERT INTO `user_preferences`(`id`, `category`, `deleted`, `date_entered`, `date_modified`, `assigned_user_id`, `contents`) VALUES ('98045071-ba99-9252-91f6-55664e704f9f', 'Reports2_SAVEDREPORT', 0, '2015-05-27 23:09:22', '2015-09-09 20:27:18', '1', 'YToxOntzOjEzOiJsaXN0dmlld09yZGVyIjthOjI6e3M6Nzoib3JkZXJCeSI7czo0OiJuYW1lIjtzOjk6InNvcnRPcmRlciI7czozOiJBU0MiO319');
INSERT INTO `user_preferences`(`id`, `category`, `deleted`, `date_entered`, `date_modified`, `assigned_user_id`, `contents`) VALUES ('9e160c33-bd73-11b6-fb91-5507a1a2b6d2', 'sq_SchedulersQ', 0, '2015-03-17 03:38:31', '2020-10-08 06:27:34', '1bbcf81e-eae2-77f1-471b-54fe9e97fab7', 'YToxOntzOjExOiJTY2hlZHVsZXJzUSI7YTo2OntzOjY6Im1vZHVsZSI7czoxMDoiU2NoZWR1bGVycyI7czo2OiJhY3Rpb24iO3M6NToiaW5kZXgiO3M6MTM6InNlYXJjaEZvcm1UYWIiO3M6MTI6ImJhc2ljX3NlYXJjaCI7czo1OiJxdWVyeSI7czo0OiJ0cnVlIjtzOjEwOiJuYW1lX2Jhc2ljIjtzOjA6IiI7czo2OiJidXR0b24iO3M6NjoiU2VhcmNoIjt9fQ==');
INSERT INTO `user_preferences`(`id`, `category`, `deleted`, `date_entered`, `date_modified`, `assigned_user_id`, `contents`) VALUES ('9e369b4d-8c9e-8e46-c030-55f25d141b57', 'Documents2_DOCUMENT', 0, '2015-09-11 04:52:09', '2015-09-11 04:52:09', 'e4e16cef-3efd-b780-6c58-55f25c65a5b7', 'YToxOntzOjEzOiJsaXN0dmlld09yZGVyIjthOjI6e3M6Nzoib3JkZXJCeSI7czoxMjoiZGF0ZV9lbnRlcmVkIjtzOjk6InNvcnRPcmRlciI7czo0OiJERVNDIjt9fQ==');
INSERT INTO `user_preferences`(`id`, `category`, `deleted`, `date_entered`, `date_modified`, `assigned_user_id`, `contents`) VALUES ('a1e9b472-ddc0-51a3-40bd-5599fa8f2c02', 'Emails', 0, '2015-07-06 03:46:13', '2015-07-06 03:46:25', 'e062c6fe-14f6-208c-3f16-5598d76c90ef', 'YToyOntzOjE1OiJlbWFpbDJQcmVmbGlnaHQiO2I6MTtzOjExOiJmb2N1c0ZvbGRlciI7czoxMDE6ImE6Mjp7czo0OiJpZUlkIjtzOjM2OiI4ZTcxNDZiZC02MzRkLTY0OWItMGNlNS01NTk5ZmE0ZTNiNDgiO3M6NjoiZm9sZGVyIjtzOjE5OiJTVUdBUi5NeSBTZW50IEVtYWlsIjt9Ijt9');
INSERT INTO `user_preferences`(`id`, `category`, `deleted`, `date_entered`, `date_modified`, `assigned_user_id`, `contents`) VALUES ('a6b80bf0-b1dd-9553-1d7c-5600ac55ac2b', 'Calls2_CALL', 0, '2015-09-22 01:18:19', '2015-09-22 01:18:19', 'f0c4cd9d-53a7-d368-78cf-55ff110047d6', 'YToxOntzOjEzOiJsaXN0dmlld09yZGVyIjthOjI6e3M6Nzoib3JkZXJCeSI7czoxMjoiZGF0ZV9lbnRlcmVkIjtzOjk6InNvcnRPcmRlciI7czo0OiJERVNDIjt9fQ==');
INSERT INTO `user_preferences`(`id`, `category`, `deleted`, `date_entered`, `date_modified`, `assigned_user_id`, `contents`) VALUES ('ad005bb0-8316-a786-e676-5578d3bc664a', 'Documents2_DOCUMENT', 0, '2015-06-11 00:18:37', '2015-06-11 00:18:37', '52fb44da-36d7-1130-4e44-5508b4176df7', 'YToxOntzOjEzOiJsaXN0dmlld09yZGVyIjthOjI6e3M6Nzoib3JkZXJCeSI7czoxMjoiZGF0ZV9lbnRlcmVkIjtzOjk6InNvcnRPcmRlciI7czo0OiJERVNDIjt9fQ==');
INSERT INTO `user_preferences`(`id`, `category`, `deleted`, `date_entered`, `date_modified`, `assigned_user_id`, `contents`) VALUES ('adffce74-3ff0-8d49-a5df-5625b41ee88d', 'sq_ReportsQ', 0, '2015-10-20 03:26:06', '2015-11-05 06:01:08', 'e4e16cef-3efd-b780-6c58-55f25c65a5b7', 'YToxOntzOjg6IlJlcG9ydHNRIjthOjY6e3M6NjoibW9kdWxlIjtzOjc6IlJlcG9ydHMiO3M6NjoiYWN0aW9uIjtzOjU6ImluZGV4IjtzOjQ6InZpZXciO3M6ODoiQWNjb3VudHMiO3M6NToicXVlcnkiO3M6NDoidHJ1ZSI7czoxMzoicmVwb3J0X21vZHVsZSI7czo4OiJBY2NvdW50cyI7czo4OiJid2NGcmFtZSI7czoxOiIxIjt9fQ==');
INSERT INTO `user_preferences`(`id`, `category`, `deleted`, `date_entered`, `date_modified`, `assigned_user_id`, `contents`) VALUES ('b36f045e-6baa-d5bd-8169-550671019b46', 'ETag', 0, '2015-03-16 05:59:32', '2020-10-12 03:18:16', '1', 'YToxOntzOjEyOiJtYWluTWVudUVUYWciO2k6OTt9');
INSERT INTO `user_preferences`(`id`, `category`, `deleted`, `date_entered`, `date_modified`, `assigned_user_id`, `contents`) VALUES ('b3bfee77-492c-b2d7-eae3-55f7331db30f', 'global', 0, '2015-09-14 20:53:22', '2015-09-22 23:22:07', '9a4d3754-caaf-a78c-48a0-55f7334f6922', 'YTozODp7czoxMjoibWFpbG1lcmdlX29uIjtzOjM6Im9mZiI7czoxNjoic3dhcF9sYXN0X3ZpZXdlZCI7czowOiIiO3M6MTQ6InN3YXBfc2hvcnRjdXRzIjtzOjA6IiI7czoxNDoibW9kdWxlX2Zhdmljb24iO3M6MDoiIjtzOjEyOiJkaXNwbGF5X3RhYnMiO2E6MTY6e2k6MDtzOjQ6IkhvbWUiO2k6MTtzOjg6IkFjY291bnRzIjtpOjI7czo4OiJDb250YWN0cyI7aTozO3M6NzoiUmVwb3J0cyI7aTo0O3M6OToiRG9jdW1lbnRzIjtpOjU7czo2OiJFbWFpbHMiO2k6NjtzOjU6IkNhbGxzIjtpOjc7czo1OiJOb3RlcyI7aTo4O3M6NToiQ2FzZXMiO2k6OTtzOjExOiJiYmNybV9TaXRlcyI7aToxMDtzOjE3OiJiYmNybV9TTVNNZXNzYWdlcyI7aToxMTtzOjI0OiJiYmNybV9BY2NvdW50Q29sbGVjdGlvbnMiO2k6MTI7czo4OiJNZWV0aW5ncyI7aToxMztzOjEzOiJiYmNybV9CYW5raW5nIjtpOjE0O3M6MjQ6ImJiY3JtX0RpcmVjdERlYml0SGlzdG9yeSI7aToxNTtzOjE4OiJiYmNybV9NZXRlcmluZ0RhdGEiO31zOjk6ImhpZGVfdGFicyI7YTowOnt9czoxMToicmVtb3ZlX3RhYnMiO2E6MDp7fXM6Nzoibm9fb3BwcyI7czozOiJvZmYiO3M6MTM6InJlbWluZGVyX3RpbWUiO3M6NDoiMTgwMCI7czoxOToiZW1haWxfcmVtaW5kZXJfdGltZSI7aTotMTtzOjg6InRpbWV6b25lIjtzOjE5OiJBdXN0cmFsaWEvTWVsYm91cm5lIjtzOjI6InV0IjtzOjE6IjEiO3M6ODoiY3VycmVuY3kiO3M6MzoiLTk5IjtzOjM1OiJkZWZhdWx0X2N1cnJlbmN5X3NpZ25pZmljYW50X2RpZ2l0cyI7czoxOiIyIjtzOjIzOiJjdXJyZW5jeV9zaG93X3ByZWZlcnJlZCI7YjowO3M6MTE6Im51bV9ncnBfc2VwIjtzOjE6IiwiO3M6NzoiZGVjX3NlcCI7czoxOiIuIjtzOjQ6ImZkb3ciO3M6MToiMCI7czo1OiJkYXRlZiI7czo1OiJkL20vWSI7czo1OiJ0aW1lZiI7czo0OiJoOmlhIjtzOjI2OiJkZWZhdWx0X2xvY2FsZV9uYW1lX2Zvcm1hdCI7czo1OiJzIGYgbCI7czoxNjoiZXhwb3J0X2RlbGltaXRlciI7czoxOiIsIjtzOjIyOiJkZWZhdWx0X2V4cG9ydF9jaGFyc2V0IjtzOjU6IlVURi04IjtzOjE0OiJ1c2VfcmVhbF9uYW1lcyI7czoyOiJvbiI7czoxNzoibWFpbF9zbXRwYXV0aF9yZXEiO3M6MDoiIjtzOjEyOiJtYWlsX3NtdHBzc2wiO2k6MDtzOjI3OiJzdWdhcnBkZl9wZGZfZm9udF9uYW1lX21haW4iO3M6OToiaGVsdmV0aWNhIjtzOjI3OiJzdWdhcnBkZl9wZGZfZm9udF9zaXplX21haW4iO3M6MToiOCI7czoyNzoic3VnYXJwZGZfcGRmX2ZvbnRfbmFtZV9kYXRhIjtzOjk6ImhlbHZldGljYSI7czoyNzoic3VnYXJwZGZfcGRmX2ZvbnRfc2l6ZV9kYXRhIjtzOjE6IjgiO3M6MTU6ImVtYWlsX2xpbmtfdHlwZSI7czo1OiJzdWdhciI7czoxNzoiZW1haWxfc2hvd19jb3VudHMiO2k6MDtzOjIwOiJjYWxlbmRhcl9wdWJsaXNoX2tleSI7czozNjoiYmJiMjQxMGItNDE0MC01ODdmLTlhNmEtNTVmNzMzMGI2ZjNjIjtzOjE1OiJsb2dpbmV4cGlyYXRpb24iO3M6MToiMCI7czo3OiJsb2Nrb3V0IjtzOjA6IiI7czoxMToibG9naW5mYWlsZWQiO3M6MToiMCI7czoxMToiX19zdWdhcl91cmwiO3M6MTg6InYxMC9tZS9wcmVmZXJlbmNlcyI7czoxMDoidXNlcl90aGVtZSI7czo2OiJSYWNlclgiO30=');
INSERT INTO `user_preferences`(`id`, `category`, `deleted`, `date_entered`, `date_modified`, `assigned_user_id`, `contents`) VALUES ('b4c08453-f48c-974f-e144-564cd009786c', 'global', 0, '2015-11-18 19:26:48', '2015-12-06 21:44:00', '9a48e52f-b35d-e19e-2063-564cd065517d', 'YTozODp7czoxMjoibWFpbG1lcmdlX29uIjtzOjM6Im9mZiI7czoxNjoic3dhcF9sYXN0X3ZpZXdlZCI7czowOiIiO3M6MTQ6InN3YXBfc2hvcnRjdXRzIjtzOjA6IiI7czoxNDoibW9kdWxlX2Zhdmljb24iO3M6MDoiIjtzOjEyOiJkaXNwbGF5X3RhYnMiO2E6MTY6e2k6MDtzOjQ6IkhvbWUiO2k6MTtzOjg6IkFjY291bnRzIjtpOjI7czo4OiJDb250YWN0cyI7aTozO3M6NzoiUmVwb3J0cyI7aTo0O3M6OToiRG9jdW1lbnRzIjtpOjU7czo2OiJFbWFpbHMiO2k6NjtzOjU6IkNhbGxzIjtpOjc7czo1OiJOb3RlcyI7aTo4O3M6NToiQ2FzZXMiO2k6OTtzOjg6Ik1lZXRpbmdzIjtpOjEwO3M6MTE6ImJiY3JtX1NpdGVzIjtpOjExO3M6MTc6ImJiY3JtX1NNU01lc3NhZ2VzIjtpOjEyO3M6MjQ6ImJiY3JtX0FjY291bnRDb2xsZWN0aW9ucyI7aToxMztzOjEzOiJiYmNybV9CYW5raW5nIjtpOjE0O3M6MjQ6ImJiY3JtX0RpcmVjdERlYml0SGlzdG9yeSI7aToxNTtzOjE4OiJiYmNybV9NZXRlcmluZ0RhdGEiO31zOjk6ImhpZGVfdGFicyI7YTowOnt9czoxMToicmVtb3ZlX3RhYnMiO2E6MDp7fXM6Nzoibm9fb3BwcyI7czozOiJvZmYiO3M6MTM6InJlbWluZGVyX3RpbWUiO2k6MTgwMDtzOjE5OiJlbWFpbF9yZW1pbmRlcl90aW1lIjtpOi0xO3M6ODoidGltZXpvbmUiO3M6MTk6IkF1c3RyYWxpYS9NZWxib3VybmUiO3M6MjoidXQiO2I6MTtzOjg6ImN1cnJlbmN5IjtzOjM6Ii05OSI7czozNToiZGVmYXVsdF9jdXJyZW5jeV9zaWduaWZpY2FudF9kaWdpdHMiO3M6MToiMiI7czoyMzoiY3VycmVuY3lfc2hvd19wcmVmZXJyZWQiO2I6MDtzOjExOiJudW1fZ3JwX3NlcCI7czoxOiIsIjtzOjc6ImRlY19zZXAiO3M6MToiLiI7czo0OiJmZG93IjtzOjE6IjAiO3M6NToiZGF0ZWYiO3M6NToiZC9tL1kiO3M6NToidGltZWYiO3M6NDoiaDppYSI7czoyNjoiZGVmYXVsdF9sb2NhbGVfbmFtZV9mb3JtYXQiO3M6NToicyBmIGwiO3M6MTY6ImV4cG9ydF9kZWxpbWl0ZXIiO3M6MToiLCI7czoyMjoiZGVmYXVsdF9leHBvcnRfY2hhcnNldCI7czo1OiJVVEYtOCI7czoxNDoidXNlX3JlYWxfbmFtZXMiO3M6Mjoib24iO3M6MTc6Im1haWxfc210cGF1dGhfcmVxIjtzOjA6IiI7czoxMjoibWFpbF9zbXRwc3NsIjtpOjA7czoyNzoic3VnYXJwZGZfcGRmX2ZvbnRfbmFtZV9tYWluIjtzOjk6ImhlbHZldGljYSI7czoyNzoic3VnYXJwZGZfcGRmX2ZvbnRfc2l6ZV9tYWluIjtzOjE6IjgiO3M6Mjc6InN1Z2FycGRmX3BkZl9mb250X25hbWVfZGF0YSI7czo5OiJoZWx2ZXRpY2EiO3M6Mjc6InN1Z2FycGRmX3BkZl9mb250X3NpemVfZGF0YSI7czoxOiI4IjtzOjE1OiJlbWFpbF9saW5rX3R5cGUiO3M6NToic3VnYXIiO3M6MTc6ImVtYWlsX3Nob3dfY291bnRzIjtpOjA7czoyMDoiY2FsZW5kYXJfcHVibGlzaF9rZXkiO3M6MzY6ImJkNWI5ZmJkLTdjYzQtZGJhZC0wYjdkLTU2NGNkMDI1NzY2NSI7czoxNToibG9naW5leHBpcmF0aW9uIjtzOjE6IjAiO3M6NzoibG9ja291dCI7czowOiIiO3M6MTE6ImxvZ2luZmFpbGVkIjtzOjE6IjAiO3M6MTE6Il9fc3VnYXJfdXJsIjtzOjE4OiJ2MTAvbWUvcHJlZmVyZW5jZXMiO3M6MTA6InVzZXJfdGhlbWUiO3M6NjoiUmFjZXJYIjt9');
INSERT INTO `user_preferences`(`id`, `category`, `deleted`, `date_entered`, `date_modified`, `assigned_user_id`, `contents`) VALUES ('b8550a63-70b6-1a37-39bc-5508b8acf02d', 'Calls2_CALL', 0, '2015-03-17 23:27:10', '2015-03-17 23:27:10', '28e00331-5e20-77ca-d748-5508b7a05aad', 'YToxOntzOjEzOiJsaXN0dmlld09yZGVyIjthOjI6e3M6Nzoib3JkZXJCeSI7czoxMjoiZGF0ZV9lbnRlcmVkIjtzOjk6InNvcnRPcmRlciI7czo0OiJERVNDIjt9fQ==');
INSERT INTO `user_preferences`(`id`, `category`, `deleted`, `date_entered`, `date_modified`, `assigned_user_id`, `contents`) VALUES ('bbe6df0b-44ae-4dc0-66c6-5599c5fb06d1', 'Reports2_SAVEDREPORT', 0, '2015-07-06 00:03:47', '2015-07-06 00:03:47', 'e062c6fe-14f6-208c-3f16-5598d76c90ef', 'YToxOntzOjEzOiJsaXN0dmlld09yZGVyIjthOjI6e3M6Nzoib3JkZXJCeSI7czoyNjoic2F2ZWRfcmVwb3J0cy5kYXRlX2VudGVyZWQiO3M6OToic29ydE9yZGVyIjtzOjQ6IkRFU0MiO319');
INSERT INTO `user_preferences`(`id`, `category`, `deleted`, `date_entered`, `date_modified`, `assigned_user_id`, `contents`) VALUES ('bd458ccc-5f47-0636-4848-55ff110e0033', 'global', 0, '2015-09-20 20:05:30', '2015-11-06 05:29:42', 'a3d79684-217c-176f-b8f0-55ff1118da6a', 'YTozOTp7czoxMjoibWFpbG1lcmdlX29uIjtzOjM6Im9mZiI7czoxNjoic3dhcF9sYXN0X3ZpZXdlZCI7czowOiIiO3M6MTQ6InN3YXBfc2hvcnRjdXRzIjtzOjA6IiI7czoxNDoibW9kdWxlX2Zhdmljb24iO3M6MDoiIjtzOjEyOiJkaXNwbGF5X3RhYnMiO2E6MTY6e2k6MDtzOjQ6IkhvbWUiO2k6MTtzOjg6IkFjY291bnRzIjtpOjI7czo4OiJDb250YWN0cyI7aTozO3M6NzoiUmVwb3J0cyI7aTo0O3M6OToiRG9jdW1lbnRzIjtpOjU7czo2OiJFbWFpbHMiO2k6NjtzOjU6IkNhbGxzIjtpOjc7czo1OiJOb3RlcyI7aTo4O3M6NToiQ2FzZXMiO2k6OTtzOjExOiJiYmNybV9TaXRlcyI7aToxMDtzOjE3OiJiYmNybV9TTVNNZXNzYWdlcyI7aToxMTtzOjI0OiJiYmNybV9BY2NvdW50Q29sbGVjdGlvbnMiO2k6MTI7czo4OiJNZWV0aW5ncyI7aToxMztzOjEzOiJiYmNybV9CYW5raW5nIjtpOjE0O3M6MjQ6ImJiY3JtX0RpcmVjdERlYml0SGlzdG9yeSI7aToxNTtzOjE4OiJiYmNybV9NZXRlcmluZ0RhdGEiO31zOjk6ImhpZGVfdGFicyI7YTowOnt9czoxMToicmVtb3ZlX3RhYnMiO2E6MDp7fXM6Nzoibm9fb3BwcyI7czozOiJvZmYiO3M6MTM6InJlbWluZGVyX3RpbWUiO3M6NDoiMTgwMCI7czoxOToiZW1haWxfcmVtaW5kZXJfdGltZSI7aTotMTtzOjg6InRpbWV6b25lIjtzOjE5OiJBdXN0cmFsaWEvTWVsYm91cm5lIjtzOjI6InV0IjtzOjE6IjEiO3M6ODoiY3VycmVuY3kiO3M6MzoiLTk5IjtzOjM1OiJkZWZhdWx0X2N1cnJlbmN5X3NpZ25pZmljYW50X2RpZ2l0cyI7czoxOiIyIjtzOjIzOiJjdXJyZW5jeV9zaG93X3ByZWZlcnJlZCI7YjowO3M6MTE6Im51bV9ncnBfc2VwIjtzOjE6IiwiO3M6NzoiZGVjX3NlcCI7czoxOiIuIjtzOjQ6ImZkb3ciO3M6MToiMCI7czo1OiJkYXRlZiI7czo1OiJkL20vWSI7czo1OiJ0aW1lZiI7czo0OiJoOmlhIjtzOjI2OiJkZWZhdWx0X2xvY2FsZV9uYW1lX2Zvcm1hdCI7czo1OiJzIGYgbCI7czoxNjoiZXhwb3J0X2RlbGltaXRlciI7czoxOiIsIjtzOjIyOiJkZWZhdWx0X2V4cG9ydF9jaGFyc2V0IjtzOjU6IlVURi04IjtzOjE0OiJ1c2VfcmVhbF9uYW1lcyI7czoyOiJvbiI7czoxNzoibWFpbF9zbXRwYXV0aF9yZXEiO3M6MDoiIjtzOjEyOiJtYWlsX3NtdHBzc2wiO2k6MDtzOjI3OiJzdWdhcnBkZl9wZGZfZm9udF9uYW1lX21haW4iO3M6OToiaGVsdmV0aWNhIjtzOjI3OiJzdWdhcnBkZl9wZGZfZm9udF9zaXplX21haW4iO3M6MToiOCI7czoyNzoic3VnYXJwZGZfcGRmX2ZvbnRfbmFtZV9kYXRhIjtzOjk6ImhlbHZldGljYSI7czoyNzoic3VnYXJwZGZfcGRmX2ZvbnRfc2l6ZV9kYXRhIjtzOjE6IjgiO3M6MTU6ImVtYWlsX2xpbmtfdHlwZSI7czo1OiJzdWdhciI7czoxNzoiZW1haWxfc2hvd19jb3VudHMiO2k6MDtzOjIwOiJjYWxlbmRhcl9wdWJsaXNoX2tleSI7czozNjoiYzVmMWFkYWQtZDJkNi1kOTE3LTQ3YjctNTVmZjExNjM5OTc4IjtzOjE1OiJsb2dpbmV4cGlyYXRpb24iO3M6MToiMCI7czo3OiJsb2Nrb3V0IjtzOjA6IiI7czoxMToibG9naW5mYWlsZWQiO3M6MToiMCI7czoxMToiX19zdWdhcl91cmwiO3M6MTg6InYxMC9tZS9wcmVmZXJlbmNlcyI7czoxMDoidXNlcl90aGVtZSI7czo2OiJSYWNlclgiO3M6Mjc6IkRvY3VtZW50c19ET0NVTUVOVF9PUkRFUl9CWSI7czoxMzoiZG9jdW1lbnRfbmFtZSI7fQ==');
INSERT INTO `user_preferences`(`id`, `category`, `deleted`, `date_entered`, `date_modified`, `assigned_user_id`, `contents`) VALUES ('bda06aef-1fff-33d0-6e0c-564cf652e25f', 'sq_EmployeesQ', 0, '2015-11-18 22:07:14', '2015-11-18 22:07:14', '9a48e52f-b35d-e19e-2063-564cd065517d', 'YToxOntzOjEwOiJFbXBsb3llZXNRIjthOjQ6e3M6NjoibW9kdWxlIjtzOjk6IkVtcGxveWVlcyI7czo2OiJhY3Rpb24iO3M6NToiaW5kZXgiO3M6NToicXVlcnkiO3M6NDoidHJ1ZSI7czo4OiJid2NGcmFtZSI7czoxOiIxIjt9fQ==');
INSERT INTO `user_preferences`(`id`, `category`, `deleted`, `date_entered`, `date_modified`, `assigned_user_id`, `contents`) VALUES ('bf73eb06-2ba9-ad78-3372-54feab1a1bbe', 'ETag', 0, '2015-03-10 08:29:52', '2019-03-14 05:49:52', '1bbcf81e-eae2-77f1-471b-54fe9e97fab7', 'YToxOntzOjEyOiJtYWluTWVudUVUYWciO2k6OTt9');
INSERT INTO `user_preferences`(`id`, `category`, `deleted`, `date_entered`, `date_modified`, `assigned_user_id`, `contents`) VALUES ('c0628367-fa63-8b28-8ffd-564cf6c3d5c6', 'Employees2_EMPLOYEE', 0, '2015-11-18 22:07:14', '2015-11-18 22:07:14', '9a48e52f-b35d-e19e-2063-564cd065517d', 'YToxOntzOjEzOiJsaXN0dmlld09yZGVyIjthOjI6e3M6Nzoib3JkZXJCeSI7czoxMjoiZGF0ZV9lbnRlcmVkIjtzOjk6InNvcnRPcmRlciI7czo0OiJERVNDIjt9fQ==');
INSERT INTO `user_preferences`(`id`, `category`, `deleted`, `date_entered`, `date_modified`, `assigned_user_id`, `contents`) VALUES ('c563d42d-b318-114a-42a9-5508b577cea7', 'Calls2_CALL', 0, '2015-03-17 23:14:14', '2015-03-17 23:14:14', '52fb44da-36d7-1130-4e44-5508b4176df7', 'YToxOntzOjEzOiJsaXN0dmlld09yZGVyIjthOjI6e3M6Nzoib3JkZXJCeSI7czoxMjoiZGF0ZV9lbnRlcmVkIjtzOjk6InNvcnRPcmRlciI7czo0OiJERVNDIjt9fQ==');
INSERT INTO `user_preferences`(`id`, `category`, `deleted`, `date_entered`, `date_modified`, `assigned_user_id`, `contents`) VALUES ('d18038d0-f6bb-f94f-e91b-5642c1c74542', 'ETag', 0, '2015-11-11 04:17:51', '2015-11-11 04:20:05', '25b2d28e-80a4-5e57-9a7d-5642c1ea2b68', 'YToxOntzOjEyOiJtYWluTWVudUVUYWciO2k6MTt9');
INSERT INTO `user_preferences`(`id`, `category`, `deleted`, `date_entered`, `date_modified`, `assigned_user_id`, `contents`) VALUES ('d51d072b-89c2-9ef9-297c-55f0e7d6708d', 'Calls2_CALL', 0, '2015-09-10 02:12:42', '2015-09-10 02:15:04', '1', 'YToxOntzOjEzOiJsaXN0dmlld09yZGVyIjthOjI6e3M6Nzoib3JkZXJCeSI7czoxMDoiZGF0ZV9zdGFydCI7czo5OiJzb3J0T3JkZXIiO3M6MzoiQVNDIjt9fQ==');
INSERT INTO `user_preferences`(`id`, `category`, `deleted`, `date_entered`, `date_modified`, `assigned_user_id`, `contents`) VALUES ('d8625203-8f93-ff7d-7493-558cbe413e8b', 'sq_ReportsQ', 0, '2015-06-26 02:50:59', '2015-11-05 20:42:46', '28e00331-5e20-77ca-d748-5508b7a05aad', 'YToxOntzOjg6IlJlcG9ydHNRIjthOjE4OntzOjEzOiJzZWFyY2hGb3JtVGFiIjtzOjE1OiJhZHZhbmNlZF9zZWFyY2giO3M6NjoibW9kdWxlIjtzOjc6IlJlcG9ydHMiO3M6NjoiYWN0aW9uIjtzOjU6ImluZGV4IjtzOjU6InF1ZXJ5IjtzOjQ6InRydWUiO3M6NDoibmFtZSI7czowOiIiO3M6MTM6InJlcG9ydF9tb2R1bGUiO2E6MTp7aTowO3M6MjI6ImJiY3JtX0ludGVydmFsUmVhZGluZ3MiO31zOjExOiJyZXBvcnRfdHlwZSI7YToxOntpOjA7czo3OiJ0YWJ1bGFyIjt9czoxNjoiYXNzaWduZWRfdXNlcl9pZCI7YToxOntpOjA7czozNjoiMjhlMDAzMzEtNWUyMC03N2NhLWQ3NDgtNTUwOGI3YTA1YWFkIjt9czo3OiJ0ZWFtX2lkIjthOjE6e2k6MDtzOjM2OiIzMzcxYTA2OS1jOGQyLTRjZjUtMDM0Ni01NTA4YjdkNTNkMDciO31zOjk6InNob3dTU0RJViI7czoyOiJubyI7czoxNzoic2F2ZWRfc2VhcmNoX25hbWUiO3M6MTk6InN0b2NrbGFuZCB3ZXRoZXJpbGwiO3M6MTM6InNlYXJjaF9tb2R1bGUiO3M6MDoiIjtzOjE5OiJzYXZlZF9zZWFyY2hfYWN0aW9uIjtzOjA6IiI7czoxNDoiZGlzcGxheUNvbHVtbnMiO3M6NzQ6Ik5BTUV8TU9EVUxFfFJFUE9SVF9UWVBFX1RSQU5TfEFTU0lHTkVEX1VTRVJfTkFNRXxJU19TQ0hFRFVMRUR8REFURV9FTlRFUkVEIjtzOjg6ImhpZGVUYWJzIjtzOjk6IlRFQU1fTkFNRSI7czo5OiJzb3J0T3JkZXIiO3M6MzoiQVNDIjtzOjY6ImJ1dHRvbiI7czo2OiJTZWFyY2giO3M6MTk6InNhdmVkX3NlYXJjaF9zZWxlY3QiO3M6NToiX25vbmUiO319');
INSERT INTO `user_preferences`(`id`, `category`, `deleted`, `date_entered`, `date_modified`, `assigned_user_id`, `contents`) VALUES ('d86e2e1d-60ea-6a76-7c68-55ee5094e491', 'EmailTemplates2_EMAILTEMPLATE', 0, '2015-09-08 03:03:35', '2015-09-08 03:03:35', '52fb44da-36d7-1130-4e44-5508b4176df7', 'YToxOntzOjEzOiJsaXN0dmlld09yZGVyIjthOjI6e3M6Nzoib3JkZXJCeSI7czoxMjoiZGF0ZV9lbnRlcmVkIjtzOjk6InNvcnRPcmRlciI7czo0OiJERVNDIjt9fQ==');
INSERT INTO `user_preferences`(`id`, `category`, `deleted`, `date_entered`, `date_modified`, `assigned_user_id`, `contents`) VALUES ('db5540b9-8463-0acd-3978-5578d31dd387', 'Reports2_SAVEDREPORT', 0, '2015-06-11 00:16:39', '2015-06-11 00:16:39', '52fb44da-36d7-1130-4e44-5508b4176df7', 'YToxOntzOjEzOiJsaXN0dmlld09yZGVyIjthOjI6e3M6Nzoib3JkZXJCeSI7czoyNjoic2F2ZWRfcmVwb3J0cy5kYXRlX2VudGVyZWQiO3M6OToic29ydE9yZGVyIjtzOjQ6IkRFU0MiO319');
INSERT INTO `user_preferences`(`id`, `category`, `deleted`, `date_entered`, `date_modified`, `assigned_user_id`, `contents`) VALUES ('db84dfae-900f-25e6-ebda-55f0d29c1de5', 'Users2_USER', 0, '2015-09-10 00:46:30', '2015-09-10 00:46:30', '1bbcf81e-eae2-77f1-471b-54fe9e97fab7', 'YToxOntzOjEzOiJsaXN0dmlld09yZGVyIjthOjI6e3M6Nzoib3JkZXJCeSI7czoxMjoiZGF0ZV9lbnRlcmVkIjtzOjk6InNvcnRPcmRlciI7czo0OiJERVNDIjt9fQ==');
INSERT INTO `user_preferences`(`id`, `category`, `deleted`, `date_entered`, `date_modified`, `assigned_user_id`, `contents`) VALUES ('e32f66c0-8acd-f4ba-184a-5647e9918b8a', 'PdfManager2_PDFMANAGER', 0, '2015-11-15 02:12:02', '2015-11-15 02:12:02', '1bbcf81e-eae2-77f1-471b-54fe9e97fab7', 'YToxOntzOjEzOiJsaXN0dmlld09yZGVyIjthOjI6e3M6Nzoib3JkZXJCeSI7czoxMjoiZGF0ZV9lbnRlcmVkIjtzOjk6InNvcnRPcmRlciI7czo0OiJERVNDIjt9fQ==');
INSERT INTO `user_preferences`(`id`, `category`, `deleted`, `date_entered`, `date_modified`, `assigned_user_id`, `contents`) VALUES ('e5bac477-4cfd-ddbe-4cf6-55caccca815e', 'ACLRoles2_ACLROLE', 0, '2015-08-12 04:31:00', '2015-08-12 04:31:00', '1', 'YToxOntzOjEzOiJsaXN0dmlld09yZGVyIjthOjI6e3M6Nzoib3JkZXJCeSI7czoxMjoiZGF0ZV9lbnRlcmVkIjtzOjk6InNvcnRPcmRlciI7czo0OiJERVNDIjt9fQ==');
INSERT INTO `user_preferences`(`id`, `category`, `deleted`, `date_entered`, `date_modified`, `assigned_user_id`, `contents`) VALUES ('ef05071b-9d24-365e-6a82-5508b516ec77', 'Emails', 0, '2015-03-17 23:14:01', '2015-07-13 03:00:34', '52fb44da-36d7-1130-4e44-5508b4176df7', 'YTozOntzOjE1OiJlbWFpbDJQcmVmbGlnaHQiO2I6MTtzOjExOiJmb2N1c0ZvbGRlciI7czoxMDE6ImE6Mjp7czo0OiJpZUlkIjtzOjM2OiJlMjA0YTc3Yy1hZjg2LTZhMTMtNTY3NC01NTA4YjUyYTA0N2EiO3M6NjoiZm9sZGVyIjtzOjE5OiJTVUdBUi5NeSBTZW50IEVtYWlsIjt9IjtzOjE1OiJmb2xkZXJTb3J0T3JkZXIiO3M6MTUyOiJhOjE6e3M6MzY6ImUyMDRhNzdjLWFmODYtNmExMy01Njc0LTU1MDhiNTJhMDQ3YSI7YToxOntzOjEzOiJNeSBTZW50IEVtYWlsIjthOjE6e3M6NzoiY3VycmVudCI7YToyOntzOjQ6InNvcnQiO3M6NDoiZGF0ZSI7czo5OiJkaXJlY3Rpb24iO3M6NDoiZGVzYyI7fX19fSI7fQ==');
INSERT INTO `user_preferences`(`id`, `category`, `deleted`, `date_entered`, `date_modified`, `assigned_user_id`, `contents`) VALUES ('f566055b-a9fb-8bc4-7257-54fe9e1acf05', 'sq_UsersQ', 0, '2015-03-10 07:32:19', '2015-03-10 07:32:19', '1', 'YTowOnt9');

-- ensure the latest ATB details are calculated
CALL sp_snp_account_atb_all(NOW());

-- ensure that the transaction snapshot are recalculated for all accounts
CALL sp_snp_account_transactions_all("1970-01-01");


SET SQL_MODE=@OLD_SQL_MODE ;
SET FOREIGN_KEY_CHECKS=@OLD_FOREIGN_KEY_CHECKS ;
SET UNIQUE_CHECKS=@OLD_UNIQUE_CHECKS ;
SET SQL_NOTES=@OLD_SQL_NOTES ;
